2021-11-02,14:00:00,104.7
2021-11-02,14:10:00,105.5
2021-11-02,14:20:00,106.4
2021-11-02,14:30:00,102
2021-11-02,14:40:00,101.8
2021-11-02,14:50:00,100.7
2021-11-02,15:00:00,93.86
2021-11-02,15:10:00,93.43
2021-11-02,15:20:00,99.12
2021-11-02,15:30:00,93.16
2021-11-02,15:40:00,92.74
2021-11-02,15:50:00,89.32
2021-11-02,16:00:00,90.01
2021-11-02,16:10:00,94.36
2021-11-02,16:20:00,92.78
2021-11-02,16:30:00,89.72
2021-11-02,16:40:00,89.09
2021-11-02,16:50:00,93.9
2021-11-02,17:00:00,89.67
2021-11-02,17:10:00,91.34
2021-11-02,17:20:00,92.67
2021-11-02,17:30:00,90.23
2021-11-02,17:40:00,90.94
2021-11-02,17:50:00,91.14
2021-11-02,18:00:00,91.06
2021-11-02,18:10:00,86.48
2021-11-02,18:20:00,91.02
2021-11-02,18:30:00,87.6
2021-11-02,18:40:00,89.79
2021-11-02,18:50:00,88.63
2021-11-02,19:00:00,90.26
2021-11-02,19:10:00,87.57
2021-11-02,19:20:00,87.14
2021-11-02,19:30:00,88.71
2021-11-02,19:40:00,90.09
2021-11-02,19:50:00,84.54
2021-11-02,20:00:00,89.14
2021-11-02,20:10:00,89.29
2021-11-02,20:20:00,88.21
2021-11-02,20:30:00,89.84
2021-11-02,20:40:00,87.92
2021-11-02,20:50:00,90.92
2021-11-02,21:00:00,87.19
2021-11-02,21:10:00,89.07
2021-11-02,21:20:00,86.52
2021-11-02,21:30:00,88.2
2021-11-02,21:40:00,87.84
2021-11-02,21:50:00,87.2
2021-11-02,22:00:00,87.8
2021-11-02,22:10:00,86.6
2021-11-02,22:20:00,90.27
2021-11-02,22:30:00,87.7
2021-11-02,22:40:00,87.63
2021-11-02,22:50:00,91.31
2021-11-02,23:00:00,85.9
2021-11-02,23:10:00,87.5
2021-11-02,23:20:00,86.35
2021-11-02,23:30:00,87.35
2021-11-02,23:40:00,85.66
2021-11-02,23:50:00,88.35
2021-11-03,00:00:00,87.25
2021-11-03,00:10:00,86.61
2021-11-03,00:20:00,88.99
2021-11-03,00:30:00,87.04
2021-11-03,00:40:00,90.84
2021-11-03,00:50:00,89.43
2021-11-03,01:00:00,89.85
2021-11-03,01:10:00,86.96
2021-11-03,01:20:00,85.42
2021-11-03,01:30:00,88.56
2021-11-03,01:40:00,87.41
2021-11-03,01:50:00,91.38
2021-11-03,02:00:00,87.41
2021-11-03,02:10:00,88.34
2021-11-03,02:20:00,88.45
2021-11-03,02:30:00,88.89
2021-11-03,02:40:00,87.47
2021-11-03,02:50:00,89.71
2021-11-03,03:00:00,88.82
2021-11-03,03:10:00,90.14
2021-11-03,03:20:00,87.83
2021-11-03,03:30:00,87.15
2021-11-03,03:40:00,92.08
2021-11-03,03:50:00,89.77
2021-11-03,04:00:00,85.74
2021-11-03,04:10:00,89.06
2021-11-03,04:20:00,91.94
2021-11-03,04:30:00,87.88
2021-11-03,04:40:00,87.89
2021-11-03,04:50:00,92.05
2021-11-03,05:00:00,88.86
2021-11-03,05:10:00,90.77
2021-11-03,05:20:00,89.88
2021-11-03,05:30:00,90.06
2021-11-03,05:40:00,86.83
2021-11-03,05:50:00,91.33
2021-11-03,06:00:00,89.27
2021-11-03,06:10:00,90.33
2021-11-03,06:20:00,89.89
2021-11-03,06:30:00,88.58
2021-11-03,06:40:00,88.64
2021-11-03,06:50:00,86.71
2021-11-03,07:00:00,88.27
2021-11-03,07:10:00,87.02
2021-11-03,07:20:00,90.98
2021-11-03,07:30:00,87.13
2021-11-03,07:40:00,88.9
2021-11-03,07:50:00,89.86
2021-11-03,08:00:00,87.42
2021-11-03,08:10:00,88.3
2021-11-03,08:20:00,90.43
2021-11-03,08:30:00,90.84
2021-11-03,08:40:00,86.09
2021-11-03,08:50:00,87
2021-11-03,09:00:00,86.04
2021-11-03,09:10:00,88.12
2021-11-03,09:20:00,87.53
2021-11-03,09:30:00,85.23
2021-11-03,09:40:00,87.69
2021-11-03,09:50:00,87.28
2021-11-03,10:00:00,89.71
2021-11-03,10:10:00,89.56
2021-11-03,10:20:00,90.19
2021-11-03,10:30:00,89.17
2021-11-03,10:40:00,87.01
2021-11-03,10:50:00,88.19
2021-11-03,11:00:00,89.12
2021-11-03,11:10:00,88.97
2021-11-03,11:20:00,88.62
2021-11-03,11:30:00,88.12
2021-11-03,11:40:00,89.26
2021-11-03,11:50:00,88.44
2021-11-03,12:00:00,88.19
2021-11-03,12:10:00,88.33
2021-11-03,12:20:00,88.07
2021-11-03,12:30:00,87.86
2021-11-03,12:40:00,89.94
2021-11-03,12:50:00,87.57
2021-11-03,13:00:00,88.09
2021-11-03,13:10:00,87.01
2021-11-03,13:20:00,87.31
2021-11-03,13:30:00,88.13
2021-11-03,13:40:00,88.76
2021-11-03,13:50:00,85.81
2021-11-03,14:00:00,89.57
2021-11-03,14:10:00,91.03
2021-11-03,14:20:00,88.13
2021-11-03,14:30:00,90.68
2021-11-03,14:40:00,87.86
2021-11-03,14:50:00,91.41
2021-11-03,15:00:00,88.86
2021-11-03,15:10:00,87.82
2021-11-03,15:20:00,85.3
2021-11-03,15:30:00,89.05
2021-11-03,15:40:00,86.57
2021-11-03,15:50:00,88.02
2021-11-03,16:00:00,92.27
2021-11-03,16:10:00,90.49
2021-11-03,16:20:00,89.25
2021-11-03,16:30:00,87.39
2021-11-03,16:40:00,88.07
2021-11-03,16:50:00,88.08
2021-11-03,17:00:00,88.15
2021-11-03,17:10:00,91
2021-11-03,17:20:00,89.77
2021-11-03,17:30:00,87.55
2021-11-03,17:40:00,87.94
2021-11-03,17:50:00,91.08
2021-11-03,18:00:00,89.22
2021-11-03,18:10:00,89.44
2021-11-03,18:20:00,87.85
2021-11-03,18:30:00,90.12
2021-11-03,18:40:00,89.97
2021-11-03,18:50:00,86.81
2021-11-03,19:00:00,89.43
2021-11-03,19:10:00,86.71
2021-11-03,19:20:00,90.44
2021-11-03,19:30:00,87.86
2021-11-03,19:40:00,90.03
2021-11-03,19:50:00,86.95
2021-11-03,20:00:00,87.41
2021-11-03,20:10:00,88.99
2021-11-03,20:20:00,91.59
2021-11-03,20:30:00,90.87
2021-11-03,20:40:00,88.2
2021-11-03,20:50:00,91.75
2021-11-03,21:00:00,89.05
2021-11-03,21:10:00,88.64
2021-11-03,21:20:00,88.91
2021-11-03,21:30:00,86.65
2021-11-03,21:40:00,86.37
2021-11-03,21:50:00,87.27
2021-11-03,22:00:00,90.93
2021-11-03,22:10:00,90.44
2021-11-03,22:20:00,90.39
2021-11-03,22:30:00,87.62
2021-11-03,22:40:00,90.92
2021-11-03,22:50:00,89.78
2021-11-03,23:00:00,88.41
2021-11-03,23:10:00,90.97
2021-11-03,23:20:00,87.81
2021-11-03,23:30:00,86.85
2021-11-03,23:40:00,90.61
2021-11-03,23:50:00,88.21
2021-11-04,00:00:00,89.45
2021-11-04,00:10:00,86.28
2021-11-04,00:20:00,86.71
2021-11-04,00:30:00,90.3
2021-11-04,00:40:00,87.78
2021-11-04,00:50:00,89.29
2021-11-04,01:00:00,89.29
2021-11-04,01:10:00,86.24
2021-11-04,01:20:00,88.89
2021-11-04,01:30:00,89.24
2021-11-04,01:40:00,86.97
2021-11-04,01:50:00,85.68
2021-11-04,02:00:00,89.65
2021-11-04,02:10:00,89.32
2021-11-04,02:20:00,86.13
2021-11-04,02:30:00,88.8
2021-11-04,02:40:00,88.44
2021-11-04,02:50:00,89.02
2021-11-04,03:00:00,88.05
2021-11-04,03:10:00,88.19
2021-11-04,03:20:00,90.8
2021-11-04,03:30:00,91.87
2021-11-04,03:40:00,92.13
2021-11-04,03:50:00,90.8
2021-11-04,04:00:00,92.2
2021-11-04,04:10:00,86.82
2021-11-04,04:20:00,93.04
2021-11-04,04:30:00,90.99
2021-11-04,04:40:00,92
2021-11-04,04:50:00,89.75
2021-11-04,05:00:00,92.35
2021-11-04,05:10:00,90.16
2021-11-04,05:20:00,91.57
2021-11-04,05:30:00,93.43
2021-11-04,05:40:00,99.29
2021-11-04,05:50:00,93.39
2021-11-04,06:00:00,98.13
2021-11-04,06:10:00,96.16
2021-11-04,06:20:00,98.64
2021-11-04,06:30:00,101.1
2021-11-04,06:40:00,101.3
2021-11-04,06:50:00,105.5
2021-11-04,07:00:00,107.7
2021-11-04,07:10:00,105.4
2021-11-04,07:20:00,102.6
2021-11-04,07:30:00,102.9
2021-11-04,07:40:00,104.6
2021-11-04,07:50:00,101.5
2021-11-04,08:00:00,99.61
2021-11-04,08:10:00,99.07
2021-11-04,08:20:00,96.19
2021-11-04,08:30:00,98.3
2021-11-04,08:40:00,97.83
2021-11-04,08:50:00,97.43
2021-11-04,09:00:00,94.62
2021-11-04,09:10:00,89.86
2021-11-04,09:20:00,91.69
2021-11-04,09:30:00,92.4
2021-11-04,09:40:00,99.67
2021-11-04,09:50:00,95.4
2021-11-04,10:00:00,94.99
2021-11-04,10:10:00,98.56
2021-11-04,10:20:00,94.73
2021-11-04,10:30:00,96.12
2021-11-04,10:40:00,100
2021-11-04,10:50:00,99.39
2021-11-04,11:00:00,98.37
2021-11-04,11:10:00,102.3
2021-11-04,11:20:00,95.53
2021-11-04,11:30:00,88.98
2021-11-04,11:40:00,91.81
2021-11-04,11:50:00,90.79
2021-11-04,12:00:00,87.98
2021-11-04,12:10:00,93.36
2021-11-04,12:20:00,91.14
2021-11-04,12:30:00,89.66
2021-11-04,12:40:00,88.62
2021-11-04,12:50:00,85.78
2021-11-04,13:00:00,86.43
2021-11-04,13:10:00,88.66
2021-11-04,13:20:00,84.22
2021-11-04,13:30:00,88.31
2021-11-04,13:40:00,85.13
2021-11-04,13:50:00,86.51
2021-11-04,14:00:00,86.91
2021-11-04,14:10:00,88.96
2021-11-04,14:20:00,82.64
2021-11-04,14:30:00,85.84
2021-11-04,14:40:00,86.46
2021-11-04,14:50:00,88.53
2021-11-04,15:00:00,84.56
2021-11-04,15:10:00,86.05
2021-11-04,15:20:00,85.67
2021-11-04,15:30:00,85.55
2021-11-04,15:40:00,83.84
2021-11-04,15:50:00,83.41
2021-11-04,16:00:00,85.24
2021-11-04,16:10:00,84.88
2021-11-04,16:20:00,87.4
2021-11-04,16:30:00,86.29
2021-11-04,16:40:00,86.01
2021-11-04,16:50:00,85.28
2021-11-04,17:00:00,84.39
2021-11-04,17:10:00,82.32
2021-11-04,17:20:00,85.16
2021-11-04,17:30:00,87.15
2021-11-04,17:40:00,84.03
2021-11-04,17:50:00,82.24
2021-11-04,18:00:00,83.24
2021-11-04,18:10:00,87.45
2021-11-04,18:20:00,82.28
2021-11-04,18:30:00,85.46
2021-11-04,18:40:00,86.12
2021-11-04,18:50:00,87.46
2021-11-04,19:00:00,84.36
2021-11-04,19:10:00,83.36
2021-11-04,19:20:00,83.97
2021-11-04,19:30:00,86.54
2021-11-04,19:40:00,87.21
2021-11-04,19:50:00,88.16
2021-11-04,20:00:00,83.03
2021-11-04,20:10:00,86.66
2021-11-04,20:20:00,87.43
2021-11-04,20:30:00,88.03
2021-11-04,20:40:00,87.15
2021-11-04,20:50:00,86.16
2021-11-04,21:00:00,85.3
2021-11-04,21:10:00,81.05
2021-11-04,21:20:00,85.89
2021-11-04,21:30:00,82.34
2021-11-04,21:40:00,80.52
2021-11-04,21:50:00,83.53
2021-11-04,22:00:00,83.73
2021-11-04,22:10:00,84.13
2021-11-04,22:20:00,83.55
2021-11-04,22:30:00,81.41
2021-11-04,22:40:00,83.32
2021-11-04,22:50:00,83.04
2021-11-04,23:00:00,83.4
2021-11-04,23:10:00,84.92
2021-11-04,23:20:00,85.63
2021-11-04,23:30:00,86.34
2021-11-04,23:40:00,85
2021-11-04,23:50:00,86.57
2021-11-05,00:00:00,85.06
2021-11-05,00:10:00,84.04
2021-11-05,00:20:00,84.26
2021-11-05,00:30:00,86.52
2021-11-05,00:40:00,81.32
2021-11-05,00:50:00,83.75
2021-11-05,01:00:00,86.38
2021-11-05,01:10:00,86.73
2021-11-05,01:20:00,83.26
2021-11-05,01:30:00,88.33
2021-11-05,01:40:00,85.28
2021-11-05,01:50:00,86.69
2021-11-05,02:00:00,85.14
2021-11-05,02:10:00,86.55
2021-11-05,02:20:00,87.8
2021-11-05,02:30:00,86
2021-11-05,02:40:00,86.8
2021-11-05,02:50:00,84.24
2021-11-05,03:00:00,86.82
2021-11-05,03:10:00,89.47
2021-11-05,03:20:00,83.5
2021-11-05,03:30:00,89.4
2021-11-05,03:40:00,83.77
2021-11-05,03:50:00,84.12
2021-11-05,04:00:00,86.68
2021-11-05,04:10:00,88.21
2021-11-05,04:20:00,83.81
2021-11-05,04:30:00,86.27
2021-11-05,04:40:00,85.88
2021-11-05,04:50:00,88.18
2021-11-05,05:00:00,87.1
2021-11-05,05:10:00,85.72
2021-11-05,05:20:00,85.77
2021-11-05,05:30:00,88.82
2021-11-05,05:40:00,84.31
2021-11-05,05:50:00,86.85
2021-11-05,06:00:00,85.77
2021-11-05,06:10:00,88.9
2021-11-05,06:20:00,85.91
2021-11-05,06:30:00,85.65
2021-11-05,06:40:00,84.74
2021-11-05,06:50:00,85.42
2021-11-05,07:00:00,83.89
2021-11-05,07:10:00,85.06
2021-11-05,07:20:00,89.05
2021-11-05,07:30:00,84.72
2021-11-05,07:40:00,86.41
2021-11-05,07:50:00,88.11
2021-11-05,08:00:00,87.28
2021-11-05,08:10:00,85.66
2021-11-05,08:20:00,85.76
2021-11-05,08:30:00,84.71
2021-11-05,08:40:00,87.4
2021-11-05,08:50:00,86.4
2021-11-05,09:00:00,84.55
2021-11-05,09:10:00,85.38
2021-11-05,09:20:00,85.26
2021-11-05,09:30:00,81.98
2021-11-05,09:40:00,81.68
2021-11-05,09:50:00,80.12
2021-11-05,10:00:00,85.68
2021-11-05,10:10:00,84.79
2021-11-05,10:20:00,89.82
2021-11-05,10:30:00,82.7
2021-11-05,10:40:00,84.92
2021-11-05,10:50:00,84.56
2021-11-05,11:00:00,85.09
2021-11-05,11:10:00,86.39
2021-11-05,11:20:00,84.7
2021-11-05,11:30:00,87.42
2021-11-05,11:40:00,84.46
2021-11-05,11:50:00,84.39
2021-11-05,12:00:00,84.45
2021-11-05,12:10:00,82.78
2021-11-05,12:20:00,87.48
2021-11-05,12:30:00,86.05
2021-11-05,12:40:00,82.65
2021-11-05,12:50:00,87.98
2021-11-05,13:00:00,83.9
2021-11-05,13:10:00,83.93
2021-11-05,13:20:00,81.22
2021-11-05,13:30:00,85.83
2021-11-05,13:40:00,83.36
2021-11-05,13:50:00,86.12
2021-11-05,14:00:00,86.21
2021-11-05,14:10:00,85.23
2021-11-05,14:20:00,85.98
2021-11-05,14:30:00,88.88
2021-11-05,14:40:00,83.6
2021-11-05,14:50:00,84.82
2021-11-05,15:00:00,83.8
2021-11-05,15:10:00,83.61
2021-11-05,15:20:00,84.67
2021-11-05,15:30:00,85.7
2021-11-05,15:40:00,82.74
2021-11-05,15:50:00,84.7
2021-11-05,16:00:00,87.61
2021-11-05,16:10:00,85.58
2021-11-05,16:20:00,86.44
2021-11-05,16:30:00,83.5
2021-11-05,16:40:00,84.59
2021-11-05,16:50:00,82.5
2021-11-05,17:00:00,85.07
2021-11-05,17:10:00,84.41
2021-11-05,17:20:00,82.43
2021-11-05,17:30:00,82.37
2021-11-05,17:40:00,84.57
2021-11-05,17:50:00,86.28
2021-11-05,18:00:00,81.83
2021-11-05,18:10:00,85.72
2021-11-05,18:20:00,88.04
2021-11-05,18:30:00,84.14
2021-11-05,18:40:00,84.6
2021-11-05,18:50:00,83.31
2021-11-05,19:00:00,85.27
2021-11-05,19:10:00,87.3
2021-11-05,19:20:00,84.36
2021-11-05,19:30:00,82.78
2021-11-05,19:40:00,85.69
2021-11-05,19:50:00,86.35
2021-11-05,20:00:00,85.73
2021-11-05,20:10:00,83.53
2021-11-05,20:20:00,83.66
2021-11-05,20:30:00,85.99
2021-11-05,20:40:00,85.12
2021-11-05,20:50:00,83.55
2021-11-05,21:00:00,83.85
2021-11-05,21:10:00,88.29
2021-11-05,21:20:00,83.33
2021-11-05,21:30:00,83.09
2021-11-05,21:40:00,83.69
2021-11-05,21:50:00,86.15
2021-11-05,22:00:00,82.24
2021-11-05,22:10:00,87.11
2021-11-05,22:20:00,88.03
2021-11-05,22:30:00,86.04
2021-11-05,22:40:00,85.94
2021-11-05,22:50:00,82.93
2021-11-05,23:00:00,85.31
2021-11-05,23:10:00,85.81
2021-11-05,23:20:00,83.67
2021-11-05,23:30:00,84.15
2021-11-05,23:40:00,87.55
2021-11-05,23:50:00,83.29
2021-11-06,00:00:00,86.54
2021-11-06,00:10:00,87.6
2021-11-06,00:20:00,85.81
2021-11-06,00:30:00,87.74
2021-11-06,00:40:00,84.61
2021-11-06,00:50:00,82.84
2021-11-06,01:00:00,84.54
2021-11-06,01:10:00,83.66
2021-11-06,01:20:00,83.91
2021-11-06,01:30:00,85.25
2021-11-06,01:40:00,85.57
2021-11-06,01:50:00,81.38
2021-11-06,02:00:00,84.94
2021-11-06,02:10:00,83.72
2021-11-06,02:20:00,85.65
2021-11-06,02:30:00,86.75
2021-11-06,02:40:00,82.53
2021-11-06,02:50:00,83.99
2021-11-06,03:00:00,85.99
2021-11-06,03:10:00,83.92
2021-11-06,03:20:00,85.71
2021-11-06,03:30:00,86.68
2021-11-06,03:40:00,84.99
2021-11-06,03:50:00,86.86
2021-11-06,04:00:00,83.11
2021-11-06,04:10:00,86.55
2021-11-06,04:20:00,85.01
2021-11-06,04:30:00,83.35
2021-11-06,04:40:00,82.91
2021-11-06,04:50:00,82.07
2021-11-06,05:00:00,85.42
2021-11-06,05:10:00,87.41
2021-11-06,05:20:00,86.36
2021-11-06,05:30:00,84.65
2021-11-06,05:40:00,82.99
2021-11-06,05:50:00,83.48
2021-11-06,06:00:00,85.67
2021-11-06,06:10:00,88.08
2021-11-06,06:20:00,88.78
2021-11-06,06:30:00,84.98
2021-11-06,06:40:00,84.18
2021-11-06,06:50:00,83.94
2021-11-06,07:00:00,86.82
2021-11-06,07:10:00,86.79
2021-11-06,07:20:00,85.31
2021-11-06,07:30:00,85.09
2021-11-06,07:40:00,83.45
2021-11-06,07:50:00,86.21
2021-11-06,08:00:00,85.16
2021-11-06,08:10:00,83.64
2021-11-06,08:20:00,86.34
2021-11-06,08:30:00,86.79
2021-11-06,08:40:00,86.25
2021-11-06,08:50:00,87.86
2021-11-06,09:00:00,88.36
2021-11-06,09:10:00,86.14
2021-11-06,09:20:00,86.16
2021-11-06,09:30:00,86.25
2021-11-06,09:40:00,88
2021-11-06,09:50:00,84.8
2021-11-06,10:00:00,84.62
2021-11-06,10:10:00,84.11
2021-11-06,10:20:00,87.95
2021-11-06,10:30:00,84.69
2021-11-06,10:40:00,82.59
2021-11-06,10:50:00,87.61
2021-11-06,11:00:00,85.71
2021-11-06,11:10:00,88.18
2021-11-06,11:20:00,86.04
2021-11-06,11:30:00,86.44
2021-11-06,11:40:00,85.71
2021-11-06,11:50:00,85.83
2021-11-06,12:00:00,85.91
2021-11-06,12:10:00,81.57
2021-11-06,12:20:00,85.17
2021-11-06,12:30:00,82.28
2021-11-06,12:40:00,85.03
2021-11-06,12:50:00,87.66
2021-11-06,13:00:00,87.7
2021-11-06,13:10:00,84.46
2021-11-06,13:20:00,83.84
2021-11-06,13:30:00,86.47
2021-11-06,13:40:00,82.01
2021-11-06,13:50:00,87.89
2021-11-06,14:00:00,86.41
2021-11-06,14:10:00,84.38
2021-11-06,14:20:00,85.16
2021-11-06,14:30:00,86.14
2021-11-06,14:40:00,86.6
2021-11-06,14:50:00,84.47
2021-11-06,15:00:00,85.42
2021-11-06,15:10:00,87.51
2021-11-06,15:20:00,83.08
2021-11-06,15:30:00,85.52
2021-11-06,15:40:00,83.33
2021-11-06,15:50:00,85.41
2021-11-06,16:00:00,84.82
2021-11-06,16:10:00,85.2
2021-11-06,16:20:00,82.3
2021-11-06,16:30:00,85.31
2021-11-06,16:40:00,85.44
2021-11-06,16:50:00,83.84
2021-11-06,17:00:00,84.14
2021-11-06,17:10:00,86.45
2021-11-06,17:20:00,85.41
2021-11-06,17:30:00,83.32
2021-11-06,17:40:00,85.86
2021-11-06,17:50:00,83.19
2021-11-06,18:00:00,84.2
2021-11-06,18:10:00,83.51
2021-11-06,18:20:00,84.25
2021-11-06,18:30:00,84.76
2021-11-06,18:40:00,84.45
2021-11-06,18:50:00,85.22
2021-11-06,19:00:00,86.17
2021-11-06,19:10:00,84.17
2021-11-06,19:20:00,85.27
2021-11-06,19:30:00,84.82
2021-11-06,19:40:00,82.54
2021-11-06,19:50:00,82.78
2021-11-06,20:00:00,89.21
2021-11-06,20:10:00,85.14
2021-11-06,20:20:00,86.86
2021-11-06,20:30:00,85.4
2021-11-06,20:40:00,85.22
2021-11-06,20:50:00,83.24
2021-11-06,21:00:00,82.79
2021-11-06,21:10:00,86.21
2021-11-06,21:20:00,82.39
2021-11-06,21:30:00,87.37
2021-11-06,21:40:00,85.5
2021-11-06,21:50:00,85.33
2021-11-06,22:00:00,87.07
2021-11-06,22:10:00,86.89
2021-11-06,22:20:00,84.23
2021-11-06,22:30:00,84.14
2021-11-06,22:40:00,85.52
2021-11-06,22:50:00,87.88
2021-11-06,23:00:00,86.09
2021-11-06,23:10:00,85.94
2021-11-06,23:20:00,85.26
2021-11-06,23:30:00,86.9
2021-11-06,23:40:00,85.07
2021-11-06,23:50:00,87.02
2021-11-07,00:00:00,84.39
2021-11-07,00:10:00,88.18
2021-11-07,00:20:00,88.15
2021-11-07,00:30:00,87.4
2021-11-07,00:40:00,83.63
2021-11-07,00:50:00,87.62
2021-11-07,01:00:00,87.71
2021-11-07,01:10:00,83.49
2021-11-07,01:20:00,84.99
2021-11-07,01:30:00,82.17
2021-11-07,01:40:00,86.08
2021-11-07,01:50:00,87.56
2021-11-07,02:00:00,82.43
2021-11-07,02:10:00,86.69
2021-11-07,02:20:00,88.11
2021-11-07,02:30:00,88.45
2021-11-07,02:40:00,86.97
2021-11-07,02:50:00,83.48
2021-11-07,03:00:00,84.26
2021-11-07,03:10:00,87.1
2021-11-07,03:20:00,84.07
2021-11-07,03:30:00,85.55
2021-11-07,03:40:00,86.97
2021-11-07,03:50:00,85.62
2021-11-07,04:00:00,86.15
2021-11-07,04:10:00,85.58
2021-11-07,04:20:00,86.19
2021-11-07,04:30:00,89.8
2021-11-07,04:40:00,89.9
2021-11-07,04:50:00,85.2
2021-11-07,05:00:00,85.04
2021-11-07,05:10:00,85.22
2021-11-07,05:20:00,84.52
2021-11-07,05:30:00,88.43
2021-11-07,05:40:00,84.02
2021-11-07,05:50:00,86.78
2021-11-07,06:00:00,86.37
2021-11-07,06:10:00,86.65
2021-11-07,06:20:00,85.95
2021-11-07,06:30:00,87.16
2021-11-07,06:40:00,88.19
2021-11-07,06:50:00,88.3
2021-11-07,07:00:00,87.93
2021-11-07,07:10:00,88.11
2021-11-07,07:20:00,87.1
2021-11-07,07:30:00,84.27
2021-11-07,07:40:00,86.91
2021-11-07,07:50:00,89.86
2021-11-07,08:00:00,91.05
2021-11-07,08:10:00,84.24
2021-11-07,08:20:00,84.39
2021-11-07,08:30:00,87.83
2021-11-07,08:40:00,88.52
2021-11-07,08:50:00,87.82
2021-11-07,09:00:00,87.81
2021-11-07,09:10:00,86.4
2021-11-07,09:20:00,86.47
2021-11-07,09:30:00,89.38
2021-11-07,09:40:00,87.33
2021-11-07,09:50:00,86.14
2021-11-07,10:00:00,88.12
2021-11-07,10:10:00,82.35
2021-11-07,10:20:00,84.28
2021-11-07,10:30:00,84.66
2021-11-07,10:40:00,84.91
2021-11-07,10:50:00,85.61
2021-11-07,11:00:00,87.05
2021-11-07,11:10:00,86.89
2021-11-07,11:20:00,87.28
2021-11-07,11:30:00,86.56
2021-11-07,11:40:00,85.18
2021-11-07,11:50:00,87.49
2021-11-07,12:00:00,84.44
2021-11-07,12:10:00,83.17
2021-11-07,12:20:00,87.66
2021-11-07,12:30:00,82.98
2021-11-07,12:40:00,87.5
2021-11-07,12:50:00,84.99
2021-11-07,13:00:00,84.9
2021-11-07,13:10:00,86.36
2021-11-07,13:20:00,85.45
2021-11-07,13:30:00,85.3
2021-11-07,13:40:00,84.77
2021-11-07,13:50:00,82.71
2021-11-07,14:00:00,86.04
2021-11-07,14:10:00,86.96
2021-11-07,14:20:00,86.56
2021-11-07,14:30:00,86.57
2021-11-07,14:40:00,87.64
2021-11-07,14:50:00,88.18
2021-11-07,15:00:00,86.42
2021-11-07,15:10:00,87.77
2021-11-07,15:20:00,86.7
2021-11-07,15:30:00,87.76
2021-11-07,15:40:00,83.72
2021-11-07,15:50:00,84.09
2021-11-07,16:00:00,85.82
2021-11-07,16:10:00,84.11
2021-11-07,16:20:00,86.5
2021-11-07,16:30:00,85.54
2021-11-07,16:40:00,83.67
2021-11-07,16:50:00,88.7
2021-11-07,17:00:00,83.91
2021-11-07,17:10:00,84.45
2021-11-07,17:20:00,88.24
2021-11-07,17:30:00,86.26
2021-11-07,17:40:00,87.56
2021-11-07,17:50:00,84.06
2021-11-07,18:00:00,87.34
2021-11-07,18:10:00,88.32
2021-11-07,18:20:00,87.39
2021-11-07,18:30:00,85.7
2021-11-07,18:40:00,85.2
2021-11-07,18:50:00,86.66
2021-11-07,19:00:00,84.65
2021-11-07,19:10:00,88.93
2021-11-07,19:20:00,86.42
2021-11-07,19:30:00,87.06
2021-11-07,19:40:00,84.9
2021-11-07,19:50:00,86.32
2021-11-07,20:00:00,86.94
2021-11-07,20:10:00,84.95
2021-11-07,20:20:00,84.11
2021-11-07,20:30:00,88.21
2021-11-07,20:40:00,85.15
2021-11-07,20:50:00,86.2
2021-11-07,21:00:00,90.23
2021-11-07,21:10:00,85.57
2021-11-07,21:20:00,85.51
2021-11-07,21:30:00,84.98
2021-11-07,21:40:00,84.97
2021-11-07,21:50:00,87.1
2021-11-07,22:00:00,87.1
2021-11-07,22:10:00,83.63
2021-11-07,22:20:00,86.6
2021-11-07,22:30:00,88.01
2021-11-07,22:40:00,85.42
2021-11-07,22:50:00,88.38
2021-11-07,23:00:00,87.62
2021-11-07,23:10:00,90.08
2021-11-07,23:20:00,87.32
2021-11-07,23:30:00,86.54
2021-11-07,23:40:00,84.16
2021-11-07,23:50:00,85.15
2021-11-08,00:00:00,84.96
2021-11-08,00:10:00,83.49
2021-11-08,00:20:00,86.72
2021-11-08,00:30:00,86.41
2021-11-08,00:40:00,87.79
2021-11-08,00:50:00,85.35
2021-11-08,01:00:00,86.02
2021-11-08,01:10:00,88.53
2021-11-08,01:20:00,90.09
2021-11-08,01:30:00,85.8
2021-11-08,01:40:00,88.17
2021-11-08,01:50:00,85.43
2021-11-08,02:00:00,87.98
2021-11-08,02:10:00,87.78
2021-11-08,02:20:00,84.67
2021-11-08,02:30:00,83.76
2021-11-08,02:40:00,86.3
2021-11-08,02:50:00,86.29
2021-11-08,03:00:00,89.45
2021-11-08,03:10:00,87.16
2021-11-08,03:20:00,87.65
2021-11-08,03:30:00,86.62
2021-11-08,03:40:00,85.42
2021-11-08,03:50:00,86.8
2021-11-08,04:00:00,87.92
2021-11-08,04:10:00,88.94
2021-11-08,04:20:00,86.6
2021-11-08,04:30:00,87.88
2021-11-08,04:40:00,90.44
2021-11-08,04:50:00,86.45
2021-11-08,05:00:00,87.35
2021-11-08,05:10:00,89.17
2021-11-08,05:20:00,85.86
2021-11-08,05:30:00,88.16
2021-11-08,05:40:00,84.62
2021-11-08,05:50:00,88.39
2021-11-08,06:00:00,84.79
2021-11-08,06:10:00,86.13
2021-11-08,06:20:00,89.02
2021-11-08,06:30:00,87.82
2021-11-08,06:40:00,85.26
2021-11-08,06:50:00,87.58
2021-11-08,07:00:00,88.67
2021-11-08,07:10:00,84.62
2021-11-08,07:20:00,91.55
2021-11-08,07:30:00,82.94
2021-11-08,07:40:00,89.88
2021-11-08,07:50:00,85.73
2021-11-08,08:00:00,86.23
2021-11-08,08:10:00,87.54
2021-11-08,08:20:00,86.27
2021-11-08,08:30:00,86.86
2021-11-08,08:40:00,86.42
2021-11-08,08:50:00,85.1
2021-11-08,09:00:00,88.83
2021-11-08,09:10:00,83.74
2021-11-08,09:20:00,83.33
2021-11-08,09:30:00,87.54
2021-11-08,09:40:00,88.01
2021-11-08,09:50:00,91.12
2021-11-08,10:00:00,86.83
2021-11-08,10:10:00,85.5
2021-11-08,10:20:00,90.52
2021-11-08,10:30:00,84.17
2021-11-08,10:40:00,82.76
2021-11-08,10:50:00,86.2
2021-11-08,11:00:00,86.72
2021-11-08,11:10:00,86.91
2021-11-08,11:20:00,83.73
2021-11-08,11:30:00,87.92
2021-11-08,11:40:00,85.79
2021-11-08,11:50:00,87.15
2021-11-08,12:00:00,85.48
2021-11-08,12:10:00,83.7
2021-11-08,12:20:00,82.61
2021-11-08,12:30:00,86.13
2021-11-08,12:40:00,87.36
2021-11-08,12:50:00,86.15
2021-11-08,13:00:00,86.05
2021-11-08,13:10:00,86.49
2021-11-08,13:20:00,88.75
2021-11-08,13:30:00,82.45
2021-11-08,13:40:00,85.49
2021-11-08,13:50:00,83.78
2021-11-08,14:00:00,86.18
2021-11-08,14:10:00,86.74
2021-11-08,14:20:00,87.6
2021-11-08,14:30:00,87.19
2021-11-08,14:40:00,87.79
2021-11-08,14:50:00,85.88
2021-11-08,15:00:00,84.88
2021-11-08,15:10:00,85.24
2021-11-08,15:20:00,86.26
2021-11-08,15:30:00,86.62
2021-11-08,15:40:00,86.82
2021-11-08,15:50:00,88.08
2021-11-08,16:00:00,84.29
2021-11-08,16:10:00,85.53
2021-11-08,16:20:00,83.92
2021-11-08,16:30:00,84.44
2021-11-08,16:40:00,84.3
2021-11-08,16:50:00,83.97
2021-11-08,17:00:00,85.36
2021-11-08,17:10:00,85.5
2021-11-08,17:20:00,87.27
2021-11-08,17:30:00,86.74
2021-11-08,17:40:00,83.7
2021-11-08,17:50:00,85.8
2021-11-08,18:00:00,85.97
2021-11-08,18:10:00,85.71
2021-11-08,18:20:00,86.84
2021-11-08,18:30:00,84.9
2021-11-08,18:40:00,84.91
2021-11-08,18:50:00,87.13
2021-11-08,19:00:00,86.07
2021-11-08,19:10:00,81.37
2021-11-08,19:20:00,81.92
2021-11-08,19:30:00,83.91
2021-11-08,19:40:00,86.24
2021-11-08,19:50:00,86.13
2021-11-08,20:00:00,85.87
2021-11-08,20:10:00,86
2021-11-08,20:20:00,84.6
2021-11-08,20:30:00,86.72
2021-11-08,20:40:00,87.32
2021-11-08,20:50:00,84.65
2021-11-08,21:00:00,83.88
2021-11-08,21:10:00,83.62
2021-11-08,21:20:00,85.85
2021-11-08,21:30:00,85.34
2021-11-08,21:40:00,85.71
2021-11-08,21:50:00,85.78
2021-11-08,22:00:00,86.75
2021-11-08,22:10:00,87.71
2021-11-08,22:20:00,85.17
2021-11-08,22:30:00,87.01
2021-11-08,22:40:00,82.28
2021-11-08,22:50:00,84.84
2021-11-08,23:00:00,86.24
2021-11-08,23:10:00,84.56
2021-11-08,23:20:00,86.89
2021-11-08,23:30:00,88.12
2021-11-08,23:40:00,86.37
2021-11-08,23:50:00,84.24
2021-11-09,00:00:00,84.6
2021-11-09,00:10:00,84.84
2021-11-09,00:20:00,88.64
2021-11-09,00:30:00,86.1
2021-11-09,00:40:00,85.8
2021-11-09,00:50:00,85.71
2021-11-09,01:00:00,86.01
2021-11-09,01:10:00,84.93
2021-11-09,01:20:00,84.94
2021-11-09,01:30:00,83.48
2021-11-09,01:40:00,82.6
2021-11-09,01:50:00,86.67
2021-11-09,02:00:00,85.23
2021-11-09,02:10:00,85.1
2021-11-09,02:20:00,89.7
2021-11-09,02:30:00,86.08
2021-11-09,02:40:00,83.54
2021-11-09,02:50:00,86.8
2021-11-09,03:00:00,84.95
2021-11-09,03:10:00,86.27
2021-11-09,03:20:00,82.34
2021-11-09,03:30:00,86.01
2021-11-09,03:40:00,86.04
2021-11-09,03:50:00,87.59
2021-11-09,04:00:00,85.39
2021-11-09,04:10:00,88.14
2021-11-09,04:20:00,86.84
2021-11-09,04:30:00,85.73
2021-11-09,04:40:00,84.48
2021-11-09,04:50:00,83.55
2021-11-09,05:00:00,85.75
2021-11-09,05:10:00,85.7
2021-11-09,05:20:00,88.58
2021-11-09,05:30:00,88.65
2021-11-09,05:40:00,84.68
2021-11-09,05:50:00,85.16
2021-11-09,06:00:00,85.69
2021-11-09,06:10:00,87.92
2021-11-09,06:20:00,85.55
2021-11-09,06:30:00,86.06
2021-11-09,06:40:00,87.77
2021-11-09,06:50:00,90.24
2021-11-09,07:00:00,88.45
2021-11-09,07:10:00,88.68
2021-11-09,07:20:00,85.66
2021-11-09,07:30:00,84.69
2021-11-09,07:40:00,85.67
2021-11-09,07:50:00,87.16
2021-11-09,08:00:00,87.41
2021-11-09,08:10:00,87.49
2021-11-09,08:20:00,86.57
2021-11-09,08:30:00,84.87
2021-11-09,08:40:00,85.31
2021-11-09,08:50:00,85.22
2021-11-09,09:00:00,86.78
2021-11-09,09:10:00,83.05
2021-11-09,09:20:00,87.23
2021-11-09,09:30:00,83.77
2021-11-09,09:40:00,83.6
2021-11-09,09:50:00,87.06
2021-11-09,10:00:00,87.22
2021-11-09,10:10:00,84.42
2021-11-09,10:20:00,85.43
2021-11-09,10:30:00,84.18
2021-11-09,10:40:00,87.36
2021-11-09,10:50:00,83.82
2021-11-09,11:00:00,88.65
2021-11-09,11:10:00,84.53
2021-11-09,11:20:00,86.14
2021-11-09,11:30:00,83.46
2021-11-09,11:40:00,86.51
2021-11-09,11:50:00,86.26
2021-11-09,12:00:00,89.89
2021-11-09,12:10:00,83.19
2021-11-09,12:20:00,87.6
2021-11-09,12:30:00,85.51
2021-11-09,12:40:00,82.89
2021-11-09,12:50:00,85.39
2021-11-09,13:00:00,85.84
2021-11-09,13:10:00,84.86
2021-11-09,13:20:00,84.81
2021-11-09,13:30:00,85.09
2021-11-09,13:40:00,84.72
2021-11-09,13:50:00,82.75
2021-11-09,14:00:00,83.2
2021-11-09,14:10:00,83.77
2021-11-09,14:20:00,84.76
2021-11-09,14:30:00,83.31
2021-11-09,14:40:00,85.26
2021-11-09,14:50:00,86.5
2021-11-09,15:00:00,86.06
2021-11-09,15:10:00,86.71
2021-11-09,15:20:00,83.42
2021-11-09,15:30:00,82.59
2021-11-09,15:40:00,85.37
2021-11-09,15:50:00,83.25
2021-11-09,16:00:00,86.89
2021-11-09,16:10:00,86.17
2021-11-09,16:20:00,81.66
2021-11-09,16:30:00,84.87
2021-11-09,16:40:00,86.64
2021-11-09,16:50:00,83.84
2021-11-09,17:00:00,86.06
2021-11-09,17:10:00,85.2
2021-11-09,17:20:00,82.83
2021-11-09,17:30:00,83.34
2021-11-09,17:40:00,86.44
2021-11-09,17:50:00,85.22
2021-11-09,18:00:00,83.84
2021-11-09,18:10:00,84.34
2021-11-09,18:20:00,83.17
2021-11-09,18:30:00,85.83
2021-11-09,18:40:00,84.98
2021-11-09,18:50:00,81.58
2021-11-09,19:00:00,86.22
2021-11-09,19:10:00,84.38
2021-11-09,19:20:00,83.71
2021-11-09,19:30:00,84.74
2021-11-09,19:40:00,84.89
2021-11-09,19:50:00,84.78
2021-11-09,20:00:00,82.65
2021-11-09,20:10:00,83.01
2021-11-09,20:20:00,83.8
2021-11-09,20:30:00,81.74
2021-11-09,20:40:00,85.24
2021-11-09,20:50:00,86.52
2021-11-09,21:00:00,83.27
2021-11-09,21:10:00,83.59
2021-11-09,21:20:00,87.93
2021-11-09,21:30:00,84.19
2021-11-09,21:40:00,81.87
2021-11-09,21:50:00,86.61
2021-11-09,22:00:00,84.92
2021-11-09,22:10:00,87.03
2021-11-09,22:20:00,84.01
2021-11-09,22:30:00,87.43
2021-11-09,22:40:00,83.74
2021-11-09,22:50:00,85.26
2021-11-09,23:00:00,82.43
2021-11-09,23:10:00,84.32
2021-11-09,23:20:00,85.58
2021-11-09,23:30:00,86.53
2021-11-09,23:40:00,83.59
2021-11-09,23:50:00,84.07
2021-11-10,00:00:00,84.56
2021-11-10,00:10:00,84.82
2021-11-10,00:20:00,83.58
2021-11-10,00:30:00,86.2
2021-11-10,00:40:00,84.3
2021-11-10,00:50:00,86.53
2021-11-10,01:00:00,85.63
2021-11-10,01:10:00,86.31
2021-11-10,01:20:00,89.15
2021-11-10,01:30:00,85.73
2021-11-10,01:40:00,84.95
2021-11-10,01:50:00,86.01
2021-11-10,02:00:00,85.21
2021-11-10,02:10:00,86.15
2021-11-10,02:20:00,89.98
2021-11-10,02:30:00,87.07
2021-11-10,02:40:00,84.98
2021-11-10,02:50:00,86.76
2021-11-10,03:00:00,87.32
2021-11-10,03:10:00,87.47
2021-11-10,03:20:00,85.77
2021-11-10,03:30:00,86.73
2021-11-10,03:40:00,86.22
2021-11-10,03:50:00,86.7
2021-11-10,04:00:00,85.73
2021-11-10,04:10:00,86.74
2021-11-10,04:20:00,86.01
2021-11-10,04:30:00,89.99
2021-11-10,04:40:00,86.19
2021-11-10,04:50:00,84.67
2021-11-10,05:00:00,86.57
2021-11-10,05:10:00,87.8
2021-11-10,05:20:00,89.77
2021-11-10,05:30:00,84.75
2021-11-10,05:40:00,90.1
2021-11-10,05:50:00,87.09
2021-11-10,06:00:00,89.19
2021-11-10,06:10:00,90.45
2021-11-10,06:20:00,88.73
2021-11-10,06:30:00,88.69
2021-11-10,06:40:00,88.12
2021-11-10,06:50:00,87.79
2021-11-10,07:00:00,86.66
2021-11-10,07:10:00,84.97
2021-11-10,07:20:00,87.06
2021-11-10,07:30:00,90.94
2021-11-10,07:40:00,88.6
2021-11-10,07:50:00,87.54
2021-11-10,08:00:00,88.32
2021-11-10,08:10:00,87.98
2021-11-10,08:20:00,88.47
2021-11-10,08:30:00,87.85
2021-11-10,08:40:00,84.05
2021-11-10,08:50:00,85.44
2021-11-10,09:00:00,84.88
2021-11-10,09:10:00,85.67
2021-11-10,09:20:00,87.4
2021-11-10,09:30:00,88.64
2021-11-10,09:40:00,83.64
2021-11-10,09:50:00,86.96
2021-11-10,10:00:00,88.13
2021-11-10,10:10:00,88.24
2021-11-10,10:20:00,86.19
2021-11-10,10:30:00,82.93
2021-11-10,10:40:00,89.74
2021-11-10,10:50:00,88.8
2021-11-10,11:00:00,85.89
2021-11-10,11:10:00,85.48
2021-11-10,11:20:00,85.12
2021-11-10,11:30:00,84.31
2021-11-10,11:40:00,85.9
2021-11-10,11:50:00,85.85
2021-11-10,12:10:00,85.25
2021-11-10,12:20:00,88.13
2021-11-10,12:30:00,88.31
2021-11-10,12:40:00,80.85
2021-11-10,12:50:00,86.17
2021-11-10,13:00:00,87.15
2021-11-10,13:10:00,83.91
2021-11-10,13:20:00,86.52
2021-11-10,13:30:00,85.33
2021-11-10,13:40:00,87.4
2021-11-10,13:50:00,81.62
2021-11-10,14:00:00,84.72
2021-11-10,14:10:00,82.35
2021-11-10,14:20:00,84.26
2021-11-10,14:30:00,86.85
2021-11-10,14:40:00,89.44
2021-11-10,14:50:00,86.69
2021-11-10,15:00:00,84.34
2021-11-10,15:10:00,85.69
2021-11-10,15:20:00,87.04
2021-11-10,15:30:00,86.3
2021-11-10,15:40:00,87.12
2021-11-10,15:50:00,87.31
2021-11-10,16:00:00,84.55
2021-11-10,16:10:00,89.55
2021-11-10,16:20:00,89.66
2021-11-10,16:30:00,87.2
2021-11-10,16:40:00,84.01
2021-11-10,16:50:00,88.62
2021-11-10,17:00:00,88.46
2021-11-10,17:10:00,85.96
2021-11-10,17:20:00,85.17
2021-11-10,17:30:00,87.48
2021-11-10,17:40:00,88.12
2021-11-10,17:50:00,82.53
2021-11-10,18:00:00,85.08
2021-11-10,18:10:00,91.18
2021-11-10,18:20:00,84.87
2021-11-10,18:30:00,87.05
2021-11-10,18:40:00,86.17
2021-11-10,18:50:00,84.56
2021-11-10,19:00:00,84.57
2021-11-10,19:10:00,87.65
2021-11-10,19:20:00,86.98
2021-11-10,19:30:00,83.48
2021-11-10,19:40:00,88.17
2021-11-10,19:50:00,85.5
2021-11-10,20:00:00,88.02
2021-11-10,20:10:00,86.24
2021-11-10,20:20:00,87.35
2021-11-10,20:30:00,86.24
2021-11-10,20:40:00,88.51
2021-11-10,20:50:00,85.35
2021-11-10,21:00:00,87.86
2021-11-10,21:10:00,86.12
2021-11-10,21:20:00,87.93
2021-11-10,21:30:00,86.83
2021-11-10,21:40:00,88.35
2021-11-10,21:50:00,85.1
2021-11-10,22:00:00,87.04
2021-11-10,22:10:00,88.1
2021-11-10,22:20:00,90.45
2021-11-10,22:30:00,90.41
2021-11-10,22:40:00,86.09
2021-11-10,22:50:00,88.14
2021-11-10,23:00:00,87.84
2021-11-10,23:10:00,86.29
2021-11-10,23:20:00,86.32
2021-11-10,23:30:00,87.96
2021-11-10,23:40:00,87.65
2021-11-10,23:50:00,89.54
2021-11-11,00:00:00,88.18
2021-11-11,00:10:00,86.88
2021-11-11,00:20:00,88.46
2021-11-11,00:30:00,90.32
2021-11-11,00:40:00,88.05
2021-11-11,00:50:00,85.82
2021-11-11,01:00:00,90.91
2021-11-11,01:10:00,90.14
2021-11-11,01:20:00,89.99
2021-11-11,01:30:00,88.13
2021-11-11,01:40:00,86.25
2021-11-11,01:50:00,85.95
2021-11-11,02:00:00,87.39
2021-11-11,02:10:00,83.8
2021-11-11,02:20:00,86.78
2021-11-11,02:30:00,86.03
2021-11-11,02:40:00,91.23
2021-11-11,02:50:00,88.49
2021-11-11,03:00:00,90.06
2021-11-11,03:10:00,91.45
2021-11-11,03:20:00,90.91
2021-11-11,03:30:00,90.81
2021-11-11,03:40:00,90.05
2021-11-11,03:50:00,88.42
2021-11-11,04:00:00,86.95
2021-11-11,04:10:00,88.43
2021-11-11,04:20:00,90.44
2021-11-11,04:30:00,91.07
2021-11-11,04:40:00,91.36
2021-11-11,04:50:00,87.69
2021-11-11,05:00:00,93.62
2021-11-11,05:10:00,89.69
2021-11-11,05:20:00,93.26
2021-11-11,05:30:00,88.88
2021-11-11,05:40:00,92.5
2021-11-11,05:50:00,92.1
2021-11-11,06:00:00,89.66
2021-11-11,06:10:00,91.51
2021-11-11,06:20:00,92.17
2021-11-11,06:30:00,90.7
2021-11-11,06:40:00,91.23
2021-11-11,06:50:00,90.72
2021-11-11,07:00:00,94.94
2021-11-11,07:10:00,91.52
2021-11-11,07:20:00,93.21
2021-11-11,07:30:00,92.58
2021-11-11,07:40:00,91.29
2021-11-11,07:50:00,90.22
2021-11-11,08:00:00,89.17
2021-11-11,08:10:00,91.87
2021-11-11,08:20:00,90.15
2021-11-11,08:30:00,88.05
2021-11-11,08:40:00,88.57
2021-11-11,08:50:00,87.19
2021-11-11,09:00:00,84.27
2021-11-11,09:10:00,88.55
2021-11-11,09:20:00,86.6
2021-11-11,09:30:00,88.52
2021-11-11,09:40:00,87.66
2021-11-11,09:50:00,87.64
2021-11-11,10:00:00,86.69
2021-11-11,10:10:00,83.62
2021-11-11,10:20:00,86.71
2021-11-11,10:30:00,85.51
2021-11-11,10:40:00,86.33
2021-11-11,10:50:00,85.54
2021-11-11,11:00:00,85.69
2021-11-11,11:10:00,89.29
2021-11-11,11:20:00,85.14
2021-11-11,11:30:00,89.03
2021-11-11,11:40:00,86.88
2021-11-11,11:50:00,84.73
2021-11-11,12:00:00,83.6
2021-11-11,12:10:00,84.62
2021-11-11,12:20:00,89.57
2021-11-11,12:30:00,86.91
2021-11-11,12:40:00,85.49
2021-11-11,12:50:00,86.62
2021-11-11,13:00:00,87.22
2021-11-11,13:10:00,87.03
2021-11-11,13:20:00,87.3
2021-11-11,13:30:00,85.9
2021-11-11,13:40:00,86.42
2021-11-11,13:50:00,83.8
2021-11-11,14:00:00,87.37
2021-11-11,14:10:00,83.83
2021-11-11,14:20:00,87.09
2021-11-11,14:30:00,85.53
2021-11-11,14:40:00,84.94
2021-11-11,14:50:00,84.95
2021-11-11,15:00:00,85.48
2021-11-11,15:10:00,85.45
2021-11-11,15:20:00,84.55
2021-11-11,15:30:00,88.28
2021-11-11,15:40:00,87.83
2021-11-11,15:50:00,87.05
2021-11-11,16:00:00,86.54
2021-11-11,16:10:00,84.7
2021-11-11,16:20:00,87.54
2021-11-11,16:30:00,87.76
2021-11-11,16:40:00,83.07
2021-11-11,16:50:00,85.25
2021-11-11,17:00:00,83.99
2021-11-11,17:10:00,86.82
2021-11-11,17:20:00,86.29
2021-11-11,17:30:00,84.63
2021-11-11,17:40:00,86.41
2021-11-11,17:50:00,85.3
2021-11-11,18:00:00,89.97
2021-11-11,18:10:00,81.46
2021-11-11,18:20:00,83.27
2021-11-11,18:30:00,83.1
2021-11-11,18:40:00,84.88
2021-11-11,18:50:00,87.83
2021-11-11,19:00:00,87.16
2021-11-11,19:10:00,84.21
2021-11-11,19:20:00,87
2021-11-11,19:30:00,89.35
2021-11-11,19:40:00,86.52
2021-11-11,19:50:00,86.37
2021-11-11,20:00:00,84.63
2021-11-11,20:10:00,87.98
2021-11-11,20:20:00,84.71
2021-11-11,20:30:00,86.93
2021-11-11,20:40:00,89.34
2021-11-11,20:50:00,89.1
2021-11-11,21:00:00,88.13
2021-11-11,21:10:00,88.16
2021-11-11,21:20:00,87.73
2021-11-11,21:30:00,86.67
2021-11-11,21:40:00,86.49
2021-11-11,21:50:00,88.26
2021-11-11,22:00:00,86.58
2021-11-11,22:10:00,83.6
2021-11-11,22:20:00,86.21
2021-11-11,22:30:00,87.48
2021-11-11,22:40:00,90.36
2021-11-11,22:50:00,88.79
2021-11-11,23:00:00,88.79
2021-11-11,23:10:00,86.33
2021-11-11,23:20:00,90.11
2021-11-11,23:30:00,88.51
2021-11-11,23:40:00,88.34
2021-11-11,23:50:00,86.69
2021-11-12,00:00:00,88.84
2021-11-12,00:10:00,88.47
2021-11-12,00:20:00,88.83
2021-11-12,00:30:00,90.5
2021-11-12,00:40:00,90.2
2021-11-12,00:50:00,88.12
2021-11-12,01:00:00,86.29
2021-11-12,01:10:00,90.03
2021-11-12,01:20:00,91.65
2021-11-12,01:30:00,89.06
2021-11-12,01:40:00,89.1
2021-11-12,01:50:00,87.2
2021-11-12,02:00:00,89.77
2021-11-12,02:10:00,87.23
2021-11-12,02:20:00,88.93
2021-11-12,02:30:00,88.57
2021-11-12,02:40:00,89.31
2021-11-12,02:50:00,90.65
2021-11-12,03:00:00,87.02
2021-11-12,03:10:00,91.43
2021-11-12,03:20:00,89.07
2021-11-12,03:30:00,92.05
2021-11-12,03:40:00,90.76
2021-11-12,03:50:00,89.81
2021-11-12,04:00:00,92.01
2021-11-12,04:10:00,87.34
2021-11-12,04:20:00,90.47
2021-11-12,04:30:00,90.39
2021-11-12,04:40:00,90.06
2021-11-12,04:50:00,92.75
2021-11-12,05:00:00,92.73
2021-11-12,05:10:00,92.56
2021-11-12,05:20:00,89.62
2021-11-12,05:30:00,90.17
2021-11-12,05:40:00,90.36
2021-11-12,05:50:00,90.51
2021-11-12,06:00:00,92.22
2021-11-12,06:10:00,93.34
2021-11-12,06:20:00,93.2
2021-11-12,06:30:00,91.42
2021-11-12,06:40:00,89.01
2021-11-12,06:50:00,92.65
2021-11-12,07:00:00,93.96
2021-11-12,07:10:00,91.74
2021-11-12,07:20:00,92.49
2021-11-12,07:30:00,89.38
2021-11-12,07:40:00,88.84
2021-11-12,07:50:00,94.83
2021-11-12,08:00:00,88.16
2021-11-12,08:10:00,91.6
2021-11-12,08:20:00,90.8
2021-11-12,08:30:00,92.73
2021-11-12,08:40:00,92.08
2021-11-12,08:50:00,90.76
2021-11-12,09:00:00,93.58
2021-11-12,09:10:00,89.43
2021-11-12,09:20:00,91.44
2021-11-12,09:30:00,85.91
2021-11-12,09:40:00,85.86
2021-11-12,09:50:00,83.71
2021-11-12,10:00:00,87.07
2021-11-12,10:10:00,87.93
2021-11-12,10:20:00,88.79
2021-11-12,10:30:00,86.54
2021-11-12,10:40:00,86.24
2021-11-12,10:50:00,88.33
2021-11-12,11:00:00,87.12
2021-11-12,11:10:00,88.45
2021-11-12,11:20:00,83.48
2021-11-12,11:30:00,86.23
2021-11-12,11:40:00,87.9
2021-11-12,11:50:00,89.51
2021-11-12,12:00:00,83.93
2021-11-12,12:10:00,88.84
2021-11-12,12:20:00,87.5
2021-11-12,12:30:00,86.59
2021-11-12,12:40:00,90.2
2021-11-12,12:50:00,88.07
2021-11-12,13:00:00,90.16
2021-11-12,13:10:00,87.87
2021-11-12,13:20:00,86.08
2021-11-12,13:30:00,89.58
2021-11-12,13:40:00,88.05
2021-11-12,13:50:00,87.49
2021-11-12,14:00:00,87.24
2021-11-12,14:10:00,85.77
2021-11-12,14:20:00,84.51
2021-11-12,14:30:00,86.05
2021-11-12,14:40:00,87.63
2021-11-12,14:50:00,87.48
2021-11-12,15:00:00,87.11
2021-11-12,15:10:00,87.05
2021-11-12,15:20:00,85.77
2021-11-12,15:30:00,85.59
2021-11-12,15:40:00,87.13
2021-11-12,15:50:00,84.18
2021-11-12,16:00:00,87.95
2021-11-12,16:10:00,85.84
2021-11-12,16:20:00,82.83
2021-11-12,16:30:00,86.19
2021-11-12,16:40:00,85.63
2021-11-12,16:50:00,85.72
2021-11-12,17:00:00,86.62
2021-11-12,17:10:00,85.04
2021-11-12,17:20:00,86.18
2021-11-12,17:30:00,86.81
2021-11-12,17:40:00,86.17
2021-11-12,17:50:00,88.21
2021-11-12,18:00:00,87.84
2021-11-12,18:10:00,85.94
2021-11-12,18:20:00,86.39
2021-11-12,18:30:00,86.61
2021-11-12,18:40:00,87.44
2021-11-12,18:50:00,86.51
2021-11-12,19:00:00,88.49
2021-11-12,19:10:00,85.15
2021-11-12,19:20:00,85.8
2021-11-12,19:30:00,85.62
2021-11-12,19:40:00,83.89
2021-11-12,19:50:00,88.1
2021-11-12,20:00:00,86.31
2021-11-12,20:10:00,85.72
2021-11-12,20:20:00,89.84
2021-11-12,20:30:00,87.63
2021-11-12,20:40:00,88.58
2021-11-12,20:50:00,89.1
2021-11-12,21:00:00,88.8
2021-11-12,21:10:00,87.19
2021-11-12,21:20:00,88.66
2021-11-12,21:30:00,90.23
2021-11-12,21:40:00,86.91
2021-11-12,21:50:00,87.55
2021-11-12,22:00:00,87.73
2021-11-12,22:10:00,86.9
2021-11-12,22:20:00,92.67
2021-11-12,22:30:00,91.45
2021-11-12,22:40:00,88.78
2021-11-12,22:50:00,90.68
2021-11-12,23:00:00,86.25
2021-11-12,23:10:00,87.56
2021-11-12,23:20:00,90.63
2021-11-12,23:30:00,91.86
2021-11-12,23:40:00,92.66
2021-11-12,23:50:00,91.32
2021-11-13,00:00:00,89.14
2021-11-13,00:10:00,90.75
2021-11-13,00:20:00,90.62
2021-11-13,00:30:00,88.85
2021-11-13,00:40:00,91.91
2021-11-13,00:50:00,89.3
2021-11-13,01:00:00,91.16
2021-11-13,01:10:00,89.88
2021-11-13,01:20:00,91.02
2021-11-13,01:30:00,91.87
2021-11-13,01:40:00,87.67
2021-11-13,01:50:00,93.78
2021-11-13,02:00:00,92.76
2021-11-13,02:10:00,91.46
2021-11-13,02:20:00,91.87
2021-11-13,02:30:00,91.13
2021-11-13,02:40:00,91.94
2021-11-13,02:50:00,94.52
2021-11-13,03:00:00,92.3
2021-11-13,03:10:00,92.7
2021-11-13,03:20:00,94.23
2021-11-13,03:30:00,93.75
2021-11-13,03:40:00,91.09
2021-11-13,03:50:00,97.71
2021-11-13,04:00:00,93.9
2021-11-13,04:10:00,93.85
2021-11-13,04:20:00,92.07
2021-11-13,04:30:00,93.82
2021-11-13,04:40:00,94.07
2021-11-13,04:50:00,93.3
2021-11-13,05:00:00,93.68
2021-11-13,05:10:00,93.41
2021-11-13,05:20:00,90.08
2021-11-13,05:30:00,94.03
2021-11-13,05:40:00,88.56
2021-11-13,05:50:00,89.71
2021-11-13,06:00:00,90.74
2021-11-13,06:10:00,90.85
2021-11-13,06:20:00,91.97
2021-11-13,06:30:00,89.9
2021-11-13,06:40:00,91.81
2021-11-13,06:50:00,96.06
2021-11-13,07:00:00,90.91
2021-11-13,07:10:00,91.83
2021-11-13,07:20:00,93.9
2021-11-13,07:30:00,91.54
2021-11-13,07:40:00,92.45
2021-11-13,07:50:00,90.38
2021-11-13,08:00:00,92.41
2021-11-13,08:10:00,95.14
2021-11-13,08:20:00,91.04
2021-11-13,08:30:00,87.5
2021-11-13,08:40:00,88.79
2021-11-13,08:50:00,90.91
2021-11-13,09:00:00,88.7
2021-11-13,09:10:00,92.49
2021-11-13,09:20:00,89.45
2021-11-13,09:30:00,91.79
2021-11-13,09:40:00,90.41
2021-11-13,09:50:00,89.28
2021-11-13,10:00:00,90.43
2021-11-13,10:10:00,87.03
2021-11-13,10:20:00,90.36
2021-11-13,10:30:00,89.19
2021-11-13,10:40:00,87.65
2021-11-13,10:50:00,89.54
2021-11-13,11:00:00,88.73
2021-11-13,11:10:00,90.18
2021-11-13,11:20:00,89.05
2021-11-13,11:30:00,91.86
2021-11-13,11:40:00,90.88
2021-11-13,11:50:00,93.91
2021-11-13,12:00:00,90.11
2021-11-13,12:10:00,89.39
2021-11-13,12:20:00,88.86
2021-11-13,12:30:00,85.74
2021-11-13,12:40:00,88.39
2021-11-13,12:50:00,87.95
2021-11-13,13:00:00,89.6
2021-11-13,13:10:00,90.23
2021-11-13,13:20:00,89.81
2021-11-13,13:30:00,89.66
2021-11-13,13:40:00,89.1
2021-11-13,13:50:00,89.03
2021-11-13,14:00:00,91.53
2021-11-13,14:10:00,91
2021-11-13,14:20:00,91.35
2021-11-13,14:30:00,96.18
2021-11-13,14:40:00,91.88
2021-11-13,14:50:00,89.29
2021-11-13,15:00:00,89.61
2021-11-13,15:20:00,92.55
2021-11-13,15:30:00,91.21
2021-11-13,15:40:00,93.31
2021-11-13,15:50:00,91.95
2021-11-13,16:00:00,92.56
2021-11-13,16:10:00,93.29
2021-11-13,16:20:00,94.33
2021-11-13,16:30:00,93.97
2021-11-13,16:40:00,90.51
2021-11-13,16:50:00,91.4
2021-11-13,17:00:00,89.97
2021-11-13,17:10:00,88.27
2021-11-13,17:20:00,93.94
2021-11-13,17:30:00,91.09
2021-11-13,17:40:00,88.22
2021-11-13,17:50:00,90.65
2021-11-13,18:00:00,88.92
2021-11-13,18:10:00,88.08
2021-11-13,18:20:00,90.9
2021-11-13,18:30:00,89.72
2021-11-13,18:40:00,91.5
2021-11-13,18:50:00,93.08
2021-11-13,19:00:00,92.05
2021-11-13,19:10:00,89.52
2021-11-13,19:20:00,91.2
2021-11-13,19:30:00,94.75
2021-11-13,19:40:00,90.48
2021-11-13,19:50:00,90.25
2021-11-13,20:00:00,89.06
2021-11-13,20:10:00,88.67
2021-11-13,20:20:00,89.75
2021-11-13,20:30:00,90.28
2021-11-13,20:40:00,89.35
2021-11-13,20:50:00,90.57
2021-11-13,21:00:00,89.21
2021-11-13,21:10:00,87.78
2021-11-13,21:20:00,90.26
2021-11-13,21:30:00,91.22
2021-11-13,21:40:00,86.96
2021-11-13,21:50:00,86.17
2021-11-13,22:00:00,85.95
2021-11-13,22:10:00,88.23
2021-11-13,22:20:00,90.62
2021-11-13,22:30:00,87.8
2021-11-13,22:40:00,87.64
2021-11-13,22:50:00,85.06
2021-11-13,23:00:00,90.32
2021-11-13,23:10:00,88.11
2021-11-13,23:20:00,86.69
2021-11-13,23:30:00,89.54
2021-11-13,23:40:00,86.25
2021-11-13,23:50:00,88.61
2021-11-14,00:00:00,84.25
2021-11-14,00:10:00,86.71
2021-11-14,00:20:00,88.85
2021-11-14,00:30:00,90.34
2021-11-14,00:40:00,86.17
2021-11-14,00:50:00,87.03
2021-11-14,01:00:00,90.29
2021-11-14,01:10:00,90.04
2021-11-14,01:20:00,89.4
2021-11-14,01:30:00,86.69
2021-11-14,01:40:00,87.66
2021-11-14,01:50:00,88.89
2021-11-14,02:00:00,88.21
2021-11-14,02:10:00,88.09
2021-11-14,02:20:00,88.67
2021-11-14,02:30:00,88.82
2021-11-14,02:40:00,86.16
2021-11-14,02:50:00,86.39
2021-11-14,03:00:00,89.77
2021-11-14,03:10:00,86.4
2021-11-14,03:20:00,88.71
2021-11-14,03:30:00,88.22
2021-11-14,03:40:00,90.89
2021-11-14,03:50:00,91.92
2021-11-14,04:00:00,90.71
2021-11-14,04:10:00,89.82
2021-11-14,04:20:00,90.65
2021-11-14,04:30:00,91.79
2021-11-14,04:40:00,88.86
2021-11-14,04:50:00,88.18
2021-11-14,05:00:00,87.11
2021-11-14,05:10:00,86.72
2021-11-14,05:20:00,89.08
2021-11-14,05:30:00,88.33
2021-11-14,05:40:00,89.09
2021-11-14,05:50:00,86.73
2021-11-14,06:00:00,91.2
2021-11-14,06:10:00,85.32
2021-11-14,06:20:00,90.7
2021-11-14,06:30:00,89.47
2021-11-14,06:40:00,85.67
2021-11-14,06:50:00,85.27
2021-11-14,07:00:00,86.32
2021-11-14,07:10:00,89.5
2021-11-14,07:20:00,87.74
2021-11-14,07:30:00,88.78
2021-11-14,07:40:00,88
2021-11-14,07:50:00,89.79
2021-11-14,08:00:00,86.31
2021-11-14,08:10:00,87.56
2021-11-14,08:20:00,87.94
2021-11-14,08:30:00,91.35
2021-11-14,08:40:00,86.78
2021-11-14,08:50:00,92.73
2021-11-14,09:00:00,90.45
2021-11-14,09:10:00,85.58
2021-11-14,09:20:00,87.75
2021-11-14,09:30:00,86.91
2021-11-14,09:40:00,87.66
2021-11-14,09:50:00,90.36
2021-11-14,10:00:00,88.15
2021-11-14,10:10:00,87.43
2021-11-14,10:20:00,89.26
2021-11-14,10:30:00,88.45
2021-11-14,10:40:00,87.77
2021-11-14,10:50:00,89.56
2021-11-14,11:00:00,86.67
2021-11-14,11:10:00,88.16
2021-11-14,11:20:00,87.64
2021-11-14,11:30:00,88.61
2021-11-14,11:40:00,89.61
2021-11-14,11:50:00,89.64
2021-11-14,12:00:00,89.04
2021-11-14,12:10:00,88.82
2021-11-14,12:20:00,87.94
2021-11-14,12:30:00,84.23
2021-11-14,12:40:00,86.93
2021-11-14,12:50:00,85.97
2021-11-14,13:00:00,85.6
2021-11-14,13:10:00,85.97
2021-11-14,13:20:00,87.42
2021-11-14,13:30:00,88.25
2021-11-14,13:40:00,87.28
2021-11-14,13:50:00,89.88
2021-11-14,14:00:00,91.45
2021-11-14,14:10:00,89.14
2021-11-14,14:20:00,89.67
2021-11-14,14:30:00,85.19
2021-11-14,14:40:00,87.65
2021-11-14,14:50:00,87.57
2021-11-14,15:00:00,89.09
2021-11-14,15:10:00,90.39
2021-11-14,15:20:00,85.29
2021-11-14,15:30:00,84.13
2021-11-14,15:40:00,88.51
2021-11-14,15:50:00,88.31
2021-11-14,16:00:00,88.98
2021-11-14,16:10:00,85.73
2021-11-14,16:20:00,90.22
2021-11-14,16:30:00,89.24
2021-11-14,16:40:00,89.19
2021-11-14,16:50:00,89.8
2021-11-14,17:00:00,88.82
2021-11-14,17:10:00,87.08
2021-11-14,17:20:00,84.65
2021-11-14,17:30:00,90.57
2021-11-14,17:40:00,85.15
2021-11-14,17:50:00,87.55
2021-11-14,18:00:00,88.35
2021-11-14,18:10:00,87.99
2021-11-14,18:20:00,88.07
2021-11-14,18:30:00,85.83
2021-11-14,18:40:00,85.94
2021-11-14,18:50:00,88.71
2021-11-14,19:00:00,84.95
2021-11-14,19:10:00,88.95
2021-11-14,19:20:00,90
2021-11-14,19:30:00,86.67
2021-11-14,19:40:00,88.05
2021-11-14,19:50:00,89.85
2021-11-14,20:00:00,87.04
2021-11-14,20:10:00,87.41
2021-11-14,20:20:00,87.23
2021-11-14,20:30:00,87.73
2021-11-14,20:40:00,85.58
2021-11-14,20:50:00,87.34
2021-11-14,21:00:00,88.68
2021-11-14,21:10:00,88.07
2021-11-14,21:20:00,88.44
2021-11-14,21:30:00,86.2
2021-11-14,21:40:00,91.07
2021-11-14,21:50:00,86.95
2021-11-14,22:00:00,87.46
2021-11-14,22:10:00,89.94
2021-11-14,22:20:00,89.95
2021-11-14,22:30:00,89.25
2021-11-14,22:40:00,90.08
2021-11-14,22:50:00,87.91
2021-11-14,23:00:00,87.09
2021-11-14,23:10:00,86.25
2021-11-14,23:20:00,87
2021-11-14,23:30:00,86.97
2021-11-14,23:40:00,87.47
2021-11-14,23:50:00,87.86
2021-11-15,00:00:00,90.6
2021-11-15,00:10:00,90.66
2021-11-15,00:20:00,87.56
2021-11-15,00:30:00,90.74
2021-11-15,00:40:00,86.74
2021-11-15,00:50:00,87.68
2021-11-15,01:00:00,87.98
2021-11-15,01:10:00,91.92
2021-11-15,01:20:00,88.76
2021-11-15,01:30:00,90.02
2021-11-15,01:40:00,88.18
2021-11-15,01:50:00,88.98
2021-11-15,02:00:00,87.81
2021-11-15,02:10:00,87.19
2021-11-15,02:20:00,88.16
2021-11-15,02:30:00,88.55
2021-11-15,02:40:00,86.7
2021-11-15,02:50:00,87.78
2021-11-15,03:00:00,88.7
2021-11-15,03:10:00,88.82
2021-11-15,03:20:00,85.06
2021-11-15,03:30:00,87.67
2021-11-15,03:40:00,87.91
2021-11-15,03:50:00,87.58
2021-11-15,04:00:00,87.83
2021-11-15,04:10:00,87.97
2021-11-15,04:20:00,90.21
2021-11-15,04:30:00,87.32
2021-11-15,04:40:00,89.19
2021-11-15,04:50:00,88.67
2021-11-15,05:00:00,87.13
2021-11-15,05:10:00,88.17
2021-11-15,05:20:00,89.04
2021-11-15,05:30:00,90.42
2021-11-15,05:40:00,85.42
2021-11-15,05:50:00,88.88
2021-11-15,06:00:00,89.04
2021-11-15,06:10:00,88.15
2021-11-15,06:20:00,88.03
2021-11-15,06:30:00,89.09
2021-11-15,06:40:00,88.02
2021-11-15,06:50:00,86.23
2021-11-15,07:00:00,87.51
2021-11-15,07:10:00,90.3
2021-11-15,07:20:00,91.44
2021-11-15,07:30:00,88.18
2021-11-15,07:40:00,88.25
2021-11-15,08:00:00,86.37
2021-11-15,08:10:00,84.88
2021-11-15,08:20:00,87.39
2021-11-15,08:30:00,89.57
2021-11-15,08:40:00,88.09
2021-11-15,08:50:00,85.64
2021-11-15,09:00:00,87.94
2021-11-15,09:10:00,85.78
2021-11-15,09:20:00,87.63
2021-11-15,09:30:00,88
2021-11-15,09:40:00,85.09
2021-11-15,09:50:00,88.99
2021-11-15,10:00:00,88.6
2021-11-15,10:10:00,87.08
2021-11-15,10:20:00,86.11
2021-11-15,10:30:00,85.8
2021-11-15,10:40:00,86.7
2021-11-15,10:50:00,90.65
2021-11-15,11:00:00,86.38
2021-11-15,11:10:00,89.44
2021-11-15,11:20:00,90.61
2021-11-15,11:30:00,86.86
2021-11-15,11:40:00,88.2
2021-11-15,11:50:00,88.52
2021-11-15,12:00:00,85.68
2021-11-15,12:10:00,91.72
2021-11-15,12:20:00,89.78
2021-11-15,12:30:00,89.18
2021-11-15,12:40:00,86.89
2021-11-15,12:50:00,87.44
2021-11-15,13:00:00,87.65
2021-11-15,13:10:00,86.59
2021-11-15,13:20:00,88.2
2021-11-15,13:30:00,89.15
2021-11-15,13:40:00,85.26
2021-11-15,13:50:00,85.2
2021-11-15,14:00:00,87.64
2021-11-15,14:10:00,86.46
2021-11-15,14:20:00,85.24
2021-11-15,14:30:00,88.86
2021-11-15,14:40:00,89.23
2021-11-15,14:50:00,86.98
2021-11-15,15:00:00,86.84
2021-11-15,15:10:00,84.66
2021-11-15,15:20:00,87.23
2021-11-15,15:30:00,85.15
2021-11-15,15:40:00,89.5
2021-11-15,15:50:00,87.32
2021-11-15,16:00:00,87.83
2021-11-15,16:10:00,86.04
2021-11-15,16:20:00,85.64
2021-11-15,16:30:00,87.18
2021-11-15,16:40:00,89.66
2021-11-15,16:50:00,89.44
2021-11-15,17:00:00,87.24
2021-11-15,17:10:00,91.36
2021-11-15,17:20:00,90.87
2021-11-15,17:30:00,86.98
2021-11-15,17:40:00,87.94
2021-11-15,17:50:00,87.39
2021-11-15,18:00:00,86.14
2021-11-15,18:10:00,84.09
2021-11-15,18:20:00,87.46
2021-11-15,18:30:00,87.08
2021-11-15,18:40:00,89.31
2021-11-15,18:50:00,86.88
2021-11-15,19:00:00,88.64
2021-11-15,19:10:00,85.53
2021-11-15,19:20:00,87.46
2021-11-15,19:30:00,87.58
2021-11-15,19:40:00,91.5
2021-11-15,19:50:00,88.15
2021-11-15,20:00:00,86.78
2021-11-15,20:10:00,86.96
2021-11-15,20:20:00,88.42
2021-11-15,20:30:00,89.42
2021-11-15,20:40:00,88.61
2021-11-15,20:50:00,87.39
2021-11-15,21:00:00,89.31
2021-11-15,21:10:00,86.68
2021-11-15,21:20:00,85.92
2021-11-15,21:30:00,89.11
2021-11-15,21:40:00,87.91
2021-11-15,21:50:00,88.18
2021-11-15,22:00:00,84.1
2021-11-15,22:10:00,84.76
2021-11-15,22:20:00,85.48
2021-11-15,22:30:00,83.54
2021-11-15,22:40:00,86.61
2021-11-15,22:50:00,87.96
2021-11-15,23:00:00,84.33
2021-11-15,23:10:00,85.6
2021-11-15,23:20:00,88.4
2021-11-15,23:30:00,85.45
2021-11-15,23:40:00,87.24
2021-11-15,23:50:00,87.17
2021-11-16,00:00:00,87.8
2021-11-16,00:10:00,87.61
2021-11-16,00:20:00,88.79
2021-11-16,00:30:00,88.69
2021-11-16,00:40:00,87.47
2021-11-16,00:50:00,87.28
2021-11-16,01:00:00,88.43
2021-11-16,01:10:00,86.76
2021-11-16,01:20:00,86.31
2021-11-16,01:30:00,89.81
2021-11-16,01:40:00,87.29
2021-11-16,01:50:00,88.9
2021-11-16,02:00:00,87.23
2021-11-16,02:10:00,88.79
2021-11-16,02:20:00,89.17
2021-11-16,02:30:00,84.44
2021-11-16,02:40:00,88.12
2021-11-16,02:50:00,86.45
2021-11-16,03:00:00,87.57
2021-11-16,03:10:00,87.09
2021-11-16,03:20:00,86.94
2021-11-16,03:30:00,89.33
2021-11-16,03:40:00,86.92
2021-11-16,03:50:00,89.1
2021-11-16,04:00:00,87.9
2021-11-16,04:10:00,87.55
2021-11-16,04:20:00,86.69
2021-11-16,04:30:00,88.4
2021-11-16,04:40:00,90.4
2021-11-16,04:50:00,87.32
2021-11-16,05:00:00,88.81
2021-11-16,05:10:00,89.09
2021-11-16,05:20:00,87.96
2021-11-16,05:30:00,90.72
2021-11-16,05:40:00,92.61
2021-11-16,05:50:00,88.48
2021-11-16,06:00:00,84.73
2021-11-16,06:10:00,88.12
2021-11-16,06:20:00,87.32
2021-11-16,06:30:00,86.74
2021-11-16,06:40:00,88.9
2021-11-16,06:50:00,88.17
2021-11-16,07:00:00,89.69
2021-11-16,07:10:00,87.13
2021-11-16,07:20:00,87.31
2021-11-16,07:30:00,89.76
2021-11-16,07:40:00,86.6
2021-11-16,07:50:00,87.97
2021-11-16,08:00:00,86.61
2021-11-16,08:10:00,88.17
2021-11-16,08:20:00,86.02
2021-11-16,08:30:00,88.67
2021-11-16,08:40:00,88.85
2021-11-16,08:50:00,88.11
2021-11-16,09:00:00,87.27
2021-11-16,09:10:00,87.86
2021-11-16,09:20:00,87.46
2021-11-16,09:30:00,88.04
2021-11-16,09:40:00,88.13
2021-11-16,09:50:00,88.98
2021-11-16,10:00:00,88.37
