2019-05-01,00:01:00,57.7
2019-05-01,00:11:00,57.7
2019-05-01,00:21:00,59.5
2019-05-01,00:31:00,58
2019-05-01,00:41:00,60.9
2019-05-01,00:51:00,60.9
2019-05-01,01:01:00,61.2
2019-05-01,01:11:00,62.7
2019-05-01,01:21:00,61.8
2019-05-01,01:31:00,61
2019-05-01,01:41:00,58.6
2019-05-01,01:51:00,58
2019-05-01,02:01:00,57
2019-05-01,02:11:00,62.5
2019-05-01,02:21:00,59.6
2019-05-01,02:31:00,59.8
2019-05-01,02:41:00,57
2019-05-01,02:51:00,63.7
2019-05-01,03:01:00,57.7
2019-05-01,03:11:00,57.7
2019-05-01,03:21:00,59.1
2019-05-01,03:31:00,56.2
2019-05-01,03:41:00,59.2
2019-05-01,03:51:00,59.3
2019-05-01,04:01:00,56.9
2019-05-01,04:11:00,56.4
2019-05-01,04:21:00,59.7
2019-05-01,04:31:00,60
2019-05-01,04:41:00,57.1
2019-05-01,04:51:00,60.3
2019-05-01,05:01:00,63.3
2019-05-01,05:11:00,58.5
2019-05-01,05:21:00,59.4
2019-05-01,05:31:00,60.4
2019-05-01,05:41:00,60.4
2019-05-01,05:51:00,59.9
2019-05-01,06:01:00,59.9
2019-05-01,06:11:00,62
2019-05-01,06:21:00,59.5
2019-05-01,06:31:00,61.7
2019-05-01,06:41:00,61.5
2019-05-01,06:51:00,53.7
2019-05-01,07:01:00,57.8
2019-05-01,07:11:00,56.4
2019-05-01,07:21:00,58.2
2019-05-01,07:31:00,57.3
2019-05-01,07:41:00,58.4
2019-05-01,07:51:00,54.4
2019-05-01,08:01:00,57.8
2019-05-01,08:11:00,60.7
2019-05-01,08:21:00,55.6
2019-05-01,08:31:00,58.2
2019-05-01,08:41:00,57.8
2019-05-01,08:51:00,56.2
2019-05-01,09:01:00,57.4
2019-05-01,09:11:00,58.9
2019-05-01,09:21:00,62.1
2019-05-01,09:31:00,56.6
2019-05-01,09:41:00,58.2
2019-05-01,09:51:00,56.2
2019-05-01,10:01:00,56.3
2019-05-01,10:11:00,59
2019-05-01,10:21:00,57.3
2019-05-01,10:31:00,59.6
2019-05-01,10:41:00,61.2
2019-05-01,10:51:00,57.6
2019-05-01,11:01:00,58.9
2019-05-01,11:11:00,58
2019-05-01,11:21:00,58
2019-05-01,11:31:00,55.2
2019-05-01,11:41:00,57.2
2019-05-01,11:51:00,59.5
2019-05-01,12:01:00,58.5
2019-05-01,12:11:00,60.5
2019-05-01,12:21:00,60.6
2019-05-01,12:31:00,56.2
2019-05-01,12:41:00,55.6
2019-05-01,12:51:00,57.7
2019-05-01,13:01:00,61.2
2019-05-01,13:11:00,59.4
2019-05-01,13:21:00,61.6
2019-05-01,13:31:00,60.9
2019-05-01,13:41:00,59.4
2019-05-01,13:51:00,58.9
2019-05-01,14:01:00,60.1
2019-05-01,14:11:00,64.2
2019-05-01,14:21:00,59.6
2019-05-01,14:31:00,57.9
2019-05-01,14:41:00,60.1
2019-05-01,14:51:00,57.8
2019-05-01,15:01:00,57.8
2019-05-01,15:11:00,58.9
2019-05-01,15:21:00,59.6
2019-05-01,15:31:00,62.4
2019-05-01,15:41:00,60.2
2019-05-01,15:51:00,60.2
2019-05-01,16:01:00,58.5
2019-05-01,16:11:00,58.1
2019-05-01,16:21:00,58.5
2019-05-01,16:31:00,60.3
2019-05-01,16:41:00,61.9
2019-05-01,16:51:00,60.7
2019-05-01,17:01:00,59.1
2019-05-01,17:11:00,57.1
2019-05-01,17:21:00,64
2019-05-01,17:31:00,58.9
2019-05-01,17:41:00,59.6
2019-05-01,17:51:00,55.9
2019-05-01,18:01:00,57.7
2019-05-01,18:11:00,60.6
2019-05-01,18:21:00,59.9
2019-05-01,18:31:00,58.3
2019-05-01,18:41:00,59.3
2019-05-01,18:51:00,63.7
2019-05-01,19:01:00,61.9
2019-05-01,19:11:00,57.1
2019-05-01,19:21:00,57.2
2019-05-01,19:31:00,57.4
2019-05-01,19:41:00,59.7
2019-05-01,19:51:00,57.9
2019-05-01,20:01:00,60.7
2019-05-01,20:11:00,64.1
2019-05-01,20:21:00,56.2
2019-05-01,20:31:00,55.4
2019-05-01,20:41:00,59.2
2019-05-01,20:51:00,59.2
2019-05-01,21:01:00,55.8
2019-05-01,21:11:00,59.6
2019-05-01,21:21:00,59.6
2019-05-01,21:31:00,61
2019-05-01,21:41:00,65.1
2019-05-01,21:51:00,59.3
2019-05-01,22:01:00,55.6
2019-05-01,22:11:00,59.6
2019-05-01,22:21:00,55.9
2019-05-01,22:31:00,60.2
2019-05-01,22:41:00,57.8
2019-05-01,22:51:00,58.2
2019-05-01,23:01:00,59.5
2019-05-01,23:11:00,55.9
2019-05-01,23:21:00,59.1
2019-05-01,23:31:00,57.8
2019-05-01,23:41:00,57
2019-05-01,23:51:00,55.9
2019-05-02,00:01:00,61.4
2019-05-02,00:11:00,57.8
2019-05-02,00:21:00,60.3
2019-05-02,00:31:00,59.8
2019-05-02,00:41:00,59.7
2019-05-02,00:51:00,60.8
2019-05-02,01:01:00,60.4
2019-05-02,01:11:00,54.9
2019-05-02,01:21:00,59.3
2019-05-02,01:31:00,59.4
2019-05-02,01:41:00,58
2019-05-02,01:51:00,58.6
2019-05-02,02:01:00,59.1
2019-05-02,02:11:00,56.5
2019-05-02,02:21:00,58.3
2019-05-02,02:31:00,57.5
2019-05-02,02:41:00,57.7
2019-05-02,02:51:00,59.8
2019-05-02,03:01:00,59
2019-05-02,03:11:00,61.4
2019-05-02,03:21:00,62.5
2019-05-02,03:31:00,54.5
2019-05-02,03:41:00,55.4
2019-05-02,03:51:00,58.7
2019-05-02,04:01:00,60.3
2019-05-02,04:11:00,59.3
2019-05-02,04:21:00,60.3
2019-05-02,04:31:00,62.1
2019-05-02,04:41:00,58.4
2019-05-02,04:51:00,59.9
2019-05-02,05:01:00,61.9
2019-05-02,05:11:00,62.9
2019-05-02,05:21:00,62.6
2019-05-02,05:31:00,58.9
2019-05-02,05:41:00,57.2
2019-05-02,05:51:00,60.2
2019-05-02,06:01:00,58.6
2019-05-02,06:11:00,62.9
2019-05-02,06:21:00,60.7
2019-05-02,06:31:00,59.9
2019-05-02,06:41:00,60.9
2019-05-02,06:51:00,59.8
2019-05-02,07:01:00,59.5
2019-05-02,07:11:00,59.6
2019-05-02,07:21:00,60.4
2019-05-02,07:31:00,62.8
2019-05-02,07:41:00,58
2019-05-02,07:51:00,61.9
2019-05-02,08:01:00,60.5
2019-05-02,08:11:00,56.8
2019-05-02,08:21:00,59.2
2019-05-02,08:31:00,58.9
2019-05-02,08:41:00,56.5
2019-05-02,08:51:00,58
2019-05-02,09:01:00,59.2
2019-05-02,09:11:00,61.6
2019-05-02,09:21:00,59.6
2019-05-02,09:31:00,58
2019-05-02,09:41:00,59.9
2019-05-02,09:51:00,55.9
2019-05-02,10:01:00,60.4
2019-05-02,10:11:00,60.2
2019-05-02,10:21:00,58.4
2019-05-02,10:31:00,58.4
2019-05-02,10:41:00,60.9
2019-05-02,10:51:00,57.5
2019-05-02,11:01:00,57.6
2019-05-02,11:11:00,57.8
2019-05-02,11:21:00,60
2019-05-02,11:31:00,53.3
2019-05-02,11:41:00,58.3
2019-05-02,11:51:00,62.8
2019-05-02,12:01:00,59.5
2019-05-02,12:11:00,61.1
2019-05-02,12:21:00,60.7
2019-05-02,12:31:00,58.4
2019-05-02,12:41:00,61.4
2019-05-02,12:51:00,57.5
2019-05-02,13:01:00,61.8
2019-05-02,13:11:00,64.4
2019-05-02,13:21:00,61.1
2019-05-02,13:31:00,59.4
2019-05-02,13:41:00,61.6
2019-05-02,13:51:00,58.9
2019-05-02,14:01:00,57.6
2019-05-02,14:11:00,60.3
2019-05-02,14:21:00,57
2019-05-02,14:31:00,62.4
2019-05-02,14:41:00,58.1
2019-05-02,14:51:00,58.5
2019-05-02,15:01:00,62.4
2019-05-02,15:11:00,60.2
2019-05-02,15:21:00,61.9
2019-05-02,15:31:00,61.1
2019-05-02,15:41:00,58.6
2019-05-02,15:51:00,60.6
2019-05-02,16:01:00,61
2019-05-02,16:11:00,63
2019-05-02,16:21:00,60.5
2019-05-02,16:31:00,63.3
2019-05-02,16:41:00,60.3
2019-05-02,16:51:00,60.3
2019-05-02,17:01:00,63.6
2019-05-02,17:11:00,60.6
2019-05-02,17:21:00,57.5
2019-05-02,17:31:00,61.2
2019-05-02,17:41:00,61.8
2019-05-02,17:51:00,62.7
2019-05-02,18:01:00,56.4
2019-05-02,18:11:00,58.3
2019-05-02,18:21:00,59.9
2019-05-02,18:31:00,61.5
2019-05-02,18:41:00,58.5
2019-05-02,18:51:00,58.9
2019-05-02,19:01:00,60.8
2019-05-02,19:11:00,58.2
2019-05-02,19:21:00,62.7
2019-05-02,19:31:00,59.9
2019-05-02,19:41:00,60.4
2019-05-02,19:51:00,60.3
2019-05-02,20:01:00,60.3
2019-05-02,20:11:00,58.1
2019-05-02,20:21:00,57.5
2019-05-02,20:31:00,57.4
2019-05-02,20:41:00,60.3
2019-05-02,20:51:00,57.8
2019-05-02,21:01:00,63.1
2019-05-02,21:11:00,60.3
2019-05-02,21:21:00,61.5
2019-05-02,21:31:00,58.3
2019-05-02,21:41:00,59.4
2019-05-02,21:51:00,60.9
2019-05-02,22:01:00,59.1
2019-05-02,22:11:00,59.6
2019-05-02,22:21:00,60.2
2019-05-02,22:31:00,55.2
2019-05-02,22:41:00,59.4
2019-05-02,22:51:00,57.6
2019-05-02,23:01:00,60.5
2019-05-02,23:11:00,58.7
2019-05-02,23:21:00,59.6
2019-05-02,23:31:00,61.1
2019-05-02,23:41:00,57.5
2019-05-02,23:51:00,63.6
2019-05-03,00:01:00,59.2
2019-05-03,00:11:00,66.1
2019-05-03,00:21:00,58.9
2019-05-03,00:31:00,59.4
2019-05-03,00:41:00,61.7
2019-05-03,00:51:00,59.2
2019-05-03,01:01:00,60.1
2019-05-03,01:11:00,62.6
2019-05-03,01:21:00,58.9
2019-05-03,01:31:00,59.9
2019-05-03,01:41:00,61.3
2019-05-03,01:51:00,61
2019-05-03,02:01:00,60.2
2019-05-03,02:11:00,60.2
2019-05-03,02:21:00,58.7
2019-05-03,02:31:00,61.3
2019-05-03,02:41:00,62
2019-05-03,02:51:00,60.2
2019-05-03,03:01:00,61.1
2019-05-03,03:11:00,60
2019-05-03,03:21:00,60.8
2019-05-03,03:31:00,60.6
2019-05-03,03:41:00,57.3
2019-05-03,03:51:00,59.9
2019-05-03,04:01:00,62.6
2019-05-03,04:11:00,58.8
2019-05-03,04:21:00,57.3
2019-05-03,04:31:00,57
2019-05-03,04:41:00,59.8
2019-05-03,04:51:00,58.7
2019-05-03,05:01:00,59.6
2019-05-03,05:11:00,57.9
2019-05-03,05:21:00,58.9
2019-05-03,05:31:00,63.5
2019-05-03,05:41:00,62.8
2019-05-03,05:51:00,58.3
2019-05-03,06:01:00,62.2
2019-05-03,06:11:00,63.2
2019-05-03,06:21:00,61.1
2019-05-03,06:31:00,56.2
2019-05-03,06:41:00,60.5
2019-05-03,06:51:00,60.1
2019-05-03,07:01:00,61.9
2019-05-03,07:11:00,59.9
2019-05-03,07:21:00,58.4
2019-05-03,07:31:00,61
2019-05-03,07:41:00,59.1
2019-05-03,07:51:00,58.1
2019-05-03,08:01:00,61.6
2019-05-03,08:11:00,61.1
2019-05-03,08:21:00,59.2
2019-05-03,08:31:00,62.7
2019-05-03,08:41:00,60.7
2019-05-03,08:51:00,58
2019-05-03,09:01:00,61.6
2019-05-03,09:11:00,63.7
2019-05-03,09:21:00,62.1
2019-05-03,09:31:00,61
2019-05-03,09:41:00,58.1
2019-05-03,09:51:00,57.2
2019-05-03,10:01:00,63.1
2019-05-03,10:11:00,61.4
2019-05-03,10:21:00,60.4
2019-05-03,10:31:00,63.3
2019-05-03,10:41:00,60.4
2019-05-03,10:51:00,60.6
2019-05-03,11:01:00,63.9
2019-05-03,11:11:00,63.3
2019-05-03,11:21:00,59.2
2019-05-03,11:31:00,61.3
2019-05-03,11:41:00,58.5
2019-05-03,11:51:00,58.6
2019-05-03,12:01:00,57.3
2019-05-03,12:11:00,59.2
2019-05-03,12:21:00,56.7
2019-05-03,12:31:00,61.9
2019-05-03,12:41:00,58.1
2019-05-03,12:51:00,60.1
2019-05-03,13:01:00,58.9
2019-05-03,13:11:00,57.7
2019-05-03,13:21:00,58.7
2019-05-03,13:31:00,59.5
2019-05-03,13:41:00,61.7
2019-05-03,13:51:00,60.5
2019-05-03,14:01:00,60.5
2019-05-03,14:11:00,58.9
2019-05-03,14:21:00,59.3
2019-05-03,14:31:00,61
2019-05-03,14:41:00,58.6
2019-05-03,14:51:00,60.2
2019-05-03,15:01:00,61.7
2019-05-03,15:11:00,61.4
2019-05-03,15:21:00,59
2019-05-03,15:31:00,58.6
2019-05-03,15:41:00,58
2019-05-03,15:51:00,63.1
2019-05-03,16:01:00,63
2019-05-03,16:11:00,57.3
2019-05-03,16:21:00,59.4
2019-05-03,16:31:00,58.1
2019-05-03,16:41:00,57.3
2019-05-03,16:51:00,61.4
2019-05-03,17:01:00,55.8
2019-05-03,17:11:00,58.9
2019-05-03,17:21:00,59.2
2019-05-03,17:31:00,62
2019-05-03,17:41:00,59.7
2019-05-03,17:51:00,60.4
2019-05-03,18:01:00,55.3
2019-05-03,18:11:00,58.6
2019-05-03,18:21:00,61.8
2019-05-03,18:31:00,60.5
2019-05-03,18:41:00,61.1
2019-05-03,18:51:00,58.8
2019-05-03,19:01:00,60.4
2019-05-03,19:11:00,60.4
2019-05-03,19:21:00,58.8
2019-05-03,19:31:00,56.7
2019-05-03,19:41:00,60.4
2019-05-03,19:51:00,59.2
2019-05-03,20:01:00,60.8
2019-05-03,20:11:00,61.1
2019-05-03,20:21:00,58.9
2019-05-03,20:31:00,60.2
2019-05-03,20:41:00,57.7
2019-05-03,20:51:00,56.5
2019-05-03,21:01:00,59.1
2019-05-03,21:11:00,62.9
2019-05-03,21:21:00,57
2019-05-03,21:31:00,55.4
2019-05-03,21:41:00,59.6
2019-05-03,21:51:00,61
2019-05-03,22:01:00,60.3
2019-05-03,22:11:00,56.8
2019-05-03,22:21:00,58.5
2019-05-03,22:31:00,59.1
2019-05-03,22:41:00,60.6
2019-05-03,22:51:00,61.6
2019-05-03,23:01:00,57.3
2019-05-03,23:11:00,59.8
2019-05-03,23:21:00,58.9
2019-05-03,23:31:00,62
2019-05-03,23:41:00,58.6
2019-05-03,23:51:00,58.1
2019-05-04,00:01:00,61.9
2019-05-04,00:11:00,60.7
2019-05-04,00:21:00,62.8
2019-05-04,00:31:00,55.1
2019-05-04,00:41:00,55.7
2019-05-04,00:51:00,57.5
2019-05-04,01:01:00,57.6
2019-05-04,01:11:00,59.9
2019-05-04,01:21:00,58.5
2019-05-04,01:31:00,60.6
2019-05-04,01:41:00,60.5
2019-05-04,01:51:00,59.5
2019-05-04,02:01:00,59.7
2019-05-04,02:11:00,57.9
2019-05-04,02:21:00,56.1
2019-05-04,02:31:00,58
2019-05-04,02:41:00,60.2
2019-05-04,02:51:00,57.6
2019-05-04,03:01:00,60.6
2019-05-04,03:11:00,56.7
2019-05-04,03:21:00,60.8
2019-05-04,03:31:00,58.4
2019-05-04,03:41:00,59.2
2019-05-04,03:51:00,58.1
2019-05-04,04:01:00,60.9
2019-05-04,04:11:00,58.6
2019-05-04,04:21:00,62
2019-05-04,04:31:00,60.2
2019-05-04,04:41:00,54.7
2019-05-04,04:51:00,59.5
2019-05-04,05:01:00,59.5
2019-05-04,05:11:00,62.9
2019-05-04,05:21:00,61.3
2019-05-04,05:31:00,62.3
2019-05-04,05:41:00,65.2
2019-05-04,05:51:00,61.2
2019-05-04,06:01:00,59.2
2019-05-04,06:11:00,62.7
2019-05-04,06:21:00,63.5
2019-05-04,06:31:00,62.4
2019-05-04,06:41:00,65.5
2019-05-04,06:51:00,64.2
2019-05-04,07:01:00,63.6
2019-05-04,07:11:00,66.5
2019-05-04,07:21:00,59.4
2019-05-04,07:31:00,63.8
2019-05-04,07:41:00,63.4
2019-05-04,07:51:00,65.7
2019-05-04,08:01:00,63.1
2019-05-04,08:11:00,65.6
2019-05-04,08:21:00,63.2
2019-05-04,08:31:00,66.1
2019-05-04,08:41:00,66.8
2019-05-04,08:51:00,62.2
2019-05-04,09:01:00,67.7
2019-05-04,09:11:00,63.3
2019-05-04,09:21:00,62
2019-05-04,09:31:00,63.8
2019-05-04,09:41:00,61.1
2019-05-04,09:51:00,65
2019-05-04,10:01:00,63.6
2019-05-04,10:11:00,68.8
2019-05-04,10:21:00,66.9
2019-05-04,10:31:00,68.4
2019-05-04,10:41:00,66.4
2019-05-04,10:51:00,64.2
2019-05-04,11:01:00,64.2
2019-05-04,11:11:00,67.3
2019-05-04,11:21:00,64.3
2019-05-04,11:31:00,65.1
2019-05-04,11:41:00,65.3
2019-05-04,11:51:00,65.3
2019-05-04,12:01:00,66.1
2019-05-04,12:11:00,65.4
2019-05-04,12:21:00,63.2
2019-05-04,12:31:00,56.7
2019-05-04,12:41:00,60.3
2019-05-04,12:51:00,59.8
2019-05-04,13:01:00,60.8
2019-05-04,13:11:00,61.6
2019-05-04,13:21:00,63.4
2019-05-04,13:31:00,64.5
2019-05-04,13:41:00,63.1
2019-05-04,13:51:00,61.8
2019-05-04,14:01:00,63.5
2019-05-04,14:11:00,62.2
2019-05-04,14:21:00,59.5
2019-05-04,14:31:00,63
2019-05-04,14:41:00,58.9
2019-05-04,14:51:00,66
2019-05-04,15:01:00,60.6
2019-05-04,15:11:00,63.7
2019-05-04,15:21:00,62.5
2019-05-04,15:31:00,59.5
2019-05-04,15:41:00,64
2019-05-04,15:51:00,59.3
2019-05-04,16:01:00,61.2
2019-05-04,16:11:00,63.4
2019-05-04,16:21:00,63.8
2019-05-04,16:31:00,59.2
2019-05-04,16:41:00,65.4
2019-05-04,16:51:00,63.3
2019-05-04,17:01:00,65.3
2019-05-04,17:11:00,63.5
2019-05-04,17:21:00,63.1
2019-05-04,17:31:00,60
2019-05-04,17:41:00,60.2
2019-05-04,17:51:00,65.5
2019-05-04,18:01:00,62
2019-05-04,18:11:00,60.6
2019-05-04,18:21:00,56.3
2019-05-04,18:31:00,61.7
2019-05-04,18:41:00,59.7
2019-05-04,18:51:00,60.5
2019-05-04,19:01:00,63.8
2019-05-04,19:11:00,59.7
2019-05-04,19:21:00,57.3
2019-05-04,19:31:00,61.6
2019-05-04,19:41:00,61.1
2019-05-04,19:51:00,61.4
2019-05-04,20:01:00,64.1
2019-05-04,20:11:00,64.4
2019-05-04,20:21:00,66.9
2019-05-04,20:31:00,61.6
2019-05-04,20:41:00,60.6
2019-05-04,20:51:00,62.8
2019-05-04,21:01:00,67.1
2019-05-04,21:11:00,61.6
2019-05-04,21:21:00,63.6
2019-05-04,21:31:00,63.4
2019-05-04,21:41:00,63.4
2019-05-04,21:51:00,65.3
2019-05-04,22:01:00,62.5
2019-05-04,22:11:00,59.3
2019-05-04,22:21:00,61.4
2019-05-04,22:31:00,66.7
2019-05-04,22:41:00,62.7
2019-05-04,22:51:00,59.8
2019-05-04,23:01:00,63.4
2019-05-04,23:11:00,60.6
2019-05-04,23:21:00,61.4
2019-05-04,23:31:00,59.4
2019-05-04,23:41:00,62
2019-05-04,23:51:00,60.4
2019-05-05,00:01:00,62.7
2019-05-05,00:11:00,60.7
2019-05-05,00:21:00,63.1
2019-05-05,00:31:00,64.3
2019-05-05,00:41:00,59.5
2019-05-05,00:51:00,56.9
2019-05-05,01:01:00,58.9
2019-05-05,01:11:00,59.9
2019-05-05,01:21:00,60.7
2019-05-05,01:31:00,61.3
2019-05-05,01:41:00,60
2019-05-05,01:51:00,62.2
2019-05-05,02:01:00,61
2019-05-05,02:11:00,60.6
2019-05-05,02:21:00,60.6
2019-05-05,02:31:00,59.7
2019-05-05,02:41:00,60.5
2019-05-05,02:51:00,58.5
2019-05-05,03:01:00,58.1
2019-05-05,03:11:00,58.7
2019-05-05,03:21:00,56.5
2019-05-05,03:31:00,60.2
2019-05-05,03:41:00,62.1
2019-05-05,03:51:00,61.7
2019-05-05,04:01:00,65.9
2019-05-05,04:11:00,64
2019-05-05,04:21:00,60.6
2019-05-05,04:31:00,60.5
2019-05-05,04:41:00,59.8
2019-05-05,04:51:00,61.9
2019-05-05,05:01:00,63.2
2019-05-05,05:11:00,65.1
2019-05-05,05:21:00,62.9
2019-05-05,05:31:00,57.1
2019-05-05,05:41:00,62
2019-05-05,05:51:00,62.3
2019-05-05,06:01:00,62.2
2019-05-05,06:11:00,62.4
2019-05-05,06:21:00,63.9
2019-05-05,06:31:00,61
2019-05-05,06:41:00,63
2019-05-05,06:51:00,62.3
2019-05-05,07:01:00,63.1
2019-05-05,07:11:00,65.2
2019-05-05,07:21:00,64.5
2019-05-05,07:31:00,65.2
2019-05-05,07:41:00,64.4
2019-05-05,07:51:00,68.9
2019-05-05,08:01:00,65
2019-05-05,08:11:00,65.5
2019-05-05,08:21:00,68.3
2019-05-05,08:31:00,64.2
2019-05-05,08:41:00,70.6
2019-05-05,08:51:00,65.8
2019-05-05,09:01:00,68.1
2019-05-05,09:11:00,69.2
2019-05-05,09:21:00,71.6
2019-05-05,09:31:00,66.3
2019-05-05,09:41:00,68
2019-05-05,09:51:00,68.5
2019-05-05,10:01:00,65.2
2019-05-05,10:11:00,71
2019-05-05,10:21:00,68.5
2019-05-05,10:31:00,70.1
2019-05-05,10:41:00,70
2019-05-05,10:51:00,68.4
2019-05-05,11:01:00,71
2019-05-05,11:11:00,73.2
2019-05-05,11:21:00,73.6
2019-05-05,11:31:00,77.3
2019-05-05,11:41:00,81.7
2019-05-05,11:51:00,81
2019-05-05,12:01:00,83.1
2019-05-05,12:11:00,79.7
2019-05-05,12:21:00,83.6
2019-05-05,12:31:00,77.3
2019-05-05,12:41:00,78.5
2019-05-05,12:51:00,78.6
2019-05-05,13:01:00,80.3
2019-05-05,13:11:00,79.9
2019-05-05,13:21:00,79.6
2019-05-05,13:31:00,80.1
2019-05-05,13:41:00,81.5
2019-05-05,13:51:00,80
2019-05-05,14:01:00,79.2
2019-05-05,14:11:00,78.2
2019-05-05,14:21:00,78.8
2019-05-05,14:31:00,77.7
2019-05-05,14:41:00,78.1
2019-05-05,14:51:00,74.5
2019-05-05,15:01:00,74.5
2019-05-05,15:11:00,75
2019-05-05,15:21:00,73.5
2019-05-05,15:31:00,68.9
2019-05-05,15:41:00,75.3
2019-05-05,15:51:00,73.2
2019-05-05,16:01:00,72
2019-05-05,16:11:00,65.9
2019-05-05,16:21:00,70.2
2019-05-05,16:31:00,68.4
2019-05-05,16:41:00,66.4
2019-05-05,16:51:00,67.2
2019-05-05,17:01:00,69.3
2019-05-05,17:11:00,70.3
2019-05-05,17:21:00,64.7
2019-05-05,17:31:00,66.8
2019-05-05,17:41:00,67.1
2019-05-05,17:51:00,66.5
2019-05-05,18:01:00,60.5
2019-05-05,18:11:00,62.4
2019-05-05,18:21:00,60.1
2019-05-05,18:31:00,60.4
2019-05-05,18:41:00,61
2019-05-05,18:51:00,60.8
2019-05-05,19:01:00,62.1
2019-05-05,19:11:00,66.4
2019-05-05,19:21:00,62.8
2019-05-05,19:31:00,60
2019-05-05,19:41:00,64.4
2019-05-05,19:51:00,61.5
2019-05-05,20:01:00,62.8
2019-05-05,20:11:00,63.7
2019-05-05,20:21:00,69
2019-05-05,20:31:00,64.7
2019-05-05,20:41:00,66.5
2019-05-05,20:51:00,64.9
2019-05-05,21:01:00,64.2
2019-05-05,21:11:00,65.8
2019-05-05,21:21:00,66.8
2019-05-05,21:31:00,71.9
2019-05-05,21:41:00,68.4
2019-05-05,21:51:00,65.2
2019-05-05,22:01:00,66.9
2019-05-05,22:11:00,67.5
2019-05-05,22:21:00,63.9
2019-05-05,22:31:00,64.4
2019-05-05,22:41:00,62.5
2019-05-05,22:51:00,65.8
2019-05-05,23:01:00,63
2019-05-05,23:11:00,63.9
2019-05-05,23:21:00,62.6
2019-05-05,23:31:00,66.2
2019-05-05,23:41:00,67
2019-05-05,23:51:00,68.3
2019-05-06,00:01:00,67.8
2019-05-06,00:11:00,66.4
2019-05-06,00:21:00,67.5
2019-05-06,00:31:00,65.2
2019-05-06,00:41:00,66.2
2019-05-06,00:51:00,67
2019-05-06,01:01:00,64
2019-05-06,01:11:00,64.1
2019-05-06,01:21:00,62.2
2019-05-06,01:31:00,61.7
2019-05-06,01:41:00,63.1
2019-05-06,01:51:00,64.2
2019-05-06,02:01:00,66.1
2019-05-06,02:11:00,66.8
2019-05-06,02:21:00,63
2019-05-06,02:31:00,64.3
2019-05-06,02:41:00,61.9
2019-05-06,02:51:00,60.7
2019-05-06,03:01:00,62.9
2019-05-06,03:11:00,62
2019-05-06,03:21:00,57.2
2019-05-06,03:31:00,61.8
2019-05-06,03:41:00,61.1
2019-05-06,03:51:00,57.1
2019-05-06,04:01:00,58.7
2019-05-06,04:11:00,55.2
2019-05-06,04:21:00,59.8
2019-05-06,04:31:00,54.9
2019-05-06,04:41:00,57.6
2019-05-06,04:51:00,57.7
2019-05-06,05:01:00,57.9
2019-05-06,05:11:00,58.4
2019-05-06,05:21:00,57.9
2019-05-06,05:31:00,58.4
2019-05-06,05:41:00,60
2019-05-06,05:51:00,62.8
2019-05-06,06:01:00,59.8
2019-05-06,06:11:00,66.2
2019-05-06,06:21:00,65.4
2019-05-06,06:31:00,63.9
2019-05-06,06:41:00,66
2019-05-06,06:51:00,63.9
2019-05-06,07:01:00,67.1
2019-05-06,07:11:00,69.8
2019-05-06,07:21:00,66.7
2019-05-06,07:31:00,72.9
2019-05-06,07:41:00,71.4
2019-05-06,07:51:00,68.2
2019-05-06,08:01:00,67.5
2019-05-06,08:11:00,67.8
2019-05-06,08:21:00,71.7
2019-05-06,08:31:00,71.5
2019-05-06,08:41:00,70.5
2019-05-06,08:51:00,68.5
2019-05-06,09:01:00,69
2019-05-06,09:11:00,66.6
2019-05-06,09:21:00,71.1
2019-05-06,09:31:00,68.6
2019-05-06,09:41:00,64.9
2019-05-06,09:51:00,64.6
2019-05-06,10:01:00,67.1
2019-05-06,10:11:00,71.5
2019-05-06,10:21:00,71
2019-05-06,10:31:00,72
2019-05-06,10:41:00,67.7
2019-05-06,10:51:00,69
2019-05-06,11:01:00,69.7
2019-05-06,11:11:00,66.3
2019-05-06,11:21:00,65.6
2019-05-06,11:31:00,67.9
2019-05-06,11:41:00,75.5
2019-05-06,11:51:00,70.8
2019-05-06,12:01:00,67.6
2019-05-06,12:11:00,69.3
2019-05-06,12:21:00,67.2
2019-05-06,12:31:00,68.2
2019-05-06,12:41:00,65.3
2019-05-06,12:51:00,70.4
2019-05-06,13:01:00,69.7
2019-05-06,13:11:00,69.3
2019-05-06,13:21:00,72.9
2019-05-06,13:31:00,71.4
2019-05-06,13:41:00,62.9
2019-05-06,13:51:00,69.4
2019-05-06,14:01:00,65.3
2019-05-06,14:11:00,65.3
2019-05-06,14:21:00,68.5
2019-05-06,14:31:00,63.4
2019-05-06,14:41:00,65
2019-05-06,14:51:00,66.8
2019-05-06,15:01:00,63.6
2019-05-06,15:11:00,64.8
2019-05-06,15:21:00,65.7
2019-05-06,15:31:00,63.6
2019-05-06,15:41:00,61.1
2019-05-06,15:51:00,63.3
2019-05-06,16:01:00,61.1
2019-05-06,16:11:00,60.8
2019-05-06,16:21:00,58.1
2019-05-06,16:31:00,59.5
2019-05-06,16:41:00,60.2
2019-05-06,16:51:00,62.2
2019-05-06,17:01:00,58.6
2019-05-06,17:11:00,56.9
2019-05-06,17:21:00,59.4
2019-05-06,17:31:00,59.3
2019-05-06,17:41:00,59.6
2019-05-06,17:51:00,59.7
2019-05-06,18:01:00,58.6
2019-05-06,18:11:00,58.3
2019-05-06,18:21:00,58
2019-05-06,18:31:00,56
2019-05-06,18:41:00,58.3
2019-05-06,18:51:00,57.2
2019-05-06,19:01:00,58.8
2019-05-06,19:11:00,55.2
2019-05-06,19:21:00,56.4
2019-05-06,19:31:00,56.9
2019-05-06,19:41:00,58.6
2019-05-06,19:51:00,57.3
2019-05-06,20:01:00,57.5
2019-05-06,20:11:00,58.2
2019-05-06,20:21:00,57.1
2019-05-06,20:31:00,56.5
2019-05-06,20:41:00,50.9
2019-05-06,20:51:00,55.7
2019-05-06,21:01:00,56.6
2019-05-06,21:11:00,55.6
2019-05-06,21:21:00,58.6
2019-05-06,21:31:00,58.8
2019-05-06,21:41:00,57.1
2019-05-06,21:51:00,57
2019-05-06,22:01:00,57.5
2019-05-06,22:11:00,56.6
2019-05-06,22:21:00,60.7
2019-05-06,22:31:00,58.7
2019-05-06,22:41:00,57.5
2019-05-06,22:51:00,55.8
2019-05-06,23:01:00,58.4
2019-05-06,23:11:00,57.1
2019-05-06,23:21:00,57.9
2019-05-06,23:31:00,59.4
2019-05-06,23:41:00,60.9
2019-05-06,23:51:00,59.1
2019-05-07,00:01:00,58.1
2019-05-07,00:11:00,58.6
2019-05-07,00:21:00,58
2019-05-07,00:31:00,57.7
2019-05-07,00:41:00,58.3
2019-05-07,00:51:00,61.6
2019-05-07,01:01:00,56.9
2019-05-07,01:11:00,56.4
2019-05-07,01:21:00,58
2019-05-07,01:31:00,58.5
2019-05-07,01:41:00,58
2019-05-07,01:51:00,55
2019-05-07,02:01:00,55.2
2019-05-07,02:11:00,60.5
2019-05-07,02:21:00,57.6
2019-05-07,02:31:00,59.1
2019-05-07,02:41:00,56.2
2019-05-07,02:51:00,56
2019-05-07,03:01:00,55.5
2019-05-07,03:11:00,59.6
2019-05-07,03:21:00,56.9
2019-05-07,03:31:00,54.9
2019-05-07,03:41:00,52.7
2019-05-07,03:51:00,57.8
2019-05-07,04:01:00,55.8
2019-05-07,04:11:00,55.8
2019-05-07,04:21:00,56.2
2019-05-07,04:31:00,57.8
2019-05-07,04:41:00,55.8
2019-05-07,04:51:00,54.9
2019-05-07,05:01:00,55
2019-05-07,05:11:00,56.1
2019-05-07,05:21:00,56.7
2019-05-07,05:31:00,57.9
2019-05-07,05:41:00,57.4
2019-05-07,05:51:00,63.1
2019-05-07,06:01:00,57.7
2019-05-07,06:11:00,55.8
2019-05-07,06:21:00,55.6
2019-05-07,06:31:00,55.7
2019-05-07,06:41:00,57.5
2019-05-07,06:51:00,58
2019-05-07,07:01:00,57.1
2019-05-07,07:11:00,62
2019-05-07,07:21:00,55
2019-05-07,07:31:00,58
2019-05-07,07:41:00,57.6
2019-05-07,07:51:00,54.1
2019-05-07,08:01:00,56
2019-05-07,08:11:00,58.7
2019-05-07,08:21:00,57.3
2019-05-07,08:31:00,55.9
2019-05-07,08:41:00,55.2
2019-05-07,08:51:00,55.4
2019-05-07,09:01:00,55.7
2019-05-07,09:11:00,58.2
2019-05-07,09:21:00,56.1
2019-05-07,09:31:00,59.3
2019-05-07,09:41:00,57.9
2019-05-07,09:51:00,54.7
2019-05-07,10:01:00,55.7
2019-05-07,10:11:00,52
2019-05-07,10:21:00,55.5
2019-05-07,10:31:00,58.9
2019-05-07,10:41:00,57.8
2019-05-07,10:51:00,52.9
2019-05-07,11:01:00,56
2019-05-07,11:11:00,56.5
2019-05-07,11:21:00,52.7
2019-05-07,11:31:00,57.9
2019-05-07,11:41:00,54.3
2019-05-07,11:51:00,56.1
2019-05-07,12:01:00,55
2019-05-07,12:11:00,57.6
2019-05-07,12:21:00,54.4
2019-05-07,12:31:00,55.9
2019-05-07,12:41:00,53.2
2019-05-07,12:51:00,57.4
2019-05-07,13:01:00,58.1
2019-05-07,13:11:00,62.8
2019-05-07,13:21:00,56.6
2019-05-07,13:31:00,57.6
2019-05-07,13:41:00,55.1
2019-05-07,13:51:00,57.2
2019-05-07,14:01:00,57.6
2019-05-07,14:11:00,59.8
2019-05-07,14:21:00,59.9
2019-05-07,14:31:00,57
2019-05-07,14:41:00,56.2
2019-05-07,14:51:00,58.1
2019-05-07,15:01:00,59.6
2019-05-07,15:11:00,58.4
2019-05-07,15:21:00,59.4
2019-05-07,15:31:00,58.8
2019-05-07,15:41:00,55.3
2019-05-07,15:51:00,59.4
2019-05-07,16:01:00,57.5
2019-05-07,16:11:00,59
2019-05-07,16:21:00,59.3
2019-05-07,16:31:00,59.8
2019-05-07,16:41:00,58.2
2019-05-07,16:51:00,57
2019-05-07,17:01:00,57.2
2019-05-07,17:11:00,58.8
2019-05-07,17:21:00,57.1
2019-05-07,17:31:00,54.9
2019-05-07,17:41:00,59
2019-05-07,17:51:00,55.7
2019-05-07,18:01:00,54.9
2019-05-07,18:11:00,55.2
2019-05-07,18:21:00,56.2
2019-05-07,18:31:00,56.3
2019-05-07,18:41:00,54.7
2019-05-07,18:51:00,56.9
2019-05-07,19:01:00,61.8
2019-05-07,19:11:00,53.2
2019-05-07,19:21:00,55.1
2019-05-07,19:31:00,54.7
2019-05-07,19:41:00,58
2019-05-07,19:51:00,59.2
2019-05-07,20:01:00,57.2
2019-05-07,20:11:00,56.1
2019-05-07,20:21:00,56.3
2019-05-07,20:31:00,56.6
2019-05-07,20:41:00,58
2019-05-07,20:51:00,57.7
2019-05-07,21:01:00,54.5
2019-05-07,21:11:00,58.7
2019-05-07,21:21:00,56.9
2019-05-07,21:31:00,58.8
2019-05-07,21:41:00,58.4
2019-05-07,21:51:00,60.4
2019-05-07,22:01:00,54.4
2019-05-07,22:11:00,53.9
2019-05-07,22:21:00,58.1
2019-05-07,22:31:00,55.4
2019-05-07,22:41:00,58.8
2019-05-07,22:51:00,55.7
2019-05-07,23:01:00,57.9
2019-05-07,23:11:00,53.5
2019-05-07,23:21:00,55.3
2019-05-07,23:31:00,56.9
2019-05-07,23:41:00,58.7
2019-05-07,23:51:00,56.2
2019-05-08,00:01:00,56.7
2019-05-08,00:11:00,55.1
2019-05-08,00:21:00,54.1
2019-05-08,00:31:00,57
2019-05-08,00:41:00,53.1
2019-05-08,00:51:00,58.9
2019-05-08,01:01:00,58.4
2019-05-08,01:11:00,56.5
2019-05-08,01:21:00,53.4
2019-05-08,01:31:00,57.6
2019-05-08,01:41:00,57.7
2019-05-08,01:51:00,55.1
2019-05-08,02:01:00,55.3
2019-05-08,02:11:00,54.9
2019-05-08,02:21:00,57.9
2019-05-08,02:31:00,56.4
2019-05-08,02:41:00,54.3
2019-05-08,02:51:00,56.6
2019-05-08,03:01:00,60.2
2019-05-08,03:11:00,60.6
2019-05-08,03:21:00,59.6
2019-05-08,03:31:00,55.9
2019-05-08,03:41:00,56.6
2019-05-08,03:51:00,51.2
2019-05-08,04:01:00,56.3
2019-05-08,04:11:00,59.1
2019-05-08,04:21:00,58
2019-05-08,04:31:00,57.4
2019-05-08,04:41:00,56.3
2019-05-08,04:51:00,59.5
2019-05-08,05:01:00,57.6
2019-05-08,05:11:00,56.2
2019-05-08,05:21:00,60.5
2019-05-08,05:31:00,56
2019-05-08,05:41:00,54.1
2019-05-08,05:51:00,58.5
2019-05-08,06:01:00,57.4
2019-05-08,06:11:00,59.9
2019-05-08,06:21:00,59.4
2019-05-08,06:31:00,57.1
2019-05-08,06:41:00,59
2019-05-08,06:51:00,57
2019-05-08,07:01:00,58.4
2019-05-08,07:11:00,54.3
2019-05-08,07:21:00,59.9
2019-05-08,07:31:00,57
2019-05-08,07:41:00,58.1
2019-05-08,07:51:00,57.2
2019-05-08,08:01:00,59.4
2019-05-08,08:11:00,59.9
2019-05-08,08:21:00,57.2
2019-05-08,08:31:00,53.4
2019-05-08,08:41:00,58.6
2019-05-08,08:51:00,57.8
2019-05-08,09:01:00,58.7
2019-05-08,09:11:00,57.8
2019-05-08,09:21:00,57
2019-05-08,09:31:00,58.3
2019-05-08,09:41:00,56.6
2019-05-08,09:51:00,59.7
2019-05-08,10:01:00,54.4
2019-05-08,10:11:00,55.8
2019-05-08,10:21:00,55.1
2019-05-08,10:31:00,53.6
2019-05-08,10:41:00,56
2019-05-08,10:51:00,59.8
2019-05-08,11:01:00,57.2
2019-05-08,11:11:00,56.4
2019-05-08,11:21:00,55.5
2019-05-08,11:31:00,57.6
2019-05-08,11:41:00,53.1
2019-05-08,11:51:00,53
2019-05-08,12:01:00,59.7
2019-05-08,12:11:00,59
2019-05-08,12:21:00,55.7
2019-05-08,12:31:00,56.1
2019-05-08,12:41:00,61.6
2019-05-08,12:51:00,57.1
2019-05-08,13:01:00,55.5
2019-05-08,13:11:00,52.7
2019-05-08,13:21:00,58.4
2019-05-08,13:31:00,56.7
2019-05-08,13:41:00,59.5
2019-05-08,13:51:00,61.2
2019-05-08,14:01:00,62.9
2019-05-08,14:11:00,57.5
2019-05-08,14:21:00,60.1
2019-05-08,14:31:00,59.4
2019-05-08,14:41:00,57.1
2019-05-08,14:51:00,59.7
2019-05-08,15:01:00,58.5
2019-05-08,15:11:00,58
2019-05-08,15:21:00,54.2
2019-05-08,15:31:00,62.7
2019-05-08,15:41:00,56.3
2019-05-08,15:51:00,57.9
2019-05-08,16:01:00,58.8
2019-05-08,16:11:00,55.6
2019-05-08,16:21:00,59.3
2019-05-08,16:31:00,58.5
2019-05-08,16:41:00,61.7
2019-05-08,16:51:00,59.9
2019-05-08,17:01:00,58.9
2019-05-08,17:11:00,57.8
2019-05-08,17:21:00,57
2019-05-08,17:31:00,55.7
2019-05-08,17:41:00,57.9
2019-05-08,17:51:00,58.5
2019-05-08,18:01:00,61.1
2019-05-08,18:11:00,55.3
2019-05-08,18:21:00,54.7
2019-05-08,18:31:00,56.2
2019-05-08,18:41:00,59.6
2019-05-08,18:51:00,56.5
2019-05-08,19:01:00,59.6
2019-05-08,19:11:00,57
2019-05-08,19:21:00,56
2019-05-08,19:31:00,56.8
2019-05-08,19:41:00,57.3
2019-05-08,19:51:00,57
2019-05-08,20:01:00,58.6
2019-05-08,20:11:00,59
2019-05-08,20:21:00,57.5
2019-05-08,20:31:00,56.8
2019-05-08,20:41:00,56.8
2019-05-08,20:51:00,58.2
2019-05-08,21:01:00,57.4
2019-05-08,21:11:00,53.9
2019-05-08,21:21:00,56.1
2019-05-08,21:31:00,56
2019-05-08,21:41:00,57.6
2019-05-08,21:51:00,57.3
2019-05-08,22:01:00,57.1
2019-05-08,22:11:00,57
2019-05-08,22:21:00,58.9
2019-05-08,22:31:00,56.2
2019-05-08,22:41:00,57.5
2019-05-08,22:51:00,53.2
2019-05-08,23:01:00,55.4
2019-05-08,23:11:00,56.9
2019-05-08,23:21:00,58
2019-05-08,23:31:00,56.6
2019-05-08,23:41:00,59.4
2019-05-08,23:51:00,56
2019-05-09,00:01:00,56.1
2019-05-09,00:11:00,58.9
2019-05-09,00:21:00,60.7
2019-05-09,00:31:00,54.7
2019-05-09,00:41:00,57.7
2019-05-09,00:51:00,57.7
2019-05-09,01:01:00,58.8
2019-05-09,01:11:00,56.7
2019-05-09,01:21:00,57.4
2019-05-09,01:31:00,56.9
2019-05-09,01:41:00,57.1
2019-05-09,01:51:00,57.3
2019-05-09,02:01:00,54.7
2019-05-09,02:11:00,55.1
2019-05-09,02:21:00,56.5
2019-05-09,02:31:00,54.5
2019-05-09,02:41:00,59.8
2019-05-09,02:51:00,59.7
2019-05-09,03:01:00,57.9
2019-05-09,03:11:00,56.9
2019-05-09,03:21:00,56.9
2019-05-09,03:31:00,57.1
2019-05-09,03:41:00,58.9
2019-05-09,03:51:00,59.7
2019-05-09,04:01:00,60.5
2019-05-09,04:11:00,61.5
2019-05-09,04:21:00,63.4
2019-05-09,04:31:00,65.5
2019-05-09,04:41:00,60.1
2019-05-09,04:51:00,59.4
2019-05-09,05:01:00,63.7
2019-05-09,05:11:00,61
2019-05-09,05:21:00,59.8
2019-05-09,05:31:00,67.3
2019-05-09,05:41:00,66.3
2019-05-09,05:51:00,59.5
2019-05-09,06:01:00,62.3
2019-05-09,06:11:00,65.6
2019-05-09,06:21:00,65.2
2019-05-09,06:31:00,62.7
2019-05-09,06:41:00,64.7
2019-05-09,06:51:00,62.5
2019-05-09,07:01:00,60.9
2019-05-09,07:11:00,62
2019-05-09,07:21:00,62.2
2019-05-09,07:31:00,58.1
2019-05-09,07:41:00,57.4
2019-05-09,07:51:00,59.7
2019-05-09,08:01:00,61.3
2019-05-09,08:11:00,58.8
2019-05-09,08:21:00,59.3
2019-05-09,08:31:00,57.5
2019-05-09,08:41:00,55.5
2019-05-09,08:51:00,60
2019-05-09,09:01:00,60.3
2019-05-09,09:11:00,58.6
2019-05-09,09:21:00,58.1
2019-05-09,09:31:00,58.4
2019-05-09,09:41:00,59.7
2019-05-09,09:51:00,58.3
2019-05-09,10:01:00,55.8
2019-05-09,10:11:00,61.4
2019-05-09,10:21:00,59.2
2019-05-09,10:31:00,61.9
2019-05-09,10:41:00,59.5
2019-05-09,10:51:00,60.8
2019-05-09,11:01:00,62.9
2019-05-09,11:11:00,59.9
2019-05-09,11:21:00,61
2019-05-09,11:31:00,63.6
2019-05-09,11:41:00,62.6
2019-05-09,11:51:00,64.5
2019-05-09,12:01:00,65.8
2019-05-09,12:11:00,61.7
2019-05-09,12:21:00,69.1
2019-05-09,12:31:00,64
2019-05-09,12:41:00,66.4
2019-05-09,12:51:00,66.6
2019-05-09,13:01:00,68.6
2019-05-09,13:11:00,64.2
2019-05-09,13:21:00,65.2
2019-05-09,13:31:00,63.3
2019-05-09,13:41:00,66.7
2019-05-09,13:51:00,62.8
2019-05-09,14:01:00,60.6
2019-05-09,14:11:00,64.8
2019-05-09,14:21:00,63.6
2019-05-09,14:31:00,65.4
2019-05-09,14:41:00,64.8
2019-05-09,14:51:00,66.5
2019-05-09,15:01:00,70.1
2019-05-09,15:11:00,67.2
2019-05-09,15:21:00,65.6
2019-05-09,15:31:00,63.3
2019-05-09,15:41:00,65.7
2019-05-09,15:51:00,66.1
2019-05-09,16:01:00,62.6
2019-05-09,16:11:00,65.1
2019-05-09,16:21:00,63.1
2019-05-09,16:31:00,61.2
2019-05-09,16:41:00,60.7
2019-05-09,16:51:00,65.1
2019-05-09,17:01:00,64
2019-05-09,17:11:00,61.7
2019-05-09,17:21:00,61.1
2019-05-09,17:31:00,66.4
2019-05-09,17:41:00,62
2019-05-09,17:51:00,57.2
2019-05-09,18:01:00,62.4
2019-05-09,18:11:00,62.4
2019-05-09,18:21:00,58.7
2019-05-09,18:31:00,59.9
2019-05-09,18:41:00,61.6
2019-05-09,18:51:00,60.5
2019-05-09,19:01:00,59.4
2019-05-09,19:11:00,61
2019-05-09,19:21:00,59.9
2019-05-09,19:31:00,60.3
2019-05-09,19:41:00,59.6
2019-05-09,19:51:00,59.7
2019-05-09,20:01:00,60.3
2019-05-09,20:11:00,56.9
2019-05-09,20:21:00,58.5
2019-05-09,20:31:00,59.1
2019-05-09,20:41:00,60.5
2019-05-09,20:51:00,58
2019-05-09,21:01:00,56.4
2019-05-09,21:11:00,60.1
2019-05-09,21:21:00,60.9
2019-05-09,21:31:00,59
2019-05-09,21:41:00,58.9
2019-05-09,21:51:00,58.8
2019-05-09,22:01:00,64
2019-05-09,22:11:00,62.4
2019-05-09,22:21:00,58.6
2019-05-09,22:31:00,59.4
2019-05-09,22:41:00,58.7
2019-05-09,22:51:00,57.9
2019-05-09,23:01:00,60.3
2019-05-09,23:11:00,58.8
2019-05-09,23:21:00,60
2019-05-09,23:31:00,59.1
2019-05-09,23:41:00,57.8
2019-05-09,23:51:00,59
2019-05-10,00:01:00,61.7
2019-05-10,00:11:00,56.2
2019-05-10,00:21:00,55.9
2019-05-10,00:31:00,57.3
2019-05-10,00:41:00,59.5
2019-05-10,00:51:00,54.3
2019-05-10,01:01:00,56.8
2019-05-10,01:11:00,59.3
2019-05-10,01:21:00,58.7
2019-05-10,01:31:00,58.6
2019-05-10,01:41:00,60
2019-05-10,01:51:00,58.3
2019-05-10,02:01:00,61.4
2019-05-10,02:11:00,60.6
2019-05-10,02:21:00,57.3
2019-05-10,02:31:00,56.7
2019-05-10,02:41:00,62.2
2019-05-10,02:51:00,63.2
2019-05-10,03:01:00,57
2019-05-10,03:11:00,61.1
2019-05-10,03:21:00,57.8
2019-05-10,03:31:00,56.3
2019-05-10,03:41:00,58.2
2019-05-10,03:51:00,58.4
2019-05-10,04:01:00,57.2
2019-05-10,04:11:00,55.4
2019-05-10,04:21:00,60.1
2019-05-10,04:31:00,59.2
2019-05-10,04:41:00,60.7
2019-05-10,04:51:00,58
2019-05-10,05:01:00,57.8
2019-05-10,05:11:00,58
2019-05-10,05:21:00,54.9
2019-05-10,05:31:00,60.4
2019-05-10,05:41:00,58.5
2019-05-10,05:51:00,60.3
2019-05-10,06:01:00,54.5
2019-05-10,06:11:00,56.5
2019-05-10,06:21:00,58.8
2019-05-10,06:31:00,60.6
2019-05-10,06:41:00,59.3
2019-05-10,06:51:00,58.4
2019-05-10,07:01:00,55
2019-05-10,07:11:00,61.3
2019-05-10,07:21:00,57.8
2019-05-10,07:31:00,59.9
2019-05-10,07:41:00,60.1
2019-05-10,07:51:00,59
2019-05-10,08:01:00,58.7
2019-05-10,08:11:00,60.2
2019-05-10,08:21:00,59.7
2019-05-10,08:31:00,59
2019-05-10,08:41:00,59.2
2019-05-10,08:51:00,58.4
2019-05-10,09:01:00,60.1
2019-05-10,09:11:00,62.1
2019-05-10,09:21:00,61.4
2019-05-10,09:31:00,57.1
2019-05-10,09:41:00,60.2
2019-05-10,09:51:00,60.6
2019-05-10,10:01:00,60.6
2019-05-10,10:11:00,61.3
2019-05-10,10:21:00,56.7
2019-05-10,10:31:00,56.5
2019-05-10,10:41:00,59.4
2019-05-10,10:51:00,57.1
2019-05-10,11:01:00,55.5
2019-05-10,11:11:00,59.2
2019-05-10,11:21:00,57.4
2019-05-10,11:31:00,59.8
2019-05-10,11:41:00,60.3
2019-05-10,11:51:00,57.4
2019-05-10,12:01:00,56.6
2019-05-10,12:11:00,57.2
2019-05-10,12:21:00,59.9
2019-05-10,12:31:00,59
2019-05-10,12:41:00,60.6
2019-05-10,12:51:00,55.3
2019-05-10,13:01:00,59
2019-05-10,13:11:00,58.6
2019-05-10,13:21:00,56.3
2019-05-10,13:31:00,55.1
2019-05-10,13:41:00,58.1
2019-05-10,13:51:00,57.5
2019-05-10,14:01:00,56.7
2019-05-10,14:11:00,58
2019-05-10,14:21:00,55.7
2019-05-10,14:31:00,59.2
2019-05-10,14:41:00,55.2
2019-05-10,14:51:00,57.6
2019-05-10,15:01:00,56.2
2019-05-10,15:11:00,60.8
2019-05-10,15:21:00,61.3
2019-05-10,15:31:00,56.7
2019-05-10,15:41:00,60.4
2019-05-10,15:51:00,59.3
2019-05-10,16:01:00,61.7
2019-05-10,16:11:00,59.5
2019-05-10,16:21:00,60.5
2019-05-10,16:31:00,62.9
2019-05-10,16:41:00,62.8
2019-05-10,16:51:00,60.4
2019-05-10,17:01:00,61.7
2019-05-10,17:11:00,60.4
2019-05-10,17:21:00,61.9
2019-05-10,17:31:00,57
2019-05-10,17:41:00,58.1
2019-05-10,17:51:00,57.2
2019-05-10,18:01:00,57
2019-05-10,18:11:00,58.2
2019-05-10,18:21:00,56.1
2019-05-10,18:31:00,56.4
2019-05-10,18:41:00,62.4
2019-05-10,18:51:00,59.2
2019-05-10,19:01:00,58.4
2019-05-10,19:11:00,57.2
2019-05-10,19:21:00,57.8
2019-05-10,19:31:00,58.4
2019-05-10,19:41:00,57.7
2019-05-10,19:51:00,61.3
2019-05-10,20:01:00,55.1
2019-05-10,20:11:00,58.3
2019-05-10,20:21:00,60.1
2019-05-10,20:31:00,57.3
2019-05-10,20:41:00,58.4
2019-05-10,20:51:00,57.5
2019-05-10,21:01:00,57.1
2019-05-10,21:11:00,55.4
2019-05-10,21:21:00,61
2019-05-10,21:31:00,56.8
2019-05-10,21:41:00,54.1
2019-05-10,21:51:00,53.8
2019-05-10,22:01:00,57.7
2019-05-10,22:11:00,56.2
2019-05-10,22:21:00,57.2
2019-05-10,22:31:00,57.4
2019-05-10,22:41:00,57.4
2019-05-10,22:51:00,58
2019-05-10,23:01:00,55.7
2019-05-10,23:11:00,55.6
2019-05-10,23:21:00,59.9
2019-05-10,23:31:00,57.1
2019-05-10,23:41:00,59.6
2019-05-10,23:51:00,61.6
2019-05-11,00:01:00,57.7
2019-05-11,00:11:00,59.7
2019-05-11,00:21:00,56.1
2019-05-11,00:31:00,58.9
2019-05-11,00:41:00,58
2019-05-11,00:51:00,59
2019-05-11,01:01:00,57.2
2019-05-11,01:11:00,60.2
2019-05-11,01:21:00,56.7
2019-05-11,01:31:00,57.2
2019-05-11,01:41:00,58.8
2019-05-11,01:51:00,53.2
2019-05-11,02:01:00,56.1
2019-05-11,02:11:00,60.1
2019-05-11,02:21:00,58.6
2019-05-11,02:31:00,53.7
2019-05-11,02:41:00,58.8
2019-05-11,02:51:00,57.3
2019-05-11,03:01:00,57.5
2019-05-11,03:11:00,56.6
2019-05-11,03:21:00,55.1
2019-05-11,03:31:00,57.9
2019-05-11,03:41:00,54
2019-05-11,03:51:00,57.3
2019-05-11,04:01:00,55.5
2019-05-11,04:11:00,56.8
2019-05-11,04:21:00,56.2
2019-05-11,04:31:00,56
2019-05-11,04:41:00,56.1
2019-05-11,04:51:00,58.3
2019-05-11,05:01:00,58.3
2019-05-11,05:11:00,56.9
2019-05-11,05:21:00,56.5
2019-05-11,05:31:00,59.1
2019-05-11,05:41:00,59.9
2019-05-11,05:51:00,58.7
2019-05-11,06:01:00,53.9
2019-05-11,06:11:00,58.5
2019-05-11,06:21:00,55.7
2019-05-11,06:31:00,57.3
2019-05-11,06:41:00,61.2
2019-05-11,06:51:00,59.4
2019-05-11,07:01:00,59.9
2019-05-11,07:11:00,57.5
2019-05-11,07:21:00,54.2
2019-05-11,07:31:00,55.5
2019-05-11,07:41:00,58.4
2019-05-11,07:51:00,56.2
2019-05-11,08:01:00,54.6
2019-05-11,08:11:00,60.8
2019-05-11,08:21:00,59.9
2019-05-11,08:31:00,58.9
2019-05-11,08:41:00,57.9
2019-05-11,08:51:00,58.1
2019-05-11,09:01:00,58.9
2019-05-11,09:11:00,59.5
2019-05-11,09:21:00,58.3
2019-05-11,09:31:00,60.1
2019-05-11,09:41:00,59.4
2019-05-11,09:51:00,59.3
2019-05-11,10:01:00,60.5
2019-05-11,10:11:00,57.5
2019-05-11,10:21:00,56.6
2019-05-11,10:31:00,56.7
2019-05-11,10:41:00,54.7
2019-05-11,10:51:00,58.2
2019-05-11,11:01:00,60.6
2019-05-11,11:11:00,59.7
2019-05-11,11:21:00,58.5
2019-05-11,11:31:00,58.1
2019-05-11,11:41:00,61.1
2019-05-11,11:51:00,55.3
2019-05-11,12:01:00,56.6
2019-05-11,12:11:00,55
2019-05-11,12:21:00,54.2
2019-05-11,12:31:00,60.2
2019-05-11,12:41:00,58.3
2019-05-11,12:51:00,62.7
2019-05-11,13:01:00,57.6
2019-05-11,13:11:00,58.2
2019-05-11,13:21:00,60.3
2019-05-11,13:31:00,56.9
2019-05-11,13:41:00,60.5
2019-05-11,13:51:00,57.9
2019-05-11,14:01:00,59.6
2019-05-11,14:11:00,55.9
2019-05-11,14:21:00,58.6
2019-05-11,14:31:00,58.3
2019-05-11,14:41:00,59.5
2019-05-11,14:51:00,63
2019-05-11,15:01:00,63.1
2019-05-11,15:11:00,62.2
2019-05-11,15:21:00,61.1
2019-05-11,15:31:00,63.1
2019-05-11,15:41:00,59.5
2019-05-11,15:51:00,59.8
2019-05-11,16:01:00,59.8
2019-05-11,16:11:00,58.9
2019-05-11,16:21:00,58.1
2019-05-11,16:31:00,60.6
2019-05-11,16:41:00,61.6
2019-05-11,16:51:00,62.4
2019-05-11,17:01:00,59.8
2019-05-11,17:11:00,59
2019-05-11,17:21:00,57.9
2019-05-11,17:31:00,58.6
2019-05-11,17:41:00,59
2019-05-11,17:51:00,56.5
2019-05-11,18:01:00,54.7
2019-05-11,18:11:00,58.6
2019-05-11,18:21:00,55.2
2019-05-11,18:31:00,57.4
2019-05-11,18:41:00,59.4
2019-05-11,18:51:00,53.4
2019-05-11,19:01:00,61.5
2019-05-11,19:11:00,58.1
2019-05-11,19:21:00,55.3
2019-05-11,19:31:00,56.7
2019-05-11,19:41:00,54.4
2019-05-11,19:51:00,63.1
2019-05-11,20:01:00,60.1
2019-05-11,20:11:00,56.1
2019-05-11,20:21:00,60.2
2019-05-11,20:31:00,57.6
2019-05-11,20:41:00,57.8
2019-05-11,20:51:00,60.8
2019-05-11,21:01:00,56.9
2019-05-11,21:11:00,51.9
2019-05-11,21:21:00,57.3
2019-05-11,21:31:00,59.2
2019-05-11,21:41:00,58
2019-05-11,21:51:00,56.3
2019-05-11,22:01:00,58
2019-05-11,22:11:00,59.6
2019-05-11,22:21:00,58.5
2019-05-11,22:31:00,57.1
2019-05-11,22:41:00,58
2019-05-11,22:51:00,59.3
2019-05-11,23:01:00,53.5
2019-05-11,23:11:00,55.7
2019-05-11,23:21:00,59.8
2019-05-11,23:31:00,58
2019-05-11,23:41:00,59.6
2019-05-11,23:51:00,57.7
2019-05-12,00:01:00,56.8
2019-05-12,00:11:00,58.7
2019-05-12,00:21:00,58
2019-05-12,00:31:00,60.5
2019-05-12,00:41:00,61.2
2019-05-12,00:51:00,59.6
2019-05-12,01:01:00,56.5
2019-05-12,01:11:00,58.9
2019-05-12,01:21:00,55.9
2019-05-12,01:31:00,58.4
2019-05-12,01:41:00,56.7
2019-05-12,01:51:00,59.3
2019-05-12,02:01:00,57.3
2019-05-12,02:11:00,56.3
2019-05-12,02:21:00,58.9
2019-05-12,02:31:00,59.2
2019-05-12,02:41:00,58.7
2019-05-12,02:51:00,58.2
2019-05-12,03:01:00,60.6
2019-05-12,03:11:00,59.7
2019-05-12,03:21:00,61.2
2019-05-12,03:31:00,57.9
2019-05-12,03:41:00,57.7
2019-05-12,03:51:00,58.5
2019-05-12,04:01:00,57.2
2019-05-12,04:11:00,58
2019-05-12,04:21:00,57.5
2019-05-12,04:31:00,60.8
2019-05-12,04:41:00,56.1
2019-05-12,04:51:00,57.9
2019-05-12,05:01:00,57.2
2019-05-12,05:11:00,58.7
2019-05-12,05:21:00,59.8
2019-05-12,05:31:00,58.7
2019-05-12,05:41:00,60.4
2019-05-12,05:51:00,57.1
2019-05-12,06:01:00,56
2019-05-12,06:11:00,54.6
2019-05-12,06:21:00,57
2019-05-12,06:31:00,60.3
2019-05-12,06:41:00,61.5
2019-05-12,06:51:00,64.9
2019-05-12,07:01:00,60.2
2019-05-12,07:11:00,55.5
2019-05-12,07:21:00,58.1
2019-05-12,07:31:00,55.6
2019-05-12,07:41:00,54.1
2019-05-12,07:51:00,57.5
2019-05-12,08:01:00,58.1
2019-05-12,08:11:00,57.2
2019-05-12,08:21:00,56.4
2019-05-12,08:31:00,58
2019-05-12,08:41:00,57.3
2019-05-12,08:51:00,55.5
2019-05-12,09:01:00,61.3
2019-05-12,09:11:00,57.1
2019-05-12,09:21:00,56
2019-05-12,09:31:00,54.7
2019-05-12,09:41:00,58.3
2019-05-12,09:51:00,57.9
2019-05-12,10:01:00,57
2019-05-12,10:11:00,62.2
2019-05-12,10:21:00,56.1
2019-05-12,10:31:00,60.2
2019-05-12,10:41:00,59.7
2019-05-12,10:51:00,58.9
2019-05-12,11:01:00,62.1
2019-05-12,11:11:00,62.2
2019-05-12,11:21:00,58.6
2019-05-12,11:31:00,59.7
2019-05-12,11:41:00,57
2019-05-12,11:51:00,57.4
2019-05-12,12:01:00,58.4
2019-05-12,12:11:00,59.4
2019-05-12,12:21:00,59.7
2019-05-12,12:31:00,61.1
2019-05-12,12:41:00,59.2
2019-05-12,12:51:00,60.2
2019-05-12,13:01:00,57.6
2019-05-12,13:11:00,58.5
2019-05-12,13:21:00,61.6
2019-05-12,13:31:00,61.4
2019-05-12,13:41:00,61.6
2019-05-12,13:51:00,60.4
2019-05-12,14:01:00,59.6
2019-05-12,14:11:00,59
2019-05-12,14:21:00,63.1
2019-05-12,14:31:00,58.5
2019-05-12,14:41:00,60.5
2019-05-12,14:51:00,61.3
2019-05-12,15:01:00,58.5
2019-05-12,15:11:00,57
2019-05-12,15:21:00,58.2
2019-05-12,15:31:00,61.5
2019-05-12,15:41:00,64.7
2019-05-12,15:51:00,61.6
2019-05-12,16:01:00,59.5
2019-05-12,16:11:00,58.9
2019-05-12,16:21:00,62.1
2019-05-12,16:31:00,61.5
2019-05-12,16:41:00,60.1
2019-05-12,16:51:00,61
2019-05-12,17:01:00,60.3
2019-05-12,17:11:00,58.9
2019-05-12,17:21:00,55.8
2019-05-12,17:31:00,59.8
2019-05-12,17:41:00,60.5
2019-05-12,17:51:00,59.3
2019-05-12,18:01:00,58.5
2019-05-12,18:11:00,57.6
2019-05-12,18:21:00,57.4
2019-05-12,18:31:00,56.2
2019-05-12,18:41:00,59.6
2019-05-12,18:51:00,61.1
2019-05-12,19:01:00,57
2019-05-12,19:11:00,52.1
2019-05-12,19:21:00,55.8
2019-05-12,19:31:00,56.4
2019-05-12,19:41:00,55.9
2019-05-12,19:51:00,58.4
2019-05-12,20:01:00,54.8
2019-05-12,20:11:00,52.2
2019-05-12,20:21:00,57.4
2019-05-12,20:31:00,59.2
2019-05-12,20:41:00,58.4
2019-05-12,20:51:00,58.2
2019-05-12,21:01:00,59.9
2019-05-12,21:11:00,56
2019-05-12,21:21:00,54.6
2019-05-12,21:31:00,55.9
2019-05-12,21:41:00,53.6
2019-05-12,21:51:00,54.5
2019-05-12,22:01:00,56
2019-05-12,22:11:00,57
2019-05-12,22:21:00,58.1
2019-05-12,22:31:00,61
2019-05-12,22:41:00,55.8
2019-05-12,22:51:00,59.9
2019-05-12,23:01:00,57.8
2019-05-12,23:11:00,57.3
2019-05-12,23:21:00,58.4
2019-05-12,23:31:00,58.4
2019-05-12,23:41:00,56.4
2019-05-12,23:51:00,56.2
2019-05-13,00:01:00,53.9
2019-05-13,00:11:00,57.6
2019-05-13,00:21:00,55
2019-05-13,00:31:00,56.6
2019-05-13,00:41:00,57.4
2019-05-13,00:51:00,55.8
2019-05-13,01:01:00,58.3
2019-05-13,01:11:00,59.2
2019-05-13,01:21:00,56.5
2019-05-13,01:31:00,58.3
2019-05-13,01:41:00,55.1
2019-05-13,01:51:00,58.5
2019-05-13,02:01:00,54.7
2019-05-13,02:11:00,55
2019-05-13,02:21:00,54.1
2019-05-13,02:31:00,60.1
2019-05-13,02:41:00,57.4
2019-05-13,02:51:00,58.1
2019-05-13,03:01:00,58.1
2019-05-13,03:11:00,58.1
2019-05-13,03:21:00,57.6
2019-05-13,03:31:00,59.6
2019-05-13,03:41:00,61.6
2019-05-13,03:51:00,60.3
2019-05-13,04:01:00,58.1
2019-05-13,04:11:00,57.9
2019-05-13,04:21:00,60.8
2019-05-13,04:31:00,58.1
2019-05-13,04:41:00,63.8
2019-05-13,04:51:00,55.9
2019-05-13,05:01:00,57.2
2019-05-13,05:11:00,57.5
2019-05-13,05:21:00,60.2
2019-05-13,05:31:00,59.1
2019-05-13,05:41:00,58.1
2019-05-13,05:51:00,58.6
2019-05-13,06:01:00,58.4
2019-05-13,06:11:00,55.1
2019-05-13,06:21:00,57
2019-05-13,06:31:00,55.6
2019-05-13,06:41:00,56.2
2019-05-13,06:51:00,55.9
2019-05-13,07:01:00,58.4
2019-05-13,07:11:00,56.9
2019-05-13,07:21:00,59.1
2019-05-13,07:31:00,59.4
2019-05-13,07:41:00,58
2019-05-13,07:51:00,59.2
2019-05-13,08:01:00,55.9
2019-05-13,08:11:00,55.4
2019-05-13,08:21:00,57.2
2019-05-13,08:31:00,56.5
2019-05-13,08:41:00,58.2
2019-05-13,08:51:00,58.9
2019-05-13,09:01:00,55.6
2019-05-13,09:11:00,57.1
2019-05-13,09:21:00,55.9
2019-05-13,09:31:00,55.3
2019-05-13,09:41:00,58.8
2019-05-13,09:51:00,59.5
2019-05-13,10:01:00,60.9
2019-05-13,10:11:00,62.2
2019-05-13,10:21:00,58.8
2019-05-13,10:31:00,56.3
2019-05-13,10:41:00,57.5
2019-05-13,10:51:00,59.1
2019-05-13,11:01:00,55.2
2019-05-13,11:11:00,53.8
2019-05-13,11:21:00,55.8
2019-05-13,11:31:00,55.9
2019-05-13,11:41:00,53.9
2019-05-13,11:51:00,57.4
2019-05-13,12:01:00,58.4
2019-05-13,12:11:00,58.3
2019-05-13,12:21:00,61.3
2019-05-13,12:31:00,59.5
2019-05-13,12:41:00,59.2
2019-05-13,12:51:00,57.2
2019-05-13,13:01:00,54.5
2019-05-13,13:11:00,58.1
2019-05-13,13:21:00,60.5
2019-05-13,13:31:00,58.7
2019-05-13,13:41:00,60.7
2019-05-13,13:51:00,58
2019-05-13,14:01:00,59.2
2019-05-13,14:11:00,58.5
2019-05-13,14:21:00,61.1
2019-05-13,14:31:00,60.8
2019-05-13,14:41:00,54.3
2019-05-13,14:51:00,54.9
2019-05-13,15:01:00,58.6
2019-05-13,15:11:00,60.3
2019-05-13,15:21:00,59.6
2019-05-13,15:31:00,56.7
2019-05-13,15:41:00,56.8
2019-05-13,15:51:00,59.2
2019-05-13,16:01:00,61.2
2019-05-13,16:11:00,57.5
2019-05-13,16:21:00,55.1
2019-05-13,16:31:00,60.8
2019-05-13,16:41:00,58.1
2019-05-13,16:51:00,59.2
2019-05-13,17:01:00,60.8
2019-05-13,17:11:00,56.1
2019-05-13,17:21:00,58.6
2019-05-13,17:31:00,57.2
2019-05-13,17:41:00,56.8
2019-05-13,17:51:00,60
2019-05-13,18:01:00,56.5
2019-05-13,18:11:00,59
2019-05-13,18:21:00,54.9
2019-05-13,18:31:00,57.5
2019-05-13,18:41:00,59.3
2019-05-13,18:51:00,53.5
2019-05-13,19:01:00,58.1
2019-05-13,19:11:00,59.8
2019-05-13,19:21:00,59.5
2019-05-13,19:31:00,58.8
2019-05-13,19:41:00,55.4
2019-05-13,19:51:00,56.2
2019-05-13,20:01:00,54.6
2019-05-13,20:11:00,55.7
2019-05-13,20:21:00,59.2
2019-05-13,20:31:00,58.9
2019-05-13,20:41:00,54.8
2019-05-13,20:51:00,51.4
2019-05-13,21:01:00,52.2
2019-05-13,21:11:00,56.5
2019-05-13,21:21:00,54.8
2019-05-13,21:31:00,56.4
2019-05-13,21:41:00,56.5
2019-05-13,21:51:00,60.5
2019-05-13,22:01:00,58.4
2019-05-13,22:11:00,61.7
2019-05-13,22:21:00,56.8
2019-05-13,22:31:00,57.2
2019-05-13,22:41:00,53
2019-05-13,22:51:00,57.2
2019-05-13,23:01:00,59.5
2019-05-13,23:11:00,55.3
2019-05-13,23:21:00,57
2019-05-13,23:31:00,58.5
2019-05-13,23:41:00,54.1
2019-05-13,23:51:00,56.4
2019-05-14,00:01:00,56.8
2019-05-14,00:11:00,56.6
2019-05-14,00:21:00,55
2019-05-14,00:31:00,56.7
2019-05-14,00:41:00,56
2019-05-14,00:51:00,55.1
2019-05-14,01:01:00,59
2019-05-14,01:11:00,61.2
2019-05-14,01:21:00,57.1
2019-05-14,01:31:00,57.1
2019-05-14,01:41:00,58
2019-05-14,01:51:00,57.2
2019-05-14,02:01:00,55.4
2019-05-14,02:11:00,58.6
2019-05-14,02:21:00,56
2019-05-14,02:31:00,58.2
2019-05-14,02:41:00,59.6
2019-05-14,02:51:00,58.8
2019-05-14,03:01:00,60
2019-05-14,03:11:00,56.9
2019-05-14,03:21:00,64.3
2019-05-14,03:31:00,59
2019-05-14,03:41:00,60.9
2019-05-14,03:51:00,63.3
2019-05-14,04:01:00,63.7
2019-05-14,04:11:00,63.7
2019-05-14,04:21:00,65.9
2019-05-14,04:31:00,65.6
2019-05-14,04:41:00,64.1
2019-05-14,04:51:00,63.2
2019-05-14,05:01:00,65.1
2019-05-14,05:11:00,67.8
2019-05-14,05:21:00,66.7
2019-05-14,05:31:00,67.5
2019-05-14,05:41:00,66.3
2019-05-14,05:51:00,63.9
2019-05-14,06:01:00,60
2019-05-14,06:11:00,62.7
2019-05-14,06:21:00,62.4
2019-05-14,06:31:00,60.3
2019-05-14,06:41:00,65.1
2019-05-14,06:51:00,64.5
2019-05-14,07:01:00,60.1
2019-05-14,07:11:00,58.8
2019-05-14,07:21:00,63.4
2019-05-14,07:31:00,59.8
2019-05-14,07:41:00,58.7
2019-05-14,07:51:00,60.9
2019-05-14,08:01:00,60.4
2019-05-14,08:11:00,58.2
2019-05-14,08:21:00,60.9
2019-05-14,08:31:00,59
2019-05-14,08:41:00,59.7
2019-05-14,08:51:00,56.8
2019-05-14,09:01:00,56.6
2019-05-14,09:11:00,56.9
2019-05-14,09:21:00,52.3
2019-05-14,09:31:00,61.1
2019-05-14,09:41:00,58.3
2019-05-14,09:51:00,59.6
2019-05-14,10:01:00,59.1
2019-05-14,10:11:00,57.6
2019-05-14,10:21:00,56
2019-05-14,10:31:00,55.6
2019-05-14,10:41:00,58.3
2019-05-14,10:51:00,52.2
2019-05-14,11:01:00,55.3
2019-05-14,11:11:00,56.9
2019-05-14,11:21:00,58.8
2019-05-14,11:31:00,56.6
2019-05-14,11:41:00,59.8
2019-05-14,11:51:00,59.7
2019-05-14,12:01:00,60.8
2019-05-14,12:11:00,61
2019-05-14,12:21:00,63.2
2019-05-14,12:31:00,60
2019-05-14,12:41:00,60.9
2019-05-14,12:51:00,60.5
2019-05-14,13:01:00,59.7
2019-05-14,13:11:00,59.3
2019-05-14,13:21:00,58.2
2019-05-14,13:31:00,58.1
2019-05-14,13:41:00,57.2
2019-05-14,13:51:00,57.1
2019-05-14,14:01:00,61.5
2019-05-14,14:11:00,58.1
2019-05-14,14:21:00,61
2019-05-14,14:31:00,63.6
2019-05-14,14:41:00,56.8
2019-05-14,14:51:00,60.2
2019-05-14,15:01:00,62.3
2019-05-14,15:11:00,60.6
2019-05-14,15:21:00,59.6
2019-05-14,15:31:00,59.4
2019-05-14,15:41:00,62.7
2019-05-14,15:51:00,62.1
2019-05-14,16:01:00,61.6
2019-05-14,16:11:00,63.6
2019-05-14,16:21:00,61
2019-05-14,16:31:00,60.5
2019-05-14,16:41:00,58.3
2019-05-14,16:51:00,57.9
2019-05-14,17:01:00,62.7
2019-05-14,17:11:00,58.5
2019-05-14,17:21:00,58.9
2019-05-14,17:31:00,60.1
2019-05-14,17:41:00,61.5
2019-05-14,17:51:00,59.2
2019-05-14,18:01:00,60.5
2019-05-14,18:11:00,63.8
2019-05-14,18:21:00,57.9
2019-05-14,18:31:00,58.4
2019-05-14,18:41:00,61.2
2019-05-14,18:51:00,59.2
2019-05-14,19:01:00,59.6
2019-05-14,19:11:00,57.2
2019-05-14,19:21:00,56.9
2019-05-14,19:31:00,61.5
2019-05-14,19:41:00,58
2019-05-14,19:51:00,60.9
2019-05-14,20:01:00,54.9
2019-05-14,20:11:00,58.3
2019-05-14,20:21:00,58.7
2019-05-14,20:31:00,61.5
2019-05-14,20:41:00,59.5
2019-05-14,20:51:00,60.2
2019-05-14,21:01:00,55.5
2019-05-14,21:11:00,55.3
2019-05-14,21:21:00,61
2019-05-14,21:31:00,55
2019-05-14,21:41:00,60
2019-05-14,21:51:00,61
2019-05-14,22:01:00,55.2
2019-05-14,22:11:00,60.3
2019-05-14,22:21:00,57.9
2019-05-14,22:31:00,56.1
2019-05-14,22:41:00,60.1
2019-05-14,22:51:00,60.7
2019-05-14,23:01:00,60.8
2019-05-14,23:11:00,56.6
2019-05-14,23:21:00,56
2019-05-14,23:31:00,55.4
2019-05-14,23:41:00,58.9
2019-05-14,23:51:00,59.9
2019-05-15,00:01:00,56.4
2019-05-15,00:11:00,54.9
2019-05-15,00:21:00,55.4
2019-05-15,00:31:00,59.7
2019-05-15,00:41:00,55.3
2019-05-15,00:51:00,57.5
2019-05-15,01:01:00,61.4
2019-05-15,01:11:00,56.9
2019-05-15,01:21:00,52
2019-05-15,01:31:00,59.2
2019-05-15,01:41:00,56.1
2019-05-15,01:51:00,55.9
2019-05-15,02:01:00,55.4
2019-05-15,02:11:00,57.4
2019-05-15,02:21:00,54.7
2019-05-15,02:31:00,58.5
2019-05-15,02:41:00,61
2019-05-15,02:51:00,59.9
2019-05-15,03:01:00,58.6
2019-05-15,03:11:00,57.7
2019-05-15,03:21:00,56.9
2019-05-15,03:31:00,55.1
2019-05-15,03:41:00,57.4
2019-05-15,03:51:00,58
2019-05-15,04:01:00,56.9
2019-05-15,04:11:00,59.8
2019-05-15,04:21:00,56.8
2019-05-15,04:31:00,56.8
2019-05-15,04:41:00,57.4
2019-05-15,04:51:00,58.1
2019-05-15,05:01:00,57.6
2019-05-15,05:11:00,61
2019-05-15,05:21:00,60.2
2019-05-15,05:31:00,60.1
2019-05-15,05:41:00,56.7
2019-05-15,05:51:00,55.8
2019-05-15,06:01:00,57.8
2019-05-15,06:11:00,57.4
2019-05-15,06:21:00,56.6
2019-05-15,06:31:00,61.6
2019-05-15,06:41:00,57.8
2019-05-15,06:51:00,58.8
2019-05-15,07:01:00,55.4
2019-05-15,07:11:00,58.6
2019-05-15,07:21:00,56.5
2019-05-15,07:31:00,58.8
2019-05-15,07:41:00,59.5
2019-05-15,07:51:00,56.3
2019-05-15,08:01:00,57.5
2019-05-15,08:11:00,58
2019-05-15,08:21:00,59.8
2019-05-15,08:31:00,58.7
2019-05-15,08:41:00,56.5
2019-05-15,08:51:00,56.4
2019-05-15,09:01:00,56.2
2019-05-15,09:11:00,61.3
2019-05-15,09:21:00,58.9
2019-05-15,09:31:00,58.9
2019-05-15,09:41:00,59.3
2019-05-15,09:51:00,58.3
2019-05-15,10:01:00,57.7
2019-05-15,10:11:00,56.2
2019-05-15,10:21:00,56.3
2019-05-15,10:31:00,58.2
2019-05-15,10:41:00,56.9
2019-05-15,10:51:00,58
2019-05-15,11:01:00,56.6
2019-05-15,11:11:00,58.1
2019-05-15,11:21:00,60.7
2019-05-15,11:31:00,62.9
2019-05-15,11:41:00,61.9
2019-05-15,11:51:00,60.3
2019-05-15,12:01:00,64.7
2019-05-15,12:11:00,58.9
2019-05-15,12:21:00,60.3
2019-05-15,12:31:00,65.5
2019-05-15,12:41:00,67.1
2019-05-15,12:51:00,67.8
2019-05-15,13:01:00,64.9
2019-05-15,13:11:00,65.4
2019-05-15,13:21:00,63
2019-05-15,13:31:00,67.6
2019-05-15,13:41:00,68.1
2019-05-15,13:51:00,66.3
2019-05-15,14:08:00,67.7
2019-05-15,14:18:00,66
2019-05-15,14:28:00,65.2
2019-05-15,14:38:00,69.2
2019-05-15,14:48:00,63.1
2019-05-15,14:58:00,62.7
2019-05-15,15:08:00,62.2
2019-05-15,15:18:00,60.2
2019-05-15,15:28:00,59.9
2019-05-15,15:38:00,61.5
2019-05-15,15:48:00,59.2
2019-05-15,15:58:00,61
2019-05-15,16:08:00,63.7
2019-05-15,16:18:00,64.9
2019-05-15,16:28:00,63.3
2019-05-15,16:38:00,66.6
2019-05-15,16:48:00,66.9
2019-05-15,16:58:00,65.7
2019-05-15,17:08:00,66.9
2019-05-15,17:18:00,70.2
2019-05-15,17:28:00,71.3
2019-05-15,17:38:00,71.8
2019-05-15,17:48:00,71.1
2019-05-15,17:58:00,74.4
2019-05-15,18:08:00,71.5
2019-05-15,18:18:00,67.3
2019-05-15,18:28:00,65.6
2019-05-15,18:38:00,66.1
2019-05-15,18:48:00,60.7
2019-05-15,18:58:00,60
2019-05-15,19:08:00,58.4
2019-05-15,19:18:00,60.1
2019-05-15,19:28:00,63
2019-05-15,19:38:00,59.5
2019-05-15,19:48:00,61.5
2019-05-15,19:58:00,63.8
2019-05-15,20:08:00,56.7
2019-05-15,20:18:00,57.4
2019-05-15,20:28:00,56.5
2019-05-15,20:38:00,61
2019-05-15,20:48:00,59.2
2019-05-15,20:58:00,57.5
2019-05-15,21:08:00,58.1
2019-05-15,21:18:00,56.2
2019-05-15,21:28:00,56.3
2019-05-15,21:38:00,60.8
2019-05-15,21:48:00,59.2
2019-05-15,21:58:00,57.5
2019-05-15,22:08:00,55.3
2019-05-15,22:18:00,58.2
2019-05-15,22:28:00,57.6
2019-05-15,22:38:00,59.4
2019-05-15,22:48:00,56.7
2019-05-15,22:58:00,57.2
2019-05-15,23:08:00,64.3
2019-05-15,23:18:00,60.9
2019-05-15,23:28:00,54.8
2019-05-15,23:38:00,59.9
2019-05-15,23:48:00,54.2
2019-05-15,23:58:00,56.4
2019-05-16,00:08:00,59.3
2019-05-16,00:18:00,58.9
2019-05-16,00:28:00,56.5
2019-05-16,00:38:00,59
2019-05-16,00:48:00,56.3
2019-05-16,00:58:00,59.1
2019-05-16,01:08:00,55.1
2019-05-16,01:18:00,53
2019-05-16,01:28:00,58.1
2019-05-16,01:38:00,58.6
2019-05-16,01:48:00,57.5
2019-05-16,01:58:00,58.4
2019-05-16,02:08:00,57.1
2019-05-16,02:18:00,58.9
2019-05-16,02:28:00,56.3
2019-05-16,02:38:00,53.9
2019-05-16,02:48:00,55.7
2019-05-16,02:58:00,55.3
2019-05-16,03:08:00,54.3
2019-05-16,03:18:00,59.8
2019-05-16,03:28:00,53.9
2019-05-16,03:38:00,56.4
2019-05-16,03:48:00,59
2019-05-16,03:58:00,56.9
2019-05-16,04:08:00,59.6
2019-05-16,04:18:00,58.5
2019-05-16,04:28:00,56.7
2019-05-16,04:38:00,57.8
2019-05-16,04:48:00,56.7
2019-05-16,04:58:00,53.8
2019-05-16,05:08:00,53.5
2019-05-16,05:18:00,59.8
2019-05-16,05:28:00,57.9
2019-05-16,05:38:00,57.1
2019-05-16,05:48:00,57
2019-05-16,05:58:00,55.8
2019-05-16,06:08:00,53.7
2019-05-16,06:18:00,59.9
2019-05-16,06:28:00,59.3
2019-05-16,06:38:00,54.8
2019-05-16,06:48:00,56.2
2019-05-16,06:58:00,59.6
2019-05-16,07:08:00,57.2
2019-05-16,07:18:00,57.2
2019-05-16,07:28:00,60.8
2019-05-16,07:38:00,56.9
2019-05-16,07:48:00,54.8
2019-05-16,07:58:00,56.9
2019-05-16,08:08:00,57.6
2019-05-16,08:18:00,57.9
2019-05-16,08:28:00,60
2019-05-16,08:38:00,57.9
2019-05-16,08:48:00,58.4
2019-05-16,08:58:00,59.2
2019-05-16,09:08:00,55.5
2019-05-16,09:18:00,56.8
2019-05-16,09:28:00,55.5
2019-05-16,09:38:00,56
2019-05-16,09:48:00,57
2019-05-16,09:58:00,61.7
2019-05-16,10:08:00,56.7
2019-05-16,10:18:00,55.1
2019-05-16,10:28:00,60.9
2019-05-16,10:38:00,57.7
2019-05-16,10:48:00,57.9
2019-05-16,10:58:00,59
2019-05-16,11:08:00,57.6
2019-05-16,11:18:00,55.7
2019-05-16,11:28:00,58.5
2019-05-16,11:38:00,57.6
2019-05-16,11:48:00,59
2019-05-16,11:58:00,60.3
2019-05-16,12:08:00,61.3
2019-05-16,12:18:00,59.6
2019-05-16,12:28:00,59
2019-05-16,12:38:00,56
2019-05-16,12:48:00,55.7
2019-05-16,12:58:00,57.8
2019-05-16,13:08:00,58.5
2019-05-16,13:18:00,56.7
2019-05-16,13:28:00,56.8
2019-05-16,13:38:00,56.7
2019-05-16,13:48:00,56.5
2019-05-16,13:58:00,57.9
2019-05-16,14:08:00,58.2
2019-05-16,14:18:00,61.3
2019-05-16,14:28:00,55.4
2019-05-16,14:38:00,58.5
2019-05-16,14:48:00,54.7
2019-05-16,14:58:00,56.5
2019-05-16,15:08:00,58
2019-05-16,15:18:00,58.1
2019-05-16,15:28:00,56.3
2019-05-16,15:38:00,57.5
2019-05-16,15:48:00,58.8
2019-05-16,15:58:00,54.2
2019-05-16,16:08:00,54.5
2019-05-16,16:18:00,62.2
2019-05-16,16:28:00,58
2019-05-16,16:38:00,56.5
2019-05-16,16:48:00,55.4
2019-05-16,16:58:00,59.9
2019-05-16,17:08:00,55.9
2019-05-16,17:18:00,57.9
2019-05-16,17:28:00,54.7
2019-05-16,17:38:00,60.5
2019-05-16,17:48:00,59.8
2019-05-16,17:58:00,56.3
2019-05-16,18:08:00,59.1
2019-05-16,18:18:00,60.1
2019-05-16,18:28:00,56.1
2019-05-16,18:38:00,56
2019-05-16,18:48:00,59.3
2019-05-16,18:58:00,55.8
2019-05-16,19:08:00,58.9
2019-05-16,19:18:00,56.8
2019-05-16,19:28:00,58.1
2019-05-16,19:38:00,52.3
2019-05-16,19:48:00,54.9
2019-05-16,19:58:00,58.9
2019-05-16,20:08:00,55.7
2019-05-16,20:18:00,57.9
2019-05-16,20:28:00,61
2019-05-16,20:38:00,53.8
2019-05-16,20:48:00,57
2019-05-16,20:58:00,58.8
2019-05-16,21:08:00,56.8
2019-05-16,21:18:00,56.5
2019-05-16,21:28:00,58.5
2019-05-16,21:38:00,58.8
2019-05-16,21:48:00,56.9
2019-05-16,21:58:00,55
2019-05-16,22:08:00,56.2
2019-05-16,22:18:00,55.8
2019-05-16,22:28:00,55.8
2019-05-16,22:38:00,56.8
2019-05-16,22:48:00,58.7
2019-05-16,22:58:00,55.7
2019-05-16,23:08:00,58.5
2019-05-16,23:18:00,57.3
2019-05-16,23:28:00,57.2
2019-05-16,23:38:00,57
2019-05-16,23:48:00,60.3
2019-05-16,23:58:00,56.8
2019-05-17,00:08:00,58
2019-05-17,00:18:00,56.2
2019-05-17,00:28:00,61.2
2019-05-17,00:38:00,56.8
2019-05-17,00:48:00,60.5
2019-05-17,00:58:00,56.6
2019-05-17,01:08:00,58.6
2019-05-17,01:18:00,56.7
2019-05-17,01:28:00,57.7
2019-05-17,01:38:00,60
2019-05-17,01:48:00,58.6
2019-05-17,01:58:00,57.4
2019-05-17,02:08:00,58.9
2019-05-17,02:18:00,57.3
2019-05-17,02:28:00,55.8
2019-05-17,02:38:00,59.2
2019-05-17,02:48:00,62
2019-05-17,02:58:00,57.5
2019-05-17,03:08:00,57.8
2019-05-17,03:18:00,55.8
2019-05-17,03:28:00,57.7
2019-05-17,03:38:00,57.5
2019-05-17,03:48:00,59.1
2019-05-17,03:58:00,57.5
2019-05-17,04:08:00,56
2019-05-17,04:18:00,61.7
2019-05-17,04:28:00,60.9
2019-05-17,04:38:00,59.5
2019-05-17,04:48:00,56.4
2019-05-17,04:58:00,60.9
2019-05-17,05:08:00,57.6
2019-05-17,05:18:00,60.2
2019-05-17,05:28:00,61.8
2019-05-17,05:38:00,56.3
2019-05-17,05:48:00,56.5
2019-05-17,05:58:00,60.2
2019-05-17,06:08:00,60.2
2019-05-17,06:18:00,64.9
2019-05-17,06:28:00,60.9
2019-05-17,06:38:00,57.7
2019-05-17,06:48:00,57.6
2019-05-17,06:58:00,56.3
2019-05-17,07:08:00,61.5
2019-05-17,07:18:00,56.4
2019-05-17,07:28:00,55.5
2019-05-17,07:38:00,57.3
2019-05-17,07:48:00,57.6
2019-05-17,07:58:00,58.2
2019-05-17,08:08:00,56.8
2019-05-17,08:18:00,59.2
2019-05-17,08:28:00,61.7
2019-05-17,08:38:00,58.1
2019-05-17,08:48:00,58.2
2019-05-17,08:58:00,62.3
2019-05-17,09:08:00,58.5
2019-05-17,09:18:00,57.2
2019-05-17,09:28:00,53.1
2019-05-17,09:38:00,56.1
2019-05-17,09:48:00,5850000000
2019-05-20,14:29:00,59
2019-05-20,14:39:00,59.5
2019-05-20,14:49:00,57.4
2019-05-20,14:59:00,59.4
2019-05-20,15:09:00,61.2
2019-05-20,15:19:00,58.5
2019-05-20,15:29:00,58.5
2019-05-20,15:39:00,58.4
2019-05-20,15:49:00,61.3
2019-05-20,15:59:00,60.7
2019-05-20,16:09:00,61.2
2019-05-20,16:19:00,63.2
2019-05-20,16:29:00,62.8
2019-05-20,16:39:00,64
2019-05-20,16:49:00,60.8
2019-05-20,16:59:00,63.6
2019-05-20,17:09:00,64.7
2019-05-20,17:19:00,62
2019-05-20,17:29:00,61.5
2019-05-20,17:39:00,57.1
2019-05-20,17:49:00,61.3
2019-05-20,17:59:00,61.6
2019-05-20,18:09:00,63.7
2019-05-20,18:19:00,61.9
2019-05-20,18:29:00,61.8
2019-05-20,18:39:00,57.9
2019-05-20,18:49:00,57.2
2019-05-20,18:59:00,57.6
2019-05-20,19:09:00,61.8
2019-05-20,19:19:00,59.8
2019-05-20,19:29:00,56.1
2019-05-20,19:39:00,62.8
2019-05-20,19:49:00,63.1
2019-05-20,19:59:00,57.8
2019-05-20,20:09:00,57.6
2019-05-20,20:19:00,59.7
2019-05-20,20:29:00,58.7
2019-05-20,20:39:00,60.8
2019-05-20,20:49:00,55.1
2019-05-20,20:59:00,62.2
2019-05-20,21:09:00,57.7
2019-05-20,21:19:00,56.4
2019-05-20,21:29:00,60.3
2019-05-20,21:39:00,57.4
2019-05-20,21:49:00,57.5
2019-05-20,21:59:00,57
2019-05-20,22:09:00,58.2
2019-05-20,22:19:00,57
2019-05-20,22:29:00,61.2
2019-05-20,22:39:00,62.3
2019-05-20,22:49:00,60.3
2019-05-20,22:59:00,60
2019-05-20,23:09:00,54.6
2019-05-20,23:19:00,56.6
2019-05-20,23:29:00,58.2
2019-05-20,23:39:00,57.8
2019-05-20,23:49:00,56.7
2019-05-20,23:59:00,59.7
2019-05-21,00:09:00,58.1
2019-05-21,00:19:00,58.2
2019-05-21,00:29:00,57.8
2019-05-21,00:39:00,61.6
2019-05-21,00:49:00,55.5
2019-05-21,00:59:00,57.1
2019-05-21,01:09:00,56.5
2019-05-21,01:19:00,56.9
2019-05-21,01:29:00,60.4
2019-05-21,01:39:00,60.6
2019-05-21,01:49:00,56.3
2019-05-21,01:59:00,55.7
2019-05-21,02:09:00,55.6
2019-05-21,02:19:00,57.2
2019-05-21,02:29:00,58.3
2019-05-21,02:39:00,58.8
2019-05-21,02:49:00,60.5
2019-05-21,02:59:00,60.8
2019-05-21,03:09:00,60.3
2019-05-21,03:19:00,58.8
2019-05-21,03:29:00,54.7
2019-05-21,03:39:00,55.5
2019-05-21,03:49:00,61.6
2019-05-21,03:59:00,54.5
2019-05-21,04:09:00,62.1
2019-05-21,04:19:00,59.2
2019-05-21,04:29:00,57.8
2019-05-21,04:39:00,59.6
2019-05-21,04:49:00,61.8
2019-05-21,04:59:00,57.7
2019-05-21,05:09:00,57.1
2019-05-21,05:19:00,56.8
2019-05-21,05:29:00,57.4
2019-05-21,05:39:00,57.8
2019-05-21,05:49:00,59.6
2019-05-21,05:59:00,59.9
2019-05-21,06:09:00,59.8
2019-05-21,06:19:00,57.5
2019-05-21,06:29:00,59.1
2019-05-21,06:39:00,54.8
2019-05-21,06:49:00,58.5
2019-05-21,06:59:00,56.6
2019-05-21,07:09:00,59.2
2019-05-21,07:19:00,59.9
2019-05-21,07:29:00,57.4
2019-05-21,07:39:00,58.2
2019-05-21,07:49:00,63.9
2019-05-21,07:59:00,59.8
2019-05-21,08:09:00,56.5
2019-05-21,08:19:00,52.7
2019-05-21,08:29:00,57
2019-05-21,08:39:00,57.4
2019-05-21,08:49:00,61.4
2019-05-21,08:59:00,61.1
2019-05-21,09:09:00,61
2019-05-21,09:19:00,61.7
2019-05-21,09:29:00,58
2019-05-21,09:39:00,54.9
2019-05-21,09:49:00,59
2019-05-21,09:59:00,56.3
2019-05-21,10:09:00,56
2019-05-21,10:19:00,60.3
2019-05-21,10:29:00,61.5
2019-05-21,10:39:00,57.7
2019-05-21,10:49:00,60
2019-05-21,10:59:00,52.1
2019-05-21,11:09:00,57.9
2019-05-21,11:19:00,58.6
2019-05-21,11:29:00,55.8
2019-05-21,11:39:00,58.1
2019-05-21,11:49:00,57.3
2019-05-21,11:59:00,59.5
2019-05-21,12:09:00,59.4
2019-05-21,12:19:00,56.4
2019-05-21,12:29:00,57.8
2019-05-21,12:39:00,60.9
2019-05-21,12:49:00,63.1
2019-05-21,12:59:00,57.6
2019-05-21,13:09:00,62.3
2019-05-21,13:19:00,58.1
2019-05-21,13:29:00,60.3
2019-05-21,13:39:00,62.4
2019-05-21,13:49:00,56.7
2019-05-21,13:59:00,65.3
2019-05-21,14:09:00,64.4
2019-05-21,14:19:00,68.1
2019-05-21,14:29:00,69.6
2019-05-21,14:39:00,66.4
2019-05-21,14:49:00,63
2019-05-21,14:59:00,63.8
2019-05-21,15:09:00,59.5
2019-05-21,15:19:00,63.3
2019-05-21,15:29:00,60
2019-05-21,15:39:00,61.8
2019-05-21,15:49:00,63.6
2019-05-21,15:59:00,56.5
2019-05-21,16:09:00,58.7
2019-05-21,16:19:00,57.3
2019-05-21,16:29:00,61.9
2019-05-21,16:39:00,59.1
2019-05-21,16:49:00,60.5
2019-05-21,16:59:00,58.2
2019-05-21,17:09:00,58.2
2019-05-21,17:19:00,58
2019-05-21,17:29:00,60.5
2019-05-21,17:39:00,62.6
2019-05-21,17:49:00,61
2019-05-21,17:59:00,60.8
2019-05-21,18:09:00,56.7
2019-05-21,18:19:00,58.7
2019-05-21,18:29:00,57.7
2019-05-21,18:39:00,58.8
2019-05-21,18:49:00,56.9
2019-05-21,18:59:00,57.2
2019-05-21,19:09:00,54.1
2019-05-21,19:19:00,61.6
2019-05-21,19:29:00,59.7
2019-05-21,19:39:00,58.7
2019-05-21,19:49:00,57.9
2019-05-21,19:59:00,58
2019-05-21,20:09:00,56
2019-05-21,20:19:00,57.4
2019-05-21,20:29:00,59.6
2019-05-21,20:39:00,61.4
2019-05-21,20:49:00,56.3
2019-05-21,20:59:00,58.1
2019-05-21,21:09:00,56.9
2019-05-21,21:19:00,57
2019-05-21,21:29:00,56.1
2019-05-21,21:39:00,58.4
2019-05-21,21:49:00,57.5
2019-05-21,21:59:00,56.5
2019-05-21,22:09:00,56.4
2019-05-21,22:19:00,58.4
2019-05-21,22:29:00,58.2
2019-05-21,22:39:00,58
2019-05-21,22:49:00,57.8
2019-05-21,22:59:00,57.3
2019-05-21,23:09:00,59
2019-05-21,23:19:00,56.8
2019-05-21,23:29:00,60.9
2019-05-21,23:39:00,56.6
2019-05-21,23:49:00,58.8
2019-05-21,23:59:00,58.7
2019-05-22,00:09:00,60.7
2019-05-22,00:19:00,56
2019-05-22,00:29:00,60.9
2019-05-22,00:39:00,61.4
2019-05-22,00:49:00,57.3
2019-05-22,00:59:00,58.8
2019-05-22,01:09:00,59.3
2019-05-22,01:19:00,57.9
2019-05-22,01:29:00,58.1
2019-05-22,01:39:00,56.6
2019-05-22,01:49:00,54.7
2019-05-22,01:59:00,54.7
2019-05-22,02:09:00,57.1
2019-05-22,02:19:00,57.8
2019-05-22,02:29:00,57.1
2019-05-22,02:39:00,60.5
2019-05-22,02:49:00,59.9
2019-05-22,02:59:00,61.6
2019-05-22,03:09:00,64
2019-05-22,03:19:00,60.9
2019-05-22,03:29:00,59.4
2019-05-22,03:39:00,65.2
2019-05-22,03:49:00,61.8
2019-05-22,03:59:00,63.8
2019-05-22,04:09:00,65.1
2019-05-22,04:19:00,68
2019-05-22,04:29:00,64.5
2019-05-22,04:39:00,65.9
2019-05-22,04:49:00,66.6
2019-05-22,04:59:00,65.1
2019-05-22,05:09:00,67.2
2019-05-22,05:19:00,61.7
2019-05-22,05:29:00,62.2
2019-05-22,05:39:00,63.1
2019-05-22,05:49:00,63.1
2019-05-22,05:59:00,58.7
2019-05-22,06:09:00,59.9
2019-05-22,06:19:00,58.2
2019-05-22,06:29:00,58.6
2019-05-22,06:39:00,59.3
2019-05-22,06:49:00,58.8
2019-05-22,06:59:00,64.3
2019-05-22,07:09:00,55.9
2019-05-22,07:19:00,61.7
2019-05-22,07:29:00,58.6
2019-05-22,07:39:00,58.9
2019-05-22,07:49:00,59.3
2019-05-22,07:59:00,58.6
2019-05-22,08:09:00,62
2019-05-22,08:19:00,57.8
2019-05-22,08:29:00,58
2019-05-22,08:39:00,57.8
2019-05-22,08:49:00,55
2019-05-22,08:59:00,58.7
2019-05-22,09:09:00,61.2
2019-05-22,09:19:00,63.1
2019-05-22,09:29:00,63
2019-05-22,09:39:00,62.5
2019-05-22,09:49:00,62.7
2019-05-22,09:59:00,62.2
2019-05-22,10:09:00,66.5
2019-05-22,10:19:00,61.2
2019-05-22,10:29:00,62.6
2019-05-22,10:39:00,66.5
2019-05-22,10:49:00,60.1
2019-05-22,10:59:00,60.9
2019-05-22,11:09:00,59.6
2019-05-22,11:19:00,64
2019-05-22,11:29:00,58
2019-05-22,11:39:00,62.7
2019-05-22,11:49:00,62.1
2019-05-22,11:59:00,59.6
2019-05-22,12:09:00,58.8
2019-05-22,12:19:00,57.7
2019-05-22,12:29:00,57.2
2019-05-22,12:39:00,61.8
2019-05-22,12:49:00,63.9
2019-05-22,12:59:00,63.3
2019-05-22,13:09:00,61.5
2019-05-22,13:19:00,64.1
2019-05-22,13:29:00,69.5
2019-05-22,13:39:00,69.3
2019-05-22,13:49:00,70.9
2019-05-22,13:59:00,67.8
2019-05-22,14:09:00,69.3
2019-05-22,14:19:00,67.2
2019-05-22,14:29:00,73.6
2019-05-22,14:39:00,75.1
2019-05-22,14:49:00,71.5
2019-05-22,14:59:00,76.6
2019-05-22,15:09:00,76.5
2019-05-22,15:19:00,77.1
2019-05-22,15:29:00,81.9
2019-05-22,15:39:00,79.2
2019-05-22,15:49:00,82
2019-05-22,15:59:00,77.4
2019-05-22,16:09:00,75.9
2019-05-22,16:19:00,74.6
2019-05-22,16:29:00,70.8
2019-05-22,16:39:00,69.1
2019-05-22,16:49:00,67.4
2019-05-22,16:59:00,70.2
2019-05-22,17:09:00,66.1
2019-05-22,17:19:00,66.8
2019-05-22,17:29:00,66.1
2019-05-22,17:39:00,68
2019-05-22,17:49:00,62.4
2019-05-22,17:59:00,67.7
2019-05-22,18:09:00,64.3
2019-05-22,18:19:00,59.2
2019-05-22,18:29:00,57
2019-05-22,18:39:00,59
2019-05-22,18:49:00,58.2
2019-05-22,18:59:00,55.5
2019-05-22,19:09:00,58.5
2019-05-22,19:19:00,54.9
2019-05-22,19:29:00,58.3
2019-05-22,19:39:00,59.5
2019-05-22,19:49:00,57.2
2019-05-22,19:59:00,57.5
2019-05-22,20:09:00,55.3
2019-05-22,20:19:00,60.2
2019-05-22,20:29:00,56.7
2019-05-22,20:39:00,58.5
2019-05-22,20:49:00,58.3
2019-05-22,20:59:00,59
2019-05-22,21:09:00,59.7
2019-05-22,21:19:00,61.1
2019-05-22,21:29:00,58.9
2019-05-22,21:39:00,58.5
2019-05-22,21:49:00,59.2
2019-05-22,21:59:00,59.2
2019-05-22,22:09:00,58.9
2019-05-22,22:19:00,55.4
2019-05-22,22:29:00,54.4
2019-05-22,22:39:00,59
2019-05-22,22:49:00,56.9
2019-05-22,22:59:00,56.4
2019-05-22,23:09:00,60
2019-05-22,23:19:00,58
2019-05-22,23:29:00,57.1
2019-05-22,23:39:00,56.4
2019-05-22,23:49:00,58.1
2019-05-22,23:59:00,57
2019-05-23,00:09:00,57.5
2019-05-23,00:19:00,59.3
2019-05-23,00:29:00,58.7
2019-05-23,00:39:00,55.4
2019-05-23,00:49:00,58.9
2019-05-23,00:59:00,53.1
2019-05-23,01:09:00,57.1
2019-05-23,01:19:00,58.3
2019-05-23,01:29:00,56.5
2019-05-23,01:39:00,57.9
2019-05-23,01:49:00,57.4
2019-05-23,01:59:00,55.1
2019-05-23,02:09:00,54.7
2019-05-23,02:19:00,57.2
2019-05-23,02:29:00,59.4
2019-05-23,02:39:00,59
2019-05-23,02:49:00,57.6
2019-05-23,02:59:00,57.7
2019-05-23,03:09:00,55.2
2019-05-23,03:19:00,58.6
2019-05-23,03:29:00,59.3
2019-05-23,03:39:00,59.3
2019-05-23,03:49:00,56.6
2019-05-23,03:59:00,58.8
2019-05-23,04:09:00,57.6
2019-05-23,04:19:00,55.3
2019-05-23,04:29:00,57.9
2019-05-23,04:39:00,59.2
2019-05-23,04:49:00,58.1
2019-05-23,04:59:00,56.9
2019-05-23,05:09:00,58.8
2019-05-23,05:19:00,55.6
2019-05-23,05:29:00,58.9
2019-05-23,05:39:00,57.1
2019-05-23,05:49:00,57.6
2019-05-23,05:59:00,56.9
2019-05-23,06:09:00,56.7
2019-05-23,06:19:00,55.3
2019-05-23,06:29:00,57.5
2019-05-23,06:39:00,58
2019-05-23,06:49:00,62.5
2019-05-23,06:59:00,59.8
2019-05-23,07:09:00,57.8
2019-05-23,07:19:00,59.9
2019-05-23,07:29:00,58.9
2019-05-23,07:39:00,54.9
2019-05-23,07:49:00,56.4
2019-05-23,07:59:00,58.7
2019-05-23,08:09:00,57.6
2019-05-23,08:19:00,57.2
2019-05-23,08:29:00,59.2
2019-05-23,08:39:00,56.4
2019-05-23,08:49:00,54
2019-05-23,08:59:00,59.9
2019-05-23,09:09:00,55.2
2019-05-23,09:19:00,58.9
2019-05-23,09:29:00,61.6
2019-05-23,09:39:00,55.1
2019-05-23,09:49:00,58.3
2019-05-23,09:59:00,60.9
2019-05-23,10:09:00,58.2
2019-05-23,10:19:00,55.3
2019-05-23,10:29:00,53.4
2019-05-23,10:39:00,56.5
2019-05-23,10:49:00,57.3
2019-05-23,10:59:00,59.8
2019-05-23,11:09:00,57.9
2019-05-23,11:19:00,57.8
2019-05-23,11:29:00,56.7
2019-05-23,11:39:00,58.3
2019-05-23,11:49:00,54.8
2019-05-23,11:59:00,58.8
2019-05-23,12:09:00,60.9
2019-05-23,12:19:00,55.3
2019-05-23,12:29:00,56.4
2019-05-23,12:39:00,58.8
2019-05-23,12:49:00,58.3
2019-05-23,12:59:00,56.7
2019-05-23,13:09:00,56.5
2019-05-23,13:19:00,59.9
2019-05-23,13:29:00,60
2019-05-23,13:39:00,55.4
2019-05-23,13:49:00,59.7
2019-05-23,13:59:00,58.9
2019-05-23,14:09:00,59.5
2019-05-23,14:19:00,61.8
2019-05-23,14:29:00,59.9
2019-05-23,14:39:00,58.5
2019-05-23,14:49:00,59.3
2019-05-23,14:59:00,56.5
2019-05-23,15:09:00,57.2
2019-05-23,15:19:00,58.5
2019-05-23,15:29:00,57.6
2019-05-23,15:39:00,56.1
2019-05-23,15:49:00,57.7
2019-05-23,15:59:00,53.5
2019-05-23,16:09:00,54.9
2019-05-23,16:19:00,57.9
2019-05-23,16:29:00,60.2
2019-05-23,16:39:00,57.6
2019-05-23,16:49:00,58.3
2019-05-23,16:59:00,55.6
2019-05-23,17:09:00,57.1
2019-05-23,17:19:00,56.6
2019-05-23,17:29:00,54.6
2019-05-23,17:39:00,57.7
2019-05-23,17:49:00,56.6
2019-05-23,17:59:00,60
2019-05-23,18:09:00,55.3
2019-05-23,18:19:00,58.9
2019-05-23,18:29:00,58.4
2019-05-23,18:39:00,59.9
2019-05-23,18:49:00,56
2019-05-23,18:59:00,54.8
2019-05-23,19:09:00,59.1
2019-05-23,19:19:00,55.8
2019-05-23,19:29:00,58.1
2019-05-23,19:39:00,56.7
2019-05-23,19:49:00,57.1
2019-05-23,19:59:00,63.9
2019-05-23,20:09:00,58.8
2019-05-23,20:19:00,56.9
2019-05-23,20:29:00,57.2
2019-05-23,20:39:00,58.4
2019-05-23,20:49:00,56.3
2019-05-23,20:59:00,56.7
2019-05-23,21:09:00,58.6
2019-05-23,21:19:00,59.1
2019-05-23,21:29:00,53.7
2019-05-23,21:39:00,57.6
2019-05-23,21:49:00,57.1
2019-05-23,21:59:00,60.9
2019-05-23,22:09:00,62.7
2019-05-23,22:19:00,57
2019-05-23,22:29:00,58.8
2019-05-23,22:39:00,58
2019-05-23,22:49:00,56.4
2019-05-23,22:59:00,59.2
2019-05-23,23:09:00,56.7
2019-05-23,23:19:00,54.5
2019-05-23,23:29:00,56.4
2019-05-23,23:39:00,56.4
2019-05-23,23:49:00,54.6
2019-05-23,23:59:00,61
2019-05-24,00:09:00,57.5
2019-05-24,00:19:00,55.7
2019-05-24,00:29:00,59.5
2019-05-24,00:39:00,57.7
2019-05-24,00:49:00,60.3
2019-05-24,00:59:00,57.7
2019-05-24,01:09:00,55.6
2019-05-24,01:19:00,56.6
2019-05-24,01:29:00,61.5
2019-05-24,01:39:00,59.6
2019-05-24,01:49:00,54.4
2019-05-24,01:59:00,57.4
2019-05-24,02:09:00,56.8
2019-05-24,02:19:00,57.4
2019-05-24,02:29:00,58.4
2019-05-24,02:39:00,56.8
2019-05-24,02:49:00,60.3
2019-05-24,02:59:00,57.5
2019-05-24,03:09:00,59.6
2019-05-24,03:19:00,55.5
2019-05-24,03:29:00,60.7
2019-05-24,03:39:00,57.6
2019-05-24,03:49:00,58.6
2019-05-24,03:59:00,56.9
2019-05-24,04:09:00,58.4
2019-05-24,04:19:00,56.5
2019-05-24,04:29:00,54.4
2019-05-24,04:39:00,58.4
2019-05-24,04:49:00,57.5
2019-05-24,04:59:00,59.7
2019-05-24,05:09:00,62.9
2019-05-24,05:19:00,59.6
2019-05-24,05:29:00,57.8
2019-05-24,05:39:00,57.8
2019-05-24,05:49:00,62.5
2019-05-24,05:59:00,57.9
2019-05-24,06:09:00,56.6
2019-05-24,06:19:00,57.6
2019-05-24,06:29:00,56.8
2019-05-24,06:39:00,54.8
2019-05-24,06:49:00,57.5
2019-05-24,06:59:00,56.5
2019-05-24,07:09:00,57.9
2019-05-24,07:19:00,59.3
2019-05-24,07:29:00,59.6
2019-05-24,07:39:00,59
2019-05-24,07:49:00,60.1
2019-05-24,07:59:00,61
2019-05-24,08:09:00,62.7
2019-05-24,08:19:00,58.8
2019-05-24,08:29:00,57.3
2019-05-24,08:39:00,59.4
2019-05-24,08:49:00,59.4
2019-05-24,08:59:00,56.8
2019-05-24,09:09:00,55.9
2019-05-24,09:19:00,53.9
2019-05-24,09:29:00,56.2
2019-05-24,09:39:00,59.8
2019-05-24,09:49:00,57.2
2019-05-24,09:59:00,59.3
2019-05-24,10:09:00,58.2
2019-05-24,10:19:00,54.8
2019-05-24,10:29:00,57.1
2019-05-24,10:39:00,57.4
2019-05-24,10:49:00,57.3
2019-05-24,10:59:00,57.8
2019-05-24,11:09:00,61
2019-05-24,11:19:00,57.8
2019-05-24,11:29:00,57.2
2019-05-24,11:39:00,55.9
2019-05-24,11:49:00,60.4
2019-05-24,11:59:00,59.5
2019-05-24,12:09:00,56.1
2019-05-24,12:19:00,60.6
2019-05-24,12:29:00,60.1
2019-05-24,12:39:00,61.1
2019-05-24,12:49:00,63.2
2019-05-24,12:59:00,56.3
2019-05-24,13:09:00,56.1
2019-05-24,13:19:00,59.1
2019-05-24,13:29:00,57.5
2019-05-24,13:39:00,57.6
2019-05-24,13:49:00,59.1
2019-05-24,13:59:00,58.4
2019-05-24,14:09:00,59.9
2019-05-24,14:19:00,58.1
2019-05-24,14:29:00,58.4
2019-05-24,14:39:00,57.9
2019-05-24,14:49:00,54.3
2019-05-24,14:59:00,58.8
2019-05-24,15:09:00,56.9
2019-05-24,15:19:00,58.4
2019-05-24,15:29:00,56.7
2019-05-24,15:39:00,54.7
2019-05-24,15:49:00,59.5
2019-05-24,15:59:00,58.5
2019-05-24,16:09:00,59.6
2019-05-24,16:19:00,60.2
2019-05-24,16:29:00,59.8
2019-05-24,16:39:00,64.5
2019-05-24,16:49:00,61.4
2019-05-24,16:59:00,58.6
2019-05-24,17:09:00,58.5
2019-05-24,17:19:00,56.7
2019-05-24,17:29:00,60.5
2019-05-24,17:39:00,58.6
2019-05-24,17:49:00,61.4
2019-05-24,17:59:00,62.5
2019-05-24,18:09:00,59.7
2019-05-24,18:19:00,58.9
2019-05-24,18:29:00,57.5
2019-05-24,18:39:00,62.6
2019-05-24,18:49:00,60.7
2019-05-24,18:59:00,61.8
2019-05-24,19:09:00,62.1
2019-05-24,19:19:00,59.5
2019-05-24,19:29:00,60.8
2019-05-24,19:39:00,61
2019-05-24,19:49:00,59.1
2019-05-24,19:59:00,60.3
2019-05-24,20:09:00,58.7
2019-05-24,20:19:00,58.9
2019-05-24,20:29:00,55.3
2019-05-24,20:39:00,63.3
2019-05-24,20:49:00,57
2019-05-24,20:59:00,57.8
2019-05-24,21:09:00,58.8
2019-05-24,21:19:00,58.8
2019-05-24,21:29:00,60.4
2019-05-24,21:39:00,55.7
2019-05-24,21:49:00,54.9
2019-05-24,21:59:00,54.9
2019-05-24,22:09:00,57.4
2019-05-24,22:19:00,56.2
2019-05-24,22:29:00,58.3
2019-05-24,22:39:00,59.8
2019-05-24,22:49:00,56
2019-05-24,22:59:00,59.3
2019-05-24,23:09:00,55.7
2019-05-24,23:19:00,59.1
2019-05-24,23:29:00,55.7
2019-05-24,23:39:00,54.5
2019-05-24,23:49:00,54.7
2019-05-24,23:59:00,55.8
2019-05-25,00:09:00,57.6
2019-05-25,00:19:00,58.5
2019-05-25,00:29:00,58.4
2019-05-25,00:39:00,56.4
2019-05-25,00:49:00,60
2019-05-25,00:59:00,56.5
2019-05-25,01:09:00,57.2
2019-05-25,01:19:00,59.4
2019-05-25,01:29:00,58
2019-05-25,01:39:00,55.2
2019-05-25,01:49:00,59.1
2019-05-25,01:59:00,58
2019-05-25,02:09:00,57.2
2019-05-25,02:19:00,58.2
2019-05-25,02:29:00,59
2019-05-25,02:39:00,56.5
2019-05-25,02:49:00,57.6
2019-05-25,02:59:00,57.2
2019-05-25,03:09:00,59.2
2019-05-25,03:19:00,55.4
2019-05-25,03:29:00,57.5
2019-05-25,03:39:00,53.6
2019-05-25,03:49:00,58.7
2019-05-25,03:59:00,58.7
2019-05-25,04:09:00,57.1
2019-05-25,04:19:00,59.2
2019-05-25,04:29:00,55.4
2019-05-25,04:39:00,53.8
2019-05-25,04:49:00,58.7
2019-05-25,04:59:00,62.7
2019-05-25,05:09:00,63.5
2019-05-25,05:19:00,57.6
2019-05-25,05:29:00,57.9
2019-05-25,05:39:00,59.2
2019-05-25,05:49:00,59.3
2019-05-25,05:59:00,58.8
2019-05-25,06:09:00,53.8
2019-05-25,06:19:00,58.2
2019-05-25,06:29:00,57.6
2019-05-25,06:39:00,57.4
2019-05-25,06:49:00,59.2
2019-05-25,06:59:00,62.1
2019-05-25,07:09:00,60.8
2019-05-25,07:19:00,59.8
2019-05-25,07:29:00,58.1
2019-05-25,07:39:00,59.2
2019-05-25,07:49:00,57.7
2019-05-25,07:59:00,59.4
2019-05-25,08:09:00,56.1
2019-05-25,08:19:00,61.1
2019-05-25,08:29:00,57.5
2019-05-25,08:39:00,61.3
2019-05-25,08:49:00,62.9
2019-05-25,08:59:00,57.4
2019-05-25,09:09:00,60.7
2019-05-25,09:19:00,54.2
2019-05-25,09:29:00,57.7
2019-05-25,09:39:00,55.3
2019-05-25,09:49:00,58.6
2019-05-25,09:59:00,57.3
2019-05-25,10:09:00,58.7
2019-05-25,10:19:00,61.3
2019-05-25,10:29:00,56.4
2019-05-25,10:39:00,58.1
2019-05-25,10:49:00,56.9
2019-05-25,10:59:00,55.4
2019-05-25,11:09:00,57.5
2019-05-25,11:19:00,57.9
2019-05-25,11:29:00,62.3
2019-05-25,11:39:00,55.9
2019-05-25,11:49:00,56.4
2019-05-25,11:59:00,57.9
2019-05-25,12:09:00,57
2019-05-25,12:19:00,57.6
2019-05-25,12:29:00,53.4
2019-05-25,12:39:00,58.1
2019-05-25,12:49:00,60.9
2019-05-25,12:59:00,59.3
2019-05-25,13:09:00,57.1
2019-05-25,13:19:00,61.7
2019-05-25,13:29:00,61.3
2019-05-25,13:39:00,58
2019-05-25,13:49:00,58.7
2019-05-25,13:59:00,60.9
2019-05-25,14:09:00,61.2
2019-05-25,14:19:00,62
2019-05-25,14:29:00,59.7
2019-05-25,14:39:00,60
2019-05-25,14:49:00,62.4
2019-05-25,14:59:00,60.4
2019-05-25,15:09:00,61
2019-05-25,15:19:00,62
2019-05-25,15:29:00,56.8
2019-05-25,15:39:00,62.5
2019-05-25,15:49:00,58.3
2019-05-25,15:59:00,60.6
2019-05-25,16:09:00,61.4
2019-05-25,16:19:00,62.7
2019-05-25,16:29:00,60.2
2019-05-25,16:39:00,61.7
2019-05-25,16:49:00,60
2019-05-25,16:59:00,59.1
2019-05-25,17:09:00,59.2
2019-05-25,17:19:00,61.6
2019-05-25,17:29:00,56.3
2019-05-25,17:39:00,60.5
2019-05-25,17:49:00,62.2
2019-05-25,17:59:00,62.1
2019-05-25,18:09:00,55.2
2019-05-25,18:19:00,60.3
2019-05-25,18:29:00,62.4
2019-05-25,18:39:00,59.8
2019-05-25,18:49:00,57.9
2019-05-25,18:59:00,61.1
2019-05-25,19:09:00,57.5
2019-05-25,19:19:00,56.7
2019-05-25,19:29:00,61
2019-05-25,19:39:00,58.2
2019-05-25,19:49:00,61.2
2019-05-25,19:59:00,57.6
2019-05-25,20:09:00,62.7
2019-05-25,20:19:00,59.5
2019-05-25,20:29:00,59.1
2019-05-25,20:39:00,59.3
2019-05-25,20:49:00,60.8
2019-05-25,20:59:00,55.9
2019-05-25,21:09:00,58
2019-05-25,21:19:00,58.4
2019-05-25,21:29:00,53.1
2019-05-25,21:39:00,58.2
2019-05-25,21:49:00,60.3
2019-05-25,21:59:00,56.9
2019-05-25,22:09:00,57.5
2019-05-25,22:19:00,58
2019-05-25,22:29:00,60.2
2019-05-25,22:39:00,56.8
2019-05-25,22:49:00,62.4
2019-05-25,22:59:00,54.9
2019-05-25,23:09:00,60.1
2019-05-25,23:19:00,58
2019-05-25,23:29:00,62
2019-05-25,23:39:00,59.1
2019-05-25,23:49:00,55.5
2019-05-25,23:59:00,58.7
2019-05-26,00:09:00,55.6
2019-05-26,00:19:00,55.2
2019-05-26,00:29:00,56.5
2019-05-26,00:39:00,55.6
2019-05-26,00:49:00,58
2019-05-26,00:59:00,60.7
2019-05-26,01:09:00,60.6
2019-05-26,01:19:00,56.7
2019-05-26,01:29:00,57.6
2019-05-26,01:39:00,61.4
2019-05-26,01:49:00,57.3
2019-05-26,01:59:00,58.2
2019-05-26,02:09:00,57.9
2019-05-26,02:19:00,56.4
2019-05-26,02:29:00,57.4
2019-05-26,02:39:00,57.9
2019-05-26,02:49:00,59.8
2019-05-26,02:59:00,59.3
2019-05-26,03:09:00,56
2019-05-26,03:19:00,57.1
2019-05-26,03:29:00,55.4
2019-05-26,03:39:00,54.5
2019-05-26,03:49:00,56.3
2019-05-26,03:59:00,58.2
2019-05-26,04:09:00,57.9
2019-05-26,04:19:00,56.9
2019-05-26,04:29:00,58
2019-05-26,04:39:00,59.4
2019-05-26,04:49:00,57.7
2019-05-26,04:59:00,54.2
2019-05-26,05:09:00,59.3
2019-05-26,05:19:00,55.6
2019-05-26,05:29:00,58
2019-05-26,05:39:00,56.6
2019-05-26,05:49:00,55.8
2019-05-26,05:59:00,59.3
2019-05-26,06:09:00,59
2019-05-26,06:19:00,59.7
2019-05-26,06:29:00,57.4
2019-05-26,06:39:00,58.4
2019-05-26,06:49:00,59.2
2019-05-26,06:59:00,62.8
2019-05-26,07:09:00,60.5
2019-05-26,07:19:00,62.5
2019-05-26,07:29:00,57.6
2019-05-26,07:39:00,56.6
2019-05-26,07:49:00,59.6
2019-05-26,07:59:00,58.5
2019-05-26,08:09:00,60.1
2019-05-26,08:19:00,58.5
2019-05-26,08:29:00,58.3
2019-05-26,08:39:00,57.9
2019-05-26,08:49:00,59.9
2019-05-26,08:59:00,62.3
2019-05-26,09:09:00,56.7
2019-05-26,09:19:00,55.5
2019-05-26,09:29:00,61.6
2019-05-26,09:39:00,62
2019-05-26,09:49:00,60.9
2019-05-26,09:59:00,57.5
2019-05-26,10:09:00,59.6
2019-05-26,10:19:00,56.1
2019-05-26,10:29:00,58.1
2019-05-26,10:39:00,58.4
2019-05-26,10:49:00,57.9
2019-05-26,10:59:00,58.3
2019-05-26,11:09:00,61.8
2019-05-26,11:19:00,59.7
2019-05-26,11:29:00,59.1
2019-05-26,11:39:00,57.2
2019-05-26,11:49:00,59.4
2019-05-26,11:59:00,60.1
2019-05-26,12:09:00,57.5
2019-05-26,12:19:00,58.9
2019-05-26,12:29:00,62.1
2019-05-26,12:39:00,60.8
2019-05-26,12:49:00,59.3
2019-05-26,12:59:00,61.5
2019-05-26,13:09:00,65.9
2019-05-26,13:19:00,62.9
2019-05-26,13:29:00,61.3
2019-05-26,13:39:00,63.6
2019-05-26,13:49:00,60.5
2019-05-26,13:59:00,65
2019-05-26,14:09:00,58.9
2019-05-26,14:19:00,62
2019-05-26,14:29:00,62.2
2019-05-26,14:39:00,60.3
2019-05-26,14:49:00,59.5
2019-05-26,14:59:00,58.7
2019-05-26,15:09:00,61.2
2019-05-26,15:19:00,61.7
2019-05-26,15:29:00,60.7
2019-05-26,15:39:00,57.7
2019-05-26,15:49:00,61.5
2019-05-26,15:59:00,61.5
2019-05-26,16:09:00,63.3
2019-05-26,16:19:00,60.8
2019-05-26,16:29:00,61.4
2019-05-26,16:39:00,60.9
2019-05-26,16:49:00,63.6
2019-05-26,16:59:00,63.8
2019-05-26,17:09:00,60.6
2019-05-26,17:19:00,63.7
2019-05-26,17:29:00,62.8
2019-05-26,17:39:00,59.9
2019-05-26,17:49:00,58.3
2019-05-26,17:59:00,59.6
2019-05-26,18:09:00,59.1
2019-05-26,18:19:00,61.7
2019-05-26,18:29:00,58
2019-05-26,18:39:00,58.6
2019-05-26,18:49:00,56.2
2019-05-26,18:59:00,61.3
2019-05-26,19:09:00,61.5
2019-05-26,19:19:00,58
2019-05-26,19:29:00,58.4
2019-05-26,19:39:00,62.2
2019-05-26,19:49:00,63.1
2019-05-26,19:59:00,58.5
2019-05-26,20:09:00,61.3
2019-05-26,20:19:00,59.6
2019-05-26,20:29:00,58.3
2019-05-26,20:39:00,59.1
2019-05-26,20:49:00,55.9
2019-05-26,20:59:00,58.2
2019-05-26,21:09:00,58.4
2019-05-26,21:19:00,58.8
2019-05-26,21:29:00,60.6
2019-05-26,21:39:00,58.4
2019-05-26,21:49:00,60.2
2019-05-26,21:59:00,59
2019-05-26,22:09:00,57.4
2019-05-26,22:19:00,59.8
2019-05-26,22:29:00,58.7
2019-05-26,22:39:00,59.8
2019-05-26,22:49:00,55.3
2019-05-26,22:59:00,55.5
2019-05-26,23:09:00,53.2
2019-05-26,23:19:00,56.3
2019-05-26,23:29:00,56.6
2019-05-26,23:39:00,60.2
2019-05-26,23:49:00,57
2019-05-26,23:59:00,57.4
2019-05-27,00:09:00,60.8
2019-05-27,00:19:00,58.6
2019-05-27,00:29:00,62.4
2019-05-27,00:39:00,59.8
2019-05-27,00:49:00,58.7
2019-05-27,00:59:00,57.3
2019-05-27,01:09:00,58.4
2019-05-27,01:19:00,60.1
2019-05-27,01:29:00,61
2019-05-27,01:39:00,56.6
2019-05-27,01:49:00,60.6
2019-05-27,01:59:00,65.3
2019-05-27,02:09:00,62.6
2019-05-27,02:19:00,60.2
2019-05-27,02:29:00,58.3
2019-05-27,02:39:00,60.3
2019-05-27,02:49:00,60.6
2019-05-27,02:59:00,58.6
2019-05-27,03:09:00,58.8
2019-05-27,03:19:00,56.5
2019-05-27,03:29:00,60.9
2019-05-27,03:39:00,58.9
2019-05-27,03:49:00,61.5
2019-05-27,03:59:00,60.8
2019-05-27,04:09:00,61.1
2019-05-27,04:19:00,58
2019-05-27,04:29:00,63.4
2019-05-27,04:39:00,58.1
2019-05-27,04:49:00,61.5
2019-05-27,04:59:00,58.9
2019-05-27,05:09:00,60
2019-05-27,05:19:00,60.2
2019-05-27,05:29:00,59.1
2019-05-27,05:39:00,57.2
2019-05-27,05:49:00,58.5
2019-05-27,05:59:00,61
2019-05-27,06:09:00,61.3
2019-05-27,06:19:00,61.7
2019-05-27,06:29:00,59.8
2019-05-27,06:39:00,55.7
2019-05-27,06:49:00,56.6
2019-05-27,06:59:00,62
2019-05-27,07:09:00,59.5
2019-05-27,07:19:00,60.3
2019-05-27,07:29:00,58.4
2019-05-27,07:39:00,62.4
2019-05-27,07:49:00,62.4
2019-05-27,07:59:00,61.3
2019-05-27,08:09:00,58.5
2019-05-27,08:19:00,58
2019-05-27,08:29:00,65.1
2019-05-27,08:39:00,58.9
2019-05-27,08:49:00,60.8
2019-05-27,08:59:00,62.3
2019-05-27,09:09:00,57.7
2019-05-27,09:19:00,60
2019-05-27,09:29:00,60
2019-05-27,09:39:00,57.5
2019-05-27,09:49:00,56.8
2019-05-27,09:59:00,58.9
2019-05-27,10:09:00,57.5
2019-05-27,10:19:00,56.8
2019-05-27,10:29:00,60
2019-05-27,10:39:00,59.5
2019-05-27,10:49:00,62.1
2019-05-27,10:59:00,61.2
2019-05-27,11:09:00,58.3
2019-05-27,11:19:00,59.6
2019-05-27,11:29:00,57.2
2019-05-27,11:39:00,60.1
2019-05-27,11:49:00,60.2
2019-05-27,11:59:00,60.5
2019-05-27,12:09:00,60.4
2019-05-27,12:19:00,58.8
2019-05-27,12:29:00,58.6
2019-05-27,12:39:00,59
2019-05-27,12:49:00,58.6
2019-05-27,12:59:00,62.5
2019-05-27,13:09:00,58.9
2019-05-27,13:19:00,57.9
2019-05-27,13:29:00,58.3
2019-05-27,13:39:00,62
2019-05-27,13:49:00,58.4
2019-05-27,13:59:00,56.3
2019-05-27,14:09:00,60
2019-05-27,14:19:00,59.3
2019-05-27,14:29:00,57.6
2019-05-27,14:39:00,58
2019-05-27,14:49:00,60.8
2019-05-27,14:59:00,60.5
2019-05-27,15:09:00,60.8
2019-05-27,15:19:00,57.9
2019-05-27,15:29:00,59.4
2019-05-27,15:39:00,59.9
2019-05-27,15:49:00,57.1
2019-05-27,15:59:00,57.8
2019-05-27,16:09:00,61.9
2019-05-27,16:19:00,62.8
2019-05-27,16:29:00,65.3
2019-05-27,16:39:00,64.7
2019-05-27,16:49:00,63.9
2019-05-27,16:59:00,59.4
2019-05-27,17:09:00,61.3
2019-05-27,17:19:00,58.9
2019-05-27,17:29:00,60.2
2019-05-27,17:39:00,59.6
2019-05-27,17:49:00,58.9
2019-05-27,17:59:00,58.9
2019-05-27,18:09:00,59.2
2019-05-27,18:19:00,58.6
2019-05-27,18:29:00,60.4
2019-05-27,18:39:00,58.8
2019-05-27,18:49:00,59.4
2019-05-27,18:59:00,59.9
2019-05-27,19:09:00,61.2
2019-05-27,19:19:00,60.3
2019-05-27,19:29:00,60.8
2019-05-27,19:39:00,61.5
2019-05-27,19:49:00,57.9
2019-05-27,19:59:00,61.7
2019-05-27,20:09:00,63.3
2019-05-27,20:19:00,63.6
2019-05-27,20:29:00,61.2
2019-05-27,20:39:00,60.1
2019-05-27,20:49:00,58.2
2019-05-27,20:59:00,63.9
2019-05-27,21:09:00,62.2
2019-05-27,21:19:00,59.8
2019-05-27,21:29:00,60.7
2019-05-27,21:39:00,58.3
2019-05-27,21:49:00,60.7
2019-05-27,21:59:00,60.2
2019-05-27,22:09:00,57.3
2019-05-27,22:19:00,58
2019-05-27,22:29:00,61.2
2019-05-27,22:39:00,58.4
2019-05-27,22:49:00,62.3
2019-05-27,22:59:00,56.7
2019-05-27,23:09:00,58.1
2019-05-27,23:19:00,58.3
2019-05-27,23:29:00,56.3
2019-05-27,23:39:00,58.9
2019-05-27,23:49:00,59.9
2019-05-27,23:59:00,60.9
2019-05-28,00:09:00,59.6
2019-05-28,00:19:00,63
2019-05-28,00:29:00,56.7
2019-05-28,00:39:00,59.9
2019-05-28,00:49:00,57
2019-05-28,00:59:00,60.2
2019-05-28,01:09:00,53.2
2019-05-28,01:19:00,56.3
2019-05-28,01:29:00,61.4
2019-05-28,01:39:00,58.4
2019-05-28,01:49:00,59.5
2019-05-28,01:59:00,60.7
2019-05-28,02:09:00,57.1
2019-05-28,02:19:00,58.4
2019-05-28,02:29:00,58.2
2019-05-28,02:39:00,59.2
2019-05-28,02:49:00,61.9
2019-05-28,02:59:00,62
2019-05-28,03:09:00,56.3
2019-05-28,03:19:00,57.1
2019-05-28,03:29:00,57.5
2019-05-28,03:39:00,58.1
2019-05-28,03:49:00,57.3
2019-05-28,03:59:00,63.9
2019-05-28,04:09:00,59.1
2019-05-28,04:19:00,58.3
2019-05-28,04:29:00,57.3
2019-05-28,04:39:00,57.8
2019-05-28,04:49:00,59.9
2019-05-28,04:59:00,59.1
2019-05-28,05:09:00,59.8
2019-05-28,05:19:00,59.2
2019-05-28,05:29:00,60.4
2019-05-28,05:48:00,60.6
2019-05-28,05:58:00,62.1
2019-05-28,06:08:00,61.6
2019-05-28,06:18:00,61.6
2019-05-28,06:28:00,60.9
2019-05-28,06:38:00,65.2
2019-05-28,06:48:00,62.1
2019-05-28,06:58:00,62.1
2019-05-28,07:08:00,64.7
2019-05-28,07:18:00,63.5
2019-05-28,07:28:00,62
2019-05-28,07:38:00,61.2
2019-05-28,07:48:00,61.9
2019-05-28,07:58:00,61.9
2019-05-28,08:08:00,61.7
2019-05-28,08:18:00,57.5
2019-05-28,08:28:00,61.1
2019-05-28,08:38:00,58.3
2019-05-28,08:48:00,60.2
2019-05-28,08:58:00,58.9
2019-05-28,09:08:00,57.8
2019-05-28,09:18:00,62.1
2019-05-28,09:28:00,55.4
2019-05-28,09:38:00,59.5
2019-05-28,09:48:00,59.2
2019-05-28,09:58:00,60.8
2019-05-28,10:08:00,57.9
2019-05-28,10:18:00,58.5
2019-05-28,10:28:00,61.2
2019-05-28,10:38:00,57.9
2019-05-28,10:48:00,59.8
2019-05-28,10:58:00,55
2019-05-28,11:08:00,57.6
2019-05-28,11:18:00,57.6
2019-05-28,11:28:00,60.4
2019-05-28,11:38:00,60.1
2019-05-28,11:48:00,59.7
2019-05-28,11:58:00,60.2
2019-05-28,12:08:00,62
2019-05-28,12:18:00,56.7
2019-05-28,12:28:00,59.3
2019-05-28,12:38:00,57.9
2019-05-28,12:48:00,59.4
2019-05-28,12:58:00,60.9
2019-05-28,13:08:00,60
2019-05-28,13:18:00,63.6
2019-05-28,13:28:00,59.2
2019-05-28,13:38:00,63
2019-05-28,13:48:00,63.7
2019-05-28,13:58:00,64.1
2019-05-28,14:08:00,63.3
2019-05-28,14:18:00,66.7
2019-05-28,14:28:00,63.2
2019-05-28,14:38:00,66.5
2019-05-28,14:48:00,65.6
2019-05-28,14:58:00,65.1
2019-05-28,15:08:00,66
2019-05-28,15:18:00,65.1
2019-05-28,15:28:00,69
2019-05-28,15:38:00,57.8
2019-05-28,15:48:00,64.4
2019-05-28,15:58:00,65.2
2019-05-28,16:08:00,63.7
2019-05-28,16:18:00,67.8
2019-05-28,16:28:00,61
2019-05-28,16:38:00,62.7
2019-05-28,16:48:00,59.8
2019-05-28,16:58:00,58.3
2019-05-28,17:08:00,58.7
2019-05-28,17:18:00,58.2
2019-05-28,17:28:00,59.9
2019-05-28,17:38:00,58.2
2019-05-28,17:48:00,59.3
2019-05-28,17:58:00,59.7
2019-05-28,18:08:00,57.9
2019-05-28,18:18:00,61.5
2019-05-28,18:28:00,58.7
2019-05-28,18:38:00,59.1
2019-05-28,18:48:00,58.6
2019-05-28,18:58:00,58.8
2019-05-28,19:08:00,61.2
2019-05-28,19:18:00,60.7
2019-05-28,19:28:00,59.6
2019-05-28,19:38:00,60.5
2019-05-28,19:48:00,60.2
2019-05-28,19:58:00,60.2
2019-05-28,20:08:00,58.1
2019-05-28,20:18:00,58.5
2019-05-28,20:28:00,61.1
2019-05-28,20:38:00,61.6
2019-05-28,20:48:00,60.6
2019-05-28,20:58:00,60.6
2019-05-28,21:08:00,63.8
2019-05-28,21:18:00,59.5
2019-05-28,21:28:00,61.2
2019-05-28,21:38:00,58.4
2019-05-28,21:48:00,61.5
2019-05-28,21:58:00,57.4
2019-05-28,22:08:00,62.1
2019-05-28,22:18:00,59.7
2019-05-28,22:28:00,60.7
2019-05-28,22:38:00,58.3
2019-05-28,22:48:00,59.5
2019-05-28,22:58:00,61.2
2019-05-28,23:08:00,57
2019-05-28,23:18:00,62.1
2019-05-28,23:28:00,63.7
2019-05-28,23:38:00,64.7
2019-05-28,23:48:00,60.8
2019-05-28,23:58:00,60.9
2019-05-29,00:08:00,63.1
2019-05-29,00:18:00,61.1
2019-05-29,00:28:00,60.9
2019-05-29,00:38:00,63.2
2019-05-29,00:48:00,59.3
2019-05-29,00:58:00,62.9
2019-05-29,01:08:00,58.5
2019-05-29,01:18:00,60.4
2019-05-29,01:28:00,59.7
2019-05-29,01:38:00,57.5
2019-05-29,01:48:00,59.1
2019-05-29,01:58:00,57.8
2019-05-29,02:08:00,57.3
2019-05-29,02:18:00,63.6
2019-05-29,02:28:00,61.4
2019-05-29,02:38:00,57.5
2019-05-29,02:48:00,57.3
2019-05-29,02:58:00,59.6
2019-05-29,03:08:00,59.1
2019-05-29,03:18:00,59.4
2019-05-29,03:28:00,57
2019-05-29,03:38:00,56.8
2019-05-29,03:48:00,60.1
2019-05-29,03:58:00,60.5
2019-05-29,04:08:00,59.4
2019-05-29,04:18:00,60.6
2019-05-29,04:28:00,56.6
2019-05-29,04:38:00,59.1
2019-05-29,04:48:00,57
2019-05-29,04:58:00,55.4
2019-05-29,05:08:00,57.3
2019-05-29,05:18:00,59.2
2019-05-29,05:28:00,60.1
2019-05-29,05:38:00,58.9
2019-05-29,05:48:00,59
2019-05-29,05:58:00,61.5
2019-05-29,06:08:00,59.1
2019-05-29,06:18:00,63.8
2019-05-29,06:28:00,61
2019-05-29,06:38:00,58.1
2019-05-29,06:48:00,59.5
2019-05-29,06:58:00,64.9
2019-05-29,07:08:00,60.5
2019-05-29,07:18:00,58.6
2019-05-29,07:28:00,60.6
2019-05-29,07:38:00,60.1
2019-05-29,07:48:00,60.2
2019-05-29,07:58:00,59
2019-05-29,08:08:00,58.3
2019-05-29,08:18:00,59.3
2019-05-29,08:28:00,58.5
2019-05-29,08:38:00,61.2
2019-05-29,08:48:00,58.8
2019-05-29,08:58:00,58.4
2019-05-29,09:08:00,54.6
2019-05-29,09:18:00,55.3
2019-05-29,09:28:00,56.2
2019-05-29,09:38:00,57.8
2019-05-29,09:48:00,62.8
2019-05-29,09:58:00,58.8
2019-05-29,10:08:00,58.8
2019-05-29,10:18:00,60.3
2019-05-29,10:28:00,60.9
2019-05-29,10:38:00,58.1
2019-05-29,10:48:00,62.1
2019-05-29,10:58:00,53.9
2019-05-29,11:08:00,53.7
2019-05-29,11:18:00,52.2
2019-05-29,11:28:00,59.8
2019-05-29,11:38:00,57.2
2019-05-29,11:48:00,57.9
2019-05-29,11:58:00,56.5
2019-05-29,12:08:00,60.6
2019-05-29,12:18:00,57
2019-05-29,12:28:00,61.6
2019-05-29,12:38:00,59.4
2019-05-29,12:48:00,55.9
2019-05-29,12:58:00,56.3
2019-05-29,13:08:00,60.3
2019-05-29,13:18:00,60.5
2019-05-29,13:28:00,61.3
2019-05-29,13:38:00,59.3
2019-05-29,13:48:00,59.8
2019-05-29,13:58:00,61.9
2019-05-29,14:08:00,60.1
2019-05-29,14:18:00,57.8
2019-05-29,14:28:00,57.2
2019-05-29,14:38:00,53.8
2019-05-29,14:48:00,59.3
2019-05-29,14:58:00,58.1
2019-05-29,15:08:00,64
2019-05-29,15:18:00,57
2019-05-29,15:28:00,57.9
2019-05-29,15:38:00,58
2019-05-29,15:48:00,65.3
2019-05-29,15:58:00,67.2
2019-05-29,16:08:00,67.2
2019-05-29,16:18:00,70.3
2019-05-29,16:28:00,70.9
2019-05-29,16:38:00,68.2
2019-05-29,16:48:00,72.7
2019-05-29,16:58:00,75.5
2019-05-29,17:08:00,67.6
2019-05-29,17:18:00,68
2019-05-29,17:28:00,67.8
2019-05-29,17:38:00,68.5
2019-05-29,17:48:00,64.6
2019-05-29,17:58:00,64.1
2019-05-29,18:08:00,64.4
2019-05-29,18:18:00,67.6
2019-05-29,18:28:00,64.2
2019-05-29,18:38:00,62.7
2019-05-29,18:48:00,64
2019-05-29,18:58:00,67.7
2019-05-29,19:08:00,64.3
2019-05-29,19:18:00,69.4
2019-05-29,19:28:00,70.3
2019-05-29,19:38:00,66.9
2019-05-29,19:48:00,69.7
2019-05-29,19:58:00,65.3
2019-05-29,20:08:00,67.7
2019-05-29,20:18:00,67.9
2019-05-29,20:28:00,66
2019-05-29,20:38:00,67.9
2019-05-29,20:48:00,63.1
2019-05-29,20:58:00,64
2019-05-29,21:08:00,65.2
2019-05-29,21:18:00,66.4
2019-05-29,21:28:00,66
2019-05-29,21:38:00,69.5
2019-05-29,21:48:00,66.9
2019-05-29,21:58:00,66.8
2019-05-29,22:08:00,62.8
2019-05-29,22:18:00,62.5
2019-05-29,22:28:00,56.2
2019-05-29,22:38:00,60.6
2019-05-29,22:48:00,62.7
2019-05-29,22:58:00,62.9
2019-05-29,23:08:00,68.1
2019-05-29,23:18:00,65.5
2019-05-29,23:28:00,70.1
2019-05-29,23:38:00,72.6
2019-05-29,23:48:00,72.5
2019-05-29,23:58:00,68.1
2019-05-30,00:08:00,70.3
2019-05-30,00:18:00,69.5
2019-05-30,00:28:00,68.3
2019-05-30,00:38:00,70.7
2019-05-30,00:48:00,70.3
2019-05-30,00:58:00,68.2
2019-05-30,01:08:00,71.7
2019-05-30,01:18:00,70.5
2019-05-30,01:28:00,71.3
2019-05-30,01:38:00,68.3
2019-05-30,01:48:00,72.2
2019-05-30,01:58:00,72.8
2019-05-30,02:08:00,69.6
2019-05-30,02:18:00,71.7
2019-05-30,02:28:00,69.5
2019-05-30,02:38:00,68.5
2019-05-30,02:48:00,66.3
2019-05-30,02:58:00,69.2
2019-05-30,03:08:00,68.9
2019-05-30,03:18:00,68.3
2019-05-30,03:28:00,68.2
2019-05-30,03:38:00,67
2019-05-30,03:48:00,63.4
2019-05-30,03:58:00,64.7
2019-05-30,04:08:00,64.9
2019-05-30,04:18:00,62.5
2019-05-30,04:28:00,61.7
2019-05-30,04:38:00,61.3
2019-05-30,04:48:00,60.2
2019-05-30,04:58:00,63.1
2019-05-30,05:08:00,64.7
2019-05-30,05:18:00,62.8
2019-05-30,05:28:00,59
2019-05-30,05:38:00,61.1
2019-05-30,05:48:00,57.2
2019-05-30,05:58:00,57.1
2019-05-30,06:08:00,61.4
2019-05-30,06:18:00,56.9
2019-05-30,06:28:00,56.9
2019-05-30,06:38:00,59.6
2019-05-30,06:48:00,60
2019-05-30,06:58:00,55.1
2019-05-30,07:08:00,60.8
2019-05-30,07:18:00,56.8
2019-05-30,07:28:00,58.8
2019-05-30,07:38:00,56
2019-05-30,07:48:00,55.7
2019-05-30,07:58:00,58.4
2019-05-30,08:08:00,54.6
2019-05-30,08:18:00,56.4
2019-05-30,08:28:00,55.7
2019-05-30,08:38:00,58.6
2019-05-30,08:48:00,60.4
2019-05-30,08:58:00,57.9
2019-05-30,09:08:00,56.2
2019-05-30,09:18:00,60
2019-05-30,09:28:00,61.8
2019-05-30,09:38:00,58.2
2019-05-30,09:48:00,58.4
2019-05-30,09:58:00,61.1
2019-05-30,10:08:00,59.7
2019-05-30,10:18:00,57.4
2019-05-30,10:28:00,56.7
2019-05-30,10:38:00,55.6
2019-05-30,10:48:00,59.3
2019-05-30,10:58:00,58.4
2019-05-30,11:08:00,60.4
2019-05-30,11:18:00,55.9
2019-05-30,11:28:00,56.3
2019-05-30,11:38:00,57.5
2019-05-30,11:48:00,57.9
2019-05-30,11:58:00,59.7
2019-05-30,12:08:00,60.4
2019-05-30,12:18:00,60
2019-05-30,12:28:00,60.3
2019-05-30,12:38:00,58.1
2019-05-30,12:48:00,55.8
2019-05-30,12:58:00,58.8
2019-05-30,13:08:00,54.9
2019-05-30,13:18:00,60.9
2019-05-30,13:28:00,55.7
2019-05-30,13:38:00,61.2
2019-05-30,13:48:00,62.4
2019-05-30,13:58:00,60.1
2019-05-30,14:08:00,57.9
2019-05-30,14:18:00,61.3
2019-05-30,14:28:00,59
2019-05-30,14:38:00,60.3
2019-05-30,14:48:00,61.4
2019-05-30,14:58:00,59.3
2019-05-30,15:08:00,62.4
2019-05-30,15:18:00,60.8
2019-05-30,15:28:00,58.2
2019-05-30,15:38:00,56.5
2019-05-30,15:48:00,57.4
2019-05-30,15:58:00,57.4
2019-05-30,16:08:00,60.2
2019-05-30,16:18:00,55.4
2019-05-30,16:28:00,58.4
2019-05-30,16:38:00,56.4
2019-05-30,16:48:00,57.3
2019-05-30,16:58:00,57.5
2019-05-30,17:08:00,57.7
2019-05-30,17:18:00,58.4
2019-05-30,17:28:00,57.5
2019-05-30,17:38:00,54.9
2019-05-30,17:48:00,58.7
2019-05-30,17:58:00,55.5
2019-05-30,18:08:00,54.8
2019-05-30,18:18:00,56.9
2019-05-30,18:28:00,54.4
2019-05-30,18:38:00,58.1
2019-05-30,18:48:00,56
2019-05-30,18:58:00,57.4
2019-05-30,19:08:00,51.7
2019-05-30,19:18:00,54.6
2019-05-30,19:28:00,56.6
2019-05-30,19:38:00,58.2
2019-05-30,19:48:00,56.9
2019-05-30,19:58:00,58.4
2019-05-30,20:08:00,58.4
2019-05-30,20:18:00,53.7
2019-05-30,20:28:00,54.9
2019-05-30,20:38:00,54.8
2019-05-30,20:48:00,57.1
2019-05-30,20:58:00,57.5
2019-05-30,21:08:00,58.2
2019-05-30,21:18:00,57.4
2019-05-30,21:28:00,56.6
2019-05-30,21:38:00,56.1
2019-05-30,21:48:00,54.3
2019-05-30,21:58:00,56.5
2019-05-30,22:08:00,53.9
2019-05-30,22:18:00,56
2019-05-30,22:28:00,55.5
2019-05-30,22:38:00,54
2019-05-30,22:48:00,55.6
2019-05-30,22:58:00,55.8
2019-05-30,23:08:00,53.9
2019-05-30,23:18:00,58
2019-05-30,23:28:00,55.7
2019-05-30,23:38:00,52.7
2019-05-30,23:48:00,58
2019-05-30,23:58:00,55
