2022-07-01,00:10:00,115.5
2022-07-01,00:20:00,109.6
2022-07-01,00:30:00,112.7
2022-07-01,00:40:00,113
2022-07-01,00:50:00,110.8
2022-07-01,01:00:00,113.2
2022-07-01,01:10:00,112.8
2022-07-01,01:20:00,114.8
2022-07-01,01:30:00,117
2022-07-01,01:40:00,114.7
2022-07-01,01:50:00,111.7
2022-07-01,02:00:00,114.6
2022-07-01,02:10:00,108.2
2022-07-01,02:20:00,110
2022-07-01,02:30:00,114.9
2022-07-01,02:40:00,113.1
2022-07-01,02:50:00,112.5
2022-07-01,03:00:00,110.9
2022-07-01,03:10:00,119.8
2022-07-01,03:20:00,113.9
2022-07-01,03:30:00,114.7
2022-07-01,03:40:00,110
2022-07-01,03:50:00,110.9
2022-07-01,04:00:00,119
2022-07-01,04:10:00,112.7
2022-07-01,04:20:00,113.5
2022-07-01,04:30:00,110.7
2022-07-01,04:40:00,114.4
2022-07-01,04:50:00,115.1
2022-07-01,05:00:00,118.5
2022-07-01,05:10:00,112.2
2022-07-01,05:20:00,112.8
2022-07-01,05:30:00,113.7
2022-07-01,05:40:00,113.2
2022-07-01,05:50:00,107.4
2022-07-01,06:00:00,114.8
2022-07-01,06:10:00,120.2
2022-07-01,06:20:00,114.4
2022-07-01,06:30:00,112.7
2022-07-01,06:40:00,117.6
2022-07-01,06:50:00,113.8
2022-07-01,07:00:00,116.6
2022-07-01,07:10:00,117.2
2022-07-01,07:20:00,116.2
2022-07-01,07:30:00,111.9
2022-07-01,07:40:00,113.4
2022-07-01,07:50:00,112.5
2022-07-01,08:00:00,112.8
2022-07-01,08:10:00,113.3
2022-07-01,08:20:00,117
2022-07-01,08:30:00,112.3
2022-07-01,08:40:00,114.8
2022-07-01,08:50:00,116.7
2022-07-01,09:00:00,114.2
2022-07-01,09:10:00,114.5
2022-07-01,09:20:00,114.8
2022-07-01,09:30:00,116.2
2022-07-01,09:40:00,113.3
2022-07-01,09:50:00,114.8
2022-07-01,10:00:00,113.1
2022-07-01,10:10:00,121.8
2022-07-01,10:20:00,119.4
2022-07-01,10:30:00,114.2
2022-07-01,10:40:00,115.5
2022-07-01,10:50:00,113.4
2022-07-01,11:00:00,121
2022-07-01,11:10:00,114.6
2022-07-01,11:20:00,113.9
2022-07-01,11:30:00,119.3
2022-07-01,11:40:00,112.2
2022-07-01,11:50:00,116.6
2022-07-01,12:00:00,118.7
2022-07-01,12:10:00,116
2022-07-01,12:20:00,116.1
2022-07-01,12:30:00,112.9
2022-07-01,12:40:00,112
2022-07-01,12:50:00,118.6
2022-07-01,13:00:00,111.9
2022-07-01,13:10:00,115.1
2022-07-01,13:20:00,115.3
2022-07-01,13:30:00,117.1
2022-07-01,13:40:00,116.2
2022-07-01,13:50:00,122.1
2022-07-01,14:00:00,115.8
2022-07-01,14:10:00,117.2
2022-07-01,14:20:00,116.7
2022-07-01,14:30:00,113.2
2022-07-01,14:40:00,112.8
2022-07-01,14:50:00,116.8
2022-07-01,15:00:00,114.6
2022-07-01,15:10:00,113.3
2022-07-01,15:20:00,114.3
2022-07-01,15:30:00,113.8
2022-07-01,15:40:00,115.9
2022-07-01,15:50:00,112
2022-07-01,16:00:00,115
2022-07-01,16:10:00,115
2022-07-01,16:20:00,115.1
2022-07-01,16:30:00,115.1
2022-07-01,16:40:00,117.9
2022-07-01,16:50:00,114.2
2022-07-01,17:00:00,116.7
2022-07-01,17:10:00,111.3
2022-07-01,17:20:00,113.7
2022-07-01,17:30:00,117.5
2022-07-01,17:40:00,117.3
2022-07-01,17:50:00,117.8
2022-07-01,18:00:00,113.1
2022-07-01,18:10:00,110.7
2022-07-01,18:20:00,115.5
2022-07-01,18:30:00,115.6
2022-07-01,18:40:00,115.2
2022-07-01,18:50:00,121.6
2022-07-01,19:00:00,118
2022-07-01,19:10:00,118.8
2022-07-01,19:20:00,113.9
2022-07-01,19:30:00,117
2022-07-01,19:40:00,113.5
2022-07-01,19:50:00,112.9
2022-07-01,20:00:00,114.7
2022-07-01,20:10:00,109.5
2022-07-01,20:20:00,109.5
2022-07-01,20:30:00,113.1
2022-07-01,20:40:00,112.8
2022-07-01,20:50:00,111.5
2022-07-01,21:00:00,114.8
2022-07-01,21:10:00,117.8
2022-07-01,21:20:00,115.5
2022-07-01,21:30:00,112.3
2022-07-01,21:40:00,113.4
2022-07-01,21:50:00,111.7
2022-07-01,22:00:00,112
2022-07-01,22:10:00,113.1
2022-07-01,22:20:00,112.1
2022-07-01,22:30:00,114.1
2022-07-01,22:40:00,117.7
2022-07-01,22:50:00,114.3
2022-07-01,23:00:00,110.5
2022-07-01,23:10:00,115.5
2022-07-01,23:20:00,115.2
2022-07-01,23:30:00,114
2022-07-01,23:40:00,109.5
2022-07-01,23:50:00,108.8
2022-07-02,00:00:00,115.2
2022-07-02,00:10:00,114.5
2022-07-02,00:20:00,113.8
2022-07-02,00:30:00,114.9
2022-07-02,00:40:00,118.7
2022-07-02,00:50:00,109.4
2022-07-02,01:00:00,109.6
2022-07-02,01:10:00,110.3
2022-07-02,01:20:00,112.7
2022-07-02,01:30:00,112.2
2022-07-02,01:40:00,112.7
2022-07-02,01:50:00,117
2022-07-02,02:00:00,113.7
2022-07-02,02:10:00,112.6
2022-07-02,02:20:00,109.3
2022-07-02,02:30:00,112.4
2022-07-02,02:40:00,118.1
2022-07-02,02:50:00,114.3
2022-07-02,03:00:00,110.7
2022-07-02,03:10:00,113.6
2022-07-02,03:20:00,113.2
2022-07-02,03:30:00,112.8
2022-07-02,03:40:00,120.7
2022-07-02,03:50:00,114.9
2022-07-02,04:00:00,115.1
2022-07-02,04:10:00,118.8
2022-07-02,04:20:00,109.5
2022-07-02,04:30:00,110.5
2022-07-02,04:40:00,113.2
2022-07-02,04:50:00,115.2
2022-07-02,05:00:00,112.2
2022-07-02,05:10:00,113.3
2022-07-02,05:20:00,111.5
2022-07-02,05:30:00,116.5
2022-07-02,05:40:00,115.2
2022-07-02,05:50:00,113.1
2022-07-02,06:00:00,113.6
2022-07-02,06:10:00,111.6
2022-07-02,06:20:00,113.1
2022-07-02,06:30:00,111.5
2022-07-02,06:40:00,110.9
2022-07-02,06:50:00,113.3
2022-07-02,07:00:00,116.4
2022-07-02,07:10:00,117
2022-07-02,07:20:00,114.8
2022-07-02,07:30:00,113.6
2022-07-02,07:40:00,114.6
2022-07-02,07:50:00,112.9
2022-07-02,08:00:00,113.2
2022-07-02,08:10:00,111.9
2022-07-02,08:20:00,112.3
2022-07-02,08:30:00,108.8
2022-07-02,08:40:00,114.7
2022-07-02,08:50:00,112.5
2022-07-02,09:00:00,112.7
2022-07-02,09:10:00,114
2022-07-02,09:20:00,112.9
2022-07-02,09:30:00,114.2
2022-07-02,09:40:00,111.9
2022-07-02,09:50:00,112.5
2022-07-02,10:00:00,116
2022-07-02,10:10:00,114.4
2022-07-02,10:20:00,112.5
2022-07-02,10:30:00,113.3
2022-07-02,10:40:00,114.2
2022-07-02,10:50:00,115.5
2022-07-02,11:00:00,113.2
2022-07-02,11:10:00,112.3
2022-07-02,11:20:00,116.9
2022-07-02,11:30:00,113
2022-07-02,11:40:00,110.7
2022-07-02,11:50:00,116.9
2022-07-02,12:00:00,117.9
2022-07-02,12:10:00,110.8
2022-07-02,12:20:00,114
2022-07-02,12:30:00,114.4
2022-07-02,12:40:00,111.5
2022-07-02,12:50:00,113.5
2022-07-02,13:00:00,112.9
2022-07-02,13:10:00,117.7
2022-07-02,13:20:00,119.2
2022-07-02,13:30:00,114.4
2022-07-02,13:40:00,112.7
2022-07-02,13:50:00,116
2022-07-02,14:00:00,115.7
2022-07-02,14:10:00,107.2
2022-07-02,14:20:00,113.5
2022-07-02,14:30:00,116.3
2022-07-02,14:40:00,109.4
2022-07-02,14:50:00,116.6
2022-07-02,15:00:00,114.2
2022-07-02,15:10:00,112.1
2022-07-02,15:20:00,111.6
2022-07-02,15:30:00,111
2022-07-02,15:40:00,113.2
2022-07-02,15:50:00,115.2
2022-07-02,16:00:00,112.6
2022-07-02,16:10:00,113.6
2022-07-02,16:20:00,111.4
2022-07-02,16:30:00,106.3
2022-07-02,16:40:00,112.9
2022-07-02,16:50:00,111.9
2022-07-02,17:00:00,109.4
2022-07-02,17:10:00,112.5
2022-07-02,17:20:00,110.9
2022-07-02,17:30:00,114.3
2022-07-02,17:40:00,115.8
2022-07-02,17:50:00,113.4
2022-07-02,18:00:00,113.3
2022-07-02,18:10:00,117.3
2022-07-02,18:20:00,110.4
2022-07-02,18:30:00,108.7
2022-07-02,18:40:00,112.4
2022-07-02,18:50:00,117.7
2022-07-02,19:00:00,113.7
2022-07-02,19:10:00,110.6
2022-07-02,19:20:00,113.2
2022-07-02,19:30:00,113.7
2022-07-02,19:40:00,117.3
2022-07-02,19:50:00,115.4
2022-07-02,20:00:00,112.1
2022-07-02,20:10:00,109.9
2022-07-02,20:20:00,113.5
2022-07-02,20:30:00,109.2
2022-07-02,20:40:00,111.5
2022-07-02,20:50:00,109.2
2022-07-02,21:00:00,111.7
2022-07-02,21:10:00,109.6
2022-07-02,21:20:00,108.6
2022-07-02,21:30:00,112.7
2022-07-02,21:40:00,114.3
2022-07-02,21:50:00,114.1
2022-07-02,22:00:00,115
2022-07-02,22:10:00,116.2
2022-07-02,22:20:00,113.2
2022-07-02,22:30:00,111
2022-07-02,22:40:00,110.5
2022-07-02,22:50:00,112
2022-07-02,23:00:00,113.1
2022-07-02,23:10:00,112.7
2022-07-02,23:20:00,110.3
2022-07-02,23:30:00,114.5
2022-07-02,23:40:00,112.7
2022-07-02,23:50:00,108.4
2022-07-03,00:00:00,114.7
2022-07-03,00:10:00,115.8
2022-07-03,00:20:00,116.4
2022-07-03,00:30:00,109.6
2022-07-03,00:40:00,111.6
2022-07-03,00:50:00,111.8
2022-07-03,01:00:00,112.3
2022-07-03,01:10:00,114.9
2022-07-03,01:20:00,114.2
2022-07-03,01:30:00,113
2022-07-03,01:40:00,109.2
2022-07-03,01:50:00,110.6
2022-07-03,02:00:00,112.4
2022-07-03,02:10:00,116.1
2022-07-03,02:20:00,112.7
2022-07-03,02:30:00,111.3
2022-07-03,02:40:00,115.6
2022-07-03,02:50:00,113.8
2022-07-03,03:00:00,112.9
2022-07-03,03:10:00,111.4
2022-07-03,03:20:00,121.3
2022-07-03,03:30:00,117.5
2022-07-03,03:40:00,109.3
2022-07-03,03:50:00,110.9
2022-07-03,04:00:00,111.9
2022-07-03,04:10:00,111.4
2022-07-03,04:20:00,110.6
2022-07-03,04:30:00,108.8
2022-07-03,04:40:00,113.3
2022-07-03,04:50:00,113.5
2022-07-03,05:00:00,108.3
2022-07-03,05:10:00,111.1
2022-07-03,05:20:00,109.4
2022-07-03,05:30:00,111.7
2022-07-03,05:40:00,104.7
2022-07-03,05:50:00,110
2022-07-03,06:00:00,113.3
2022-07-03,06:10:00,114.1
2022-07-03,06:20:00,112.2
2022-07-03,06:30:00,118.8
2022-07-03,06:40:00,113.7
2022-07-03,06:50:00,113.9
2022-07-03,07:00:00,111.9
2022-07-03,07:10:00,110.5
2022-07-03,07:20:00,112.6
2022-07-03,07:40:00,111
2022-07-03,07:50:00,116.1
2022-07-03,08:00:00,108.8
2022-07-03,08:10:00,113.1
2022-07-03,08:20:00,113.3
2022-07-03,08:30:00,112.5
2022-07-03,08:40:00,109.8
2022-07-03,08:50:00,115.3
2022-07-03,09:00:00,113.4
2022-07-03,09:10:00,110
2022-07-03,09:20:00,111.3
2022-07-03,09:30:00,110.4
2022-07-03,09:40:00,118
2022-07-03,09:50:00,113.8
2022-07-03,10:00:00,117.7
2022-07-03,10:10:00,117.8
2022-07-03,10:20:00,115.9
2022-07-03,10:30:00,117.9
2022-07-03,10:40:00,116.2
2022-07-03,10:50:00,115.2
2022-07-03,11:00:00,114.5
2022-07-03,11:10:00,111.8
2022-07-03,11:20:00,114.6
2022-07-03,11:30:00,114.2
2022-07-03,11:40:00,113
2022-07-03,11:50:00,114.5
2022-07-03,12:00:00,116.2
2022-07-03,12:10:00,115.7
2022-07-03,12:20:00,116.3
2022-07-03,12:30:00,116.6
2022-07-03,12:40:00,116.4
2022-07-03,12:50:00,112.1
2022-07-03,13:00:00,114.4
2022-07-03,13:10:00,113.8
2022-07-03,13:20:00,113.3
2022-07-03,13:30:00,115.6
2022-07-03,13:40:00,111.9
2022-07-03,13:50:00,119.7
2022-07-03,14:00:00,122.4
2022-07-03,14:10:00,116
2022-07-03,14:20:00,119.1
2022-07-03,14:30:00,113
2022-07-03,14:40:00,107.7
2022-07-03,14:50:00,115.6
2022-07-03,15:00:00,112.6
2022-07-03,15:10:00,110.3
2022-07-03,15:20:00,113.8
2022-07-03,15:30:00,115
2022-07-03,15:40:00,110.3
2022-07-03,15:50:00,116.4
2022-07-03,16:00:00,112.8
2022-07-03,16:10:00,115
2022-07-03,16:20:00,117.4
2022-07-03,16:30:00,111.5
2022-07-03,16:40:00,111.9
2022-07-03,16:50:00,116
2022-07-03,17:00:00,114.9
2022-07-03,17:10:00,114.2
2022-07-03,17:20:00,114.5
2022-07-03,17:30:00,113.4
2022-07-03,17:40:00,112
2022-07-03,17:50:00,110.3
2022-07-03,18:00:00,112
2022-07-03,18:10:00,112.2
2022-07-03,18:20:00,113.4
2022-07-03,18:30:00,113.1
2022-07-03,18:40:00,115.9
2022-07-03,18:50:00,112.7
2022-07-03,19:00:00,115.2
2022-07-03,19:10:00,111.9
2022-07-03,19:20:00,116.2
2022-07-03,19:30:00,113.2
2022-07-03,19:40:00,111.9
2022-07-03,19:50:00,111
2022-07-03,20:00:00,112.2
2022-07-03,20:10:00,110.9
2022-07-03,20:20:00,111.4
2022-07-03,20:30:00,110.8
2022-07-03,20:40:00,106.8
2022-07-03,20:50:00,111.4
2022-07-03,21:00:00,111.5
2022-07-03,21:10:00,110.8
2022-07-03,21:20:00,112.7
2022-07-03,21:30:00,115.7
2022-07-03,21:40:00,114
2022-07-03,21:50:00,114.6
2022-07-03,22:00:00,114
2022-07-03,22:10:00,108.9
2022-07-03,22:20:00,112.7
2022-07-03,22:30:00,115.9
2022-07-03,22:40:00,112
2022-07-03,22:50:00,115.2
2022-07-03,23:00:00,115.8
2022-07-03,23:10:00,115.1
2022-07-03,23:20:00,110.4
2022-07-03,23:30:00,114.5
2022-07-03,23:40:00,112.6
2022-07-03,23:50:00,110.8
2022-07-04,00:00:00,108.8
2022-07-04,00:10:00,112.6
2022-07-04,00:20:00,114.2
2022-07-04,00:30:00,110.9
2022-07-04,00:40:00,112.4
2022-07-04,00:50:00,114.8
2022-07-04,01:00:00,111.3
2022-07-04,01:10:00,114
2022-07-04,01:20:00,109.2
2022-07-04,01:30:00,115
2022-07-04,01:40:00,112.6
2022-07-04,01:50:00,111.1
2022-07-04,02:00:00,109.2
2022-07-04,02:10:00,114.8
2022-07-04,02:20:00,114.5
2022-07-04,02:30:00,112.9
2022-07-04,02:40:00,117.1
2022-07-04,02:50:00,112.9
2022-07-04,03:00:00,106.3
2022-07-04,03:10:00,110.4
2022-07-04,03:20:00,113.4
2022-07-04,03:30:00,111
2022-07-04,03:40:00,115
2022-07-04,03:50:00,113.6
2022-07-04,04:00:00,109.8
2022-07-04,04:10:00,110
2022-07-04,04:20:00,110.2
2022-07-04,04:30:00,111.7
2022-07-04,04:40:00,113.9
2022-07-04,04:50:00,113.9
2022-07-04,05:00:00,111.9
2022-07-04,05:10:00,109.3
2022-07-04,05:20:00,114.5
2022-07-04,05:30:00,112.5
2022-07-04,05:40:00,112.1
2022-07-04,05:50:00,113.4
2022-07-04,06:00:00,116
2022-07-04,06:10:00,115.1
2022-07-04,06:20:00,112
2022-07-04,06:30:00,114.7
2022-07-04,06:40:00,111.5
2022-07-04,06:50:00,116.5
2022-07-04,07:00:00,113.9
2022-07-04,07:10:00,108.1
2022-07-04,07:20:00,111.6
2022-07-04,07:30:00,110.4
2022-07-04,07:40:00,115.2
2022-07-04,07:50:00,114.5
2022-07-04,08:00:00,115.7
2022-07-04,08:10:00,111.1
2022-07-04,08:20:00,108.1
2022-07-04,08:30:00,112.8
2022-07-04,08:40:00,114.2
2022-07-04,08:50:00,112.2
2022-07-04,09:00:00,114.1
2022-07-04,09:10:00,116.6
2022-07-04,09:20:00,114.3
2022-07-04,09:30:00,114.3
2022-07-04,09:40:00,117.7
2022-07-04,09:50:00,117
2022-07-04,10:00:00,117.6
2022-07-04,10:10:00,119.3
2022-07-04,10:20:00,113.9
2022-07-04,10:30:00,115.6
2022-07-04,10:40:00,120.7
2022-07-04,10:50:00,117.6
2022-07-04,11:00:00,121.2
2022-07-04,11:10:00,115.8
2022-07-04,11:20:00,114.1
2022-07-04,11:30:00,114.3
2022-07-04,11:40:00,115.3
2022-07-04,11:50:00,118.4
2022-07-04,12:00:00,116.9
2022-07-04,12:10:00,121.2
2022-07-04,12:20:00,118.8
2022-07-04,12:30:00,118
2022-07-04,12:40:00,115.2
2022-07-04,12:50:00,117.3
2022-07-04,13:00:00,115.9
2022-07-04,13:10:00,119.7
2022-07-04,13:20:00,117.1
2022-07-04,13:30:00,115
2022-07-04,13:40:00,118.4
2022-07-04,13:50:00,115.5
2022-07-04,14:00:00,111.3
2022-07-04,14:10:00,115.7
2022-07-04,14:20:00,112.9
2022-07-04,14:30:00,114.6
2022-07-04,14:40:00,117.2
2022-07-04,14:50:00,119
2022-07-04,15:00:00,118.4
2022-07-04,15:10:00,114.5
2022-07-04,15:20:00,114.2
2022-07-04,15:30:00,115
2022-07-04,15:40:00,116.9
2022-07-04,15:50:00,116.1
2022-07-04,16:00:00,114.3
2022-07-04,16:10:00,114.2
2022-07-04,16:20:00,114.3
2022-07-04,16:30:00,110.2
2022-07-04,16:40:00,112.4
2022-07-04,16:50:00,112.7
2022-07-04,17:00:00,112.4
2022-07-04,17:10:00,112.3
2022-07-04,17:20:00,114.1
2022-07-04,17:30:00,114.3
2022-07-04,17:40:00,115.1
2022-07-04,17:50:00,113.7
2022-07-04,18:00:00,114
2022-07-04,18:10:00,116.2
2022-07-04,18:20:00,113.5
2022-07-04,18:30:00,112.8
2022-07-04,18:40:00,109.4
2022-07-04,18:50:00,110.1
2022-07-04,19:00:00,117.5
2022-07-04,19:10:00,119.9
2022-07-04,19:20:00,112.2
2022-07-04,19:30:00,114.2
2022-07-04,19:40:00,116.3
2022-07-04,19:50:00,116.1
2022-07-04,20:00:00,113.3
2022-07-04,20:10:00,114.1
2022-07-04,20:20:00,112.7
2022-07-04,20:30:00,113.5
2022-07-04,20:40:00,111.8
2022-07-04,20:50:00,112.9
2022-07-04,21:00:00,114.2
2022-07-04,21:10:00,110.1
2022-07-04,21:20:00,110.3
2022-07-04,21:30:00,112.7
2022-07-04,21:40:00,114.5
2022-07-04,21:50:00,112.6
2022-07-04,22:00:00,110.5
2022-07-04,22:10:00,113.6
2022-07-04,22:20:00,116
2022-07-04,22:30:00,118.6
2022-07-04,22:40:00,111.4
2022-07-04,22:50:00,116.1
2022-07-04,23:00:00,117.9
2022-07-04,23:10:00,114.5
2022-07-04,23:20:00,112.4
2022-07-04,23:30:00,112.3
2022-07-04,23:40:00,113.1
2022-07-04,23:50:00,112.4
2022-07-05,00:00:00,114.3
2022-07-05,00:10:00,111.9
2022-07-05,00:20:00,112.3
2022-07-05,00:30:00,113.5
2022-07-05,00:40:00,109.2
2022-07-05,00:50:00,111.6
2022-07-05,01:00:00,113
2022-07-05,01:10:00,115.2
2022-07-05,01:20:00,115.6
2022-07-05,01:30:00,112.4
2022-07-05,01:40:00,114.9
2022-07-05,01:50:00,111.7
2022-07-05,02:00:00,112
2022-07-05,02:10:00,111.1
2022-07-05,02:20:00,111.2
2022-07-05,02:30:00,114
2022-07-05,02:40:00,116
2022-07-05,02:50:00,112.8
2022-07-05,03:00:00,112.6
2022-07-05,03:10:00,109.8
2022-07-05,03:20:00,111.7
2022-07-05,03:30:00,111.9
2022-07-05,03:40:00,110.9
2022-07-05,03:50:00,115.9
2022-07-05,04:00:00,109.8
2022-07-05,04:10:00,111.2
2022-07-05,04:20:00,116.7
2022-07-05,04:30:00,114.5
2022-07-05,04:40:00,114
2022-07-05,04:50:00,111.4
2022-07-05,05:00:00,108.9
2022-07-05,05:10:00,116.9
2022-07-05,05:20:00,113.3
2022-07-05,05:30:00,112.7
2022-07-05,05:40:00,114.1
2022-07-05,05:50:00,113.5
2022-07-05,06:00:00,113.9
2022-07-05,06:10:00,116
2022-07-05,06:20:00,112.9
2022-07-05,06:30:00,120.1
2022-07-05,06:40:00,114
2022-07-05,06:50:00,117.4
2022-07-05,07:00:00,110.4
2022-07-05,07:10:00,109
2022-07-05,07:20:00,111.8
2022-07-05,07:30:00,111.2
2022-07-05,07:40:00,113.9
2022-07-05,07:50:00,110.8
2022-07-05,08:00:00,112.5
2022-07-05,08:10:00,116.3
2022-07-05,08:20:00,107.7
2022-07-05,08:30:00,119.2
2022-07-05,08:40:00,114.6
2022-07-05,08:50:00,112.9
2022-07-05,09:00:00,109.2
2022-07-05,09:10:00,113.3
2022-07-05,09:20:00,112.6
2022-07-05,09:30:00,110.8
2022-07-05,09:40:00,113.4
2022-07-05,09:50:00,109.8
2022-07-05,10:00:00,114.4
2022-07-05,10:10:00,117
2022-07-05,10:20:00,112.5
2022-07-05,10:30:00,111.9
2022-07-05,10:40:00,113.5
2022-07-05,10:50:00,114.9
2022-07-05,11:00:00,110.3
2022-07-05,11:10:00,113.7
2022-07-05,11:20:00,112.7
2022-07-05,11:30:00,113
2022-07-05,11:40:00,110.7
2022-07-05,11:50:00,110.9
2022-07-05,12:00:00,116.1
2022-07-05,12:10:00,113.9
2022-07-05,12:20:00,115.3
2022-07-05,12:30:00,117.6
2022-07-05,12:40:00,110
2022-07-05,12:50:00,120.5
2022-07-05,13:00:00,114.4
2022-07-05,13:10:00,114.6
2022-07-05,13:20:00,113.8
2022-07-05,13:30:00,115.7
2022-07-05,13:40:00,115
2022-07-05,13:50:00,117.8
2022-07-05,14:00:00,114.6
2022-07-05,14:10:00,118.6
2022-07-05,14:20:00,115.4
2022-07-05,14:30:00,120.2
2022-07-05,14:40:00,116.3
2022-07-05,14:50:00,119
2022-07-05,15:00:00,113.9
2022-07-05,15:10:00,117
2022-07-05,15:20:00,116.5
2022-07-05,15:30:00,112.9
2022-07-05,15:40:00,112.3
2022-07-05,15:50:00,116.1
2022-07-05,16:00:00,113.5
2022-07-05,16:10:00,111.5
2022-07-05,16:20:00,112.5
2022-07-05,16:30:00,112.2
2022-07-05,16:40:00,109.8
2022-07-05,16:50:00,113
2022-07-05,17:00:00,113.5
2022-07-05,17:10:00,109.2
2022-07-05,17:20:00,112.8
2022-07-05,17:30:00,115.9
2022-07-05,17:40:00,113.6
2022-07-05,17:50:00,115.7
2022-07-05,18:00:00,111.3
2022-07-05,18:10:00,112.4
2022-07-05,18:20:00,114.1
2022-07-05,18:30:00,114.9
2022-07-05,18:40:00,113.5
2022-07-05,18:50:00,113.4
2022-07-05,19:00:00,113
2022-07-05,19:10:00,112.3
2022-07-05,19:20:00,112.1
2022-07-05,19:30:00,110.9
2022-07-05,19:40:00,114.9
2022-07-05,19:50:00,110.5
2022-07-05,20:00:00,115.4
2022-07-05,20:10:00,110.6
2022-07-05,20:20:00,111.5
2022-07-05,20:30:00,111.4
2022-07-05,20:40:00,113.8
2022-07-05,20:50:00,111.1
2022-07-05,21:00:00,112.6
2022-07-05,21:10:00,111.3
2022-07-05,21:20:00,112.9
2022-07-05,21:30:00,114.8
2022-07-05,21:40:00,109.9
2022-07-05,21:50:00,110.3
2022-07-05,22:00:00,110.4
2022-07-05,22:10:00,113.1
2022-07-05,22:20:00,111
2022-07-05,22:30:00,107
2022-07-05,22:40:00,110.4
2022-07-05,22:50:00,113.4
2022-07-05,23:00:00,112.8
2022-07-05,23:10:00,115.5
2022-07-05,23:20:00,111.8
2022-07-05,23:30:00,111.3
2022-07-05,23:40:00,113.7
2022-07-05,23:50:00,107.1
2022-07-06,00:00:00,112.5
2022-07-06,00:10:00,111.8
2022-07-06,00:20:00,113.9
2022-07-06,00:30:00,110.2
2022-07-06,00:40:00,107.5
2022-07-06,00:50:00,112.2
2022-07-06,01:00:00,116.8
2022-07-06,01:10:00,115.2
2022-07-06,01:20:00,115.9
2022-07-06,01:30:00,116.1
2022-07-06,01:40:00,115.9
2022-07-06,01:50:00,116.6
2022-07-06,02:00:00,111.3
2022-07-06,02:10:00,111.9
2022-07-06,02:20:00,114.2
2022-07-06,02:30:00,109.2
2022-07-06,02:40:00,118.2
2022-07-06,02:50:00,116
2022-07-06,03:00:00,112.3
2022-07-06,03:10:00,118.4
2022-07-06,03:20:00,117.5
2022-07-06,03:30:00,113
2022-07-06,03:40:00,114.8
2022-07-06,03:50:00,111.6
2022-07-06,04:00:00,114.2
2022-07-06,04:10:00,112.5
2022-07-06,04:20:00,114
2022-07-06,04:30:00,113.6
2022-07-06,04:40:00,114.3
2022-07-06,04:50:00,110.1
2022-07-06,05:00:00,114.9
2022-07-06,05:10:00,112
2022-07-06,05:20:00,111.6
2022-07-06,05:30:00,113.8
2022-07-06,05:40:00,115.5
2022-07-06,05:50:00,112.1
2022-07-06,06:00:00,114.1
2022-07-06,06:10:00,114.1
2022-07-06,06:20:00,114.6
2022-07-06,06:30:00,110.4
2022-07-06,06:40:00,109.3
2022-07-06,06:50:00,111.1
2022-07-06,07:00:00,111
2022-07-06,07:10:00,111.5
2022-07-06,07:20:00,109.1
2022-07-06,07:30:00,116.6
2022-07-06,07:40:00,113.8
2022-07-06,07:50:00,113.5
2022-07-06,08:00:00,110.6
2022-07-06,08:10:00,112
2022-07-06,08:20:00,111.3
2022-07-06,08:30:00,113.9
2022-07-06,08:40:00,113
2022-07-06,08:50:00,114.3
2022-07-06,09:00:00,115.6
2022-07-06,09:10:00,112.2
2022-07-06,09:20:00,117.7
2022-07-06,09:30:00,111.9
2022-07-06,09:40:00,115.9
2022-07-06,09:50:00,113.9
2022-07-06,10:00:00,110.2
2022-07-06,10:10:00,109
2022-07-06,10:20:00,113.7
2022-07-06,10:30:00,110.2
2022-07-06,10:40:00,113.4
2022-07-06,10:50:00,119.5
2022-07-06,11:00:00,113.5
2022-07-06,11:10:00,111.9
2022-07-06,11:30:00,113.4
2022-07-06,11:40:00,114.7
2022-07-06,11:50:00,114.9
2022-07-06,12:00:00,113.5
2022-07-06,12:10:00,114.9
2022-07-06,12:20:00,117.9
2022-07-06,12:30:00,114.7
2022-07-06,12:40:00,116.2
2022-07-06,12:50:00,115
2022-07-06,13:00:00,116.1
2022-07-06,13:10:00,111.4
2022-07-06,13:20:00,115.9
2022-07-06,13:30:00,114.6
2022-07-06,13:40:00,114
2022-07-06,13:50:00,114.7
2022-07-06,14:00:00,111.7
2022-07-06,14:10:00,112.2
2022-07-06,14:20:00,114.3
2022-07-06,14:30:00,112.9
2022-07-06,14:40:00,113.2
2022-07-06,14:50:00,110.2
2022-07-06,15:00:00,115.5
2022-07-06,15:10:00,114.1
2022-07-06,15:20:00,110.3
2022-07-06,15:30:00,114.8
2022-07-06,15:40:00,116.9
2022-07-06,15:50:00,112.5
2022-07-06,16:00:00,113.7
2022-07-06,16:10:00,111.5
2022-07-06,16:20:00,112
2022-07-06,16:30:00,115.4
2022-07-06,16:40:00,112.1
2022-07-06,16:50:00,112
2022-07-06,17:00:00,113.2
2022-07-06,17:10:00,112.7
2022-07-06,17:20:00,111.3
2022-07-06,17:30:00,114.6
2022-07-06,17:40:00,110.8
2022-07-06,17:50:00,109.7
2022-07-06,18:00:00,113.1
2022-07-06,18:10:00,113.7
2022-07-06,18:20:00,114.9
2022-07-06,18:30:00,114.1
2022-07-06,18:40:00,114.2
2022-07-06,18:50:00,112.4
2022-07-06,19:00:00,107.4
2022-07-06,19:10:00,114.8
2022-07-06,19:20:00,110.8
2022-07-06,19:30:00,113.7
2022-07-06,19:40:00,113.8
2022-07-06,19:50:00,114.7
2022-07-06,20:00:00,110.4
2022-07-06,20:10:00,113.9
2022-07-06,20:20:00,117.9
2022-07-06,20:30:00,109.4
2022-07-06,20:40:00,114.7
2022-07-06,20:50:00,114.7
2022-07-06,21:00:00,109.1
2022-07-06,21:10:00,113.8
2022-07-06,21:20:00,112.8
2022-07-06,21:30:00,114.8
2022-07-06,21:40:00,107.9
2022-07-06,21:50:00,112.1
2022-07-06,22:00:00,117.3
2022-07-06,22:10:00,113.9
2022-07-06,22:20:00,112.5
2022-07-06,22:30:00,109.3
2022-07-06,22:40:00,109.3
2022-07-06,22:50:00,111.8
2022-07-06,23:00:00,114.1
2022-07-06,23:10:00,113.2
2022-07-06,23:20:00,114.1
2022-07-06,23:30:00,115.1
2022-07-06,23:40:00,109.9
2022-07-06,23:50:00,112.5
2022-07-07,00:00:00,109.6
2022-07-07,00:10:00,115.7
2022-07-07,00:20:00,109.9
2022-07-07,00:30:00,115
2022-07-07,00:40:00,113.5
2022-07-07,00:50:00,112.4
2022-07-07,01:00:00,112.6
2022-07-07,01:10:00,115.1
2022-07-07,01:20:00,110.4
2022-07-07,01:30:00,113
2022-07-07,01:40:00,109.7
2022-07-07,01:50:00,112.8
2022-07-07,02:00:00,110.8
2022-07-07,02:10:00,113.6
2022-07-07,02:20:00,111.1
2022-07-07,02:30:00,116.2
2022-07-07,02:40:00,114.4
2022-07-07,02:50:00,110.8
2022-07-07,03:00:00,109.6
2022-07-07,03:10:00,114.2
2022-07-07,03:20:00,108.6
2022-07-07,03:30:00,112.9
2022-07-07,03:40:00,109.3
2022-07-07,03:50:00,112.8
2022-07-07,04:00:00,118.4
2022-07-07,04:10:00,115.9
2022-07-07,04:20:00,115.9
2022-07-07,04:30:00,114.8
2022-07-07,04:40:00,112.9
2022-07-07,04:50:00,113.5
2022-07-07,05:00:00,111.9
2022-07-07,05:10:00,107.7
2022-07-07,05:20:00,117.4
2022-07-07,05:30:00,113.4
2022-07-07,05:40:00,108.4
2022-07-07,05:50:00,112
2022-07-07,06:00:00,110.9
2022-07-07,06:10:00,109.4
2022-07-07,06:20:00,117.7
2022-07-07,06:30:00,108.1
2022-07-07,06:40:00,114.9
2022-07-07,06:50:00,114.7
2022-07-07,07:00:00,111.9
2022-07-07,07:10:00,108.4
2022-07-07,07:20:00,111.3
2022-07-07,07:30:00,113.2
2022-07-07,07:40:00,111.6
2022-07-07,07:50:00,109.7
2022-07-07,08:00:00,112.9
2022-07-07,08:10:00,110.1
2022-07-07,08:20:00,114.4
2022-07-07,08:30:00,111.6
2022-07-07,08:40:00,109.6
2022-07-07,08:50:00,114.7
2022-07-07,09:00:00,111.7
2022-07-07,09:10:00,110.3
2022-07-07,09:20:00,115.5
2022-07-07,09:30:00,112.6
2022-07-07,09:40:00,110.1
2022-07-07,09:50:00,111.7
2022-07-07,10:00:00,111.2
2022-07-07,10:10:00,111.4
2022-07-07,10:20:00,110.5
2022-07-07,10:30:00,109.7
2022-07-07,10:40:00,111.9
2022-07-07,10:50:00,115.3
2022-07-07,11:00:00,112.1
2022-07-07,11:10:00,107.1
2022-07-07,11:20:00,116.7
2022-07-07,11:30:00,118.2
2022-07-07,11:40:00,113.9
2022-07-07,11:50:00,113.4
2022-07-07,12:00:00,111.6
2022-07-07,12:10:00,112.3
2022-07-07,12:20:00,114
2022-07-07,12:30:00,113.1
2022-07-07,12:40:00,112.6
2022-07-07,12:50:00,114
2022-07-07,13:00:00,114.3
2022-07-07,13:10:00,112.4
2022-07-07,13:20:00,108.7
2022-07-07,13:30:00,110.7
2022-07-07,13:40:00,114.7
2022-07-07,13:50:00,114.8
2022-07-07,14:00:00,117.3
2022-07-07,14:10:00,116.5
2022-07-07,14:20:00,110.4
2022-07-07,14:30:00,112
2022-07-07,14:40:00,109.9
2022-07-07,14:50:00,113.9
2022-07-07,15:00:00,112.3
2022-07-07,15:10:00,117.4
2022-07-07,15:20:00,113.5
2022-07-07,15:30:00,109.3
2022-07-07,15:40:00,112.1
2022-07-07,15:50:00,109.9
2022-07-07,16:00:00,111
2022-07-07,16:10:00,114.3
2022-07-07,16:20:00,113.2
2022-07-07,16:30:00,115
2022-07-07,16:40:00,114.9
2022-07-07,16:50:00,112.2
2022-07-07,17:00:00,113.4
2022-07-07,17:10:00,113.8
2022-07-07,17:20:00,111.9
2022-07-07,17:30:00,113.4
2022-07-07,17:40:00,116.8
2022-07-07,17:50:00,113.7
2022-07-07,18:00:00,110.1
2022-07-07,18:10:00,113.8
2022-07-07,18:20:00,116
2022-07-07,18:30:00,114.7
2022-07-07,18:40:00,114.5
2022-07-07,18:50:00,112.7
2022-07-07,19:00:00,113
2022-07-07,19:10:00,111.1
2022-07-07,19:20:00,117.9
2022-07-07,19:30:00,114.7
2022-07-07,19:40:00,112.9
2022-07-07,19:50:00,110
2022-07-07,20:00:00,115.5
2022-07-07,20:10:00,116.8
2022-07-07,20:20:00,113.3
2022-07-07,20:30:00,110.7
2022-07-07,20:40:00,109.7
2022-07-07,20:50:00,113
2022-07-07,21:00:00,109.8
2022-07-07,21:10:00,110.5
2022-07-07,21:20:00,112.5
2022-07-07,21:30:00,110.4
2022-07-07,21:40:00,107.7
2022-07-07,21:50:00,115.6
2022-07-07,22:00:00,111.7
2022-07-07,22:10:00,110.7
2022-07-07,22:20:00,112.8
2022-07-07,22:30:00,111.8
2022-07-07,22:40:00,115.1
2022-07-07,22:50:00,113.3
2022-07-07,23:00:00,106.9
2022-07-07,23:10:00,110.8
2022-07-07,23:20:00,115.1
2022-07-07,23:30:00,110.3
2022-07-07,23:40:00,111.9
2022-07-07,23:50:00,116.6
2022-07-08,00:00:00,110.3
2022-07-08,00:10:00,107
2022-07-08,00:20:00,114.5
2022-07-08,00:30:00,113.6
2022-07-08,00:40:00,113.8
2022-07-08,00:50:00,114.8
2022-07-08,01:00:00,113.2
2022-07-08,01:10:00,110.4
2022-07-08,01:20:00,116.4
2022-07-08,01:30:00,114.2
2022-07-08,01:40:00,115.5
2022-07-08,01:50:00,114.5
2022-07-08,02:00:00,111.6
2022-07-08,02:10:00,110.4
2022-07-08,02:20:00,108.9
2022-07-08,02:30:00,113.9
2022-07-08,02:40:00,113.7
2022-07-08,02:50:00,115.1
2022-07-08,03:00:00,117.4
2022-07-08,03:10:00,111.6
2022-07-08,03:20:00,112.2
2022-07-08,03:40:00,111.5
2022-07-08,03:50:00,114.8
2022-07-08,04:00:00,113.7
2022-07-08,04:10:00,117.2
2022-07-08,04:20:00,115.3
2022-07-08,04:30:00,113.8
2022-07-08,04:40:00,112.9
2022-07-08,04:50:00,112.6
2022-07-08,05:00:00,111.5
2022-07-08,05:10:00,115.7
2022-07-08,05:20:00,113.8
2022-07-08,05:30:00,112.1
2022-07-08,05:40:00,110.6
2022-07-08,05:50:00,110.7
2022-07-08,06:00:00,117.3
2022-07-08,06:10:00,113.9
2022-07-08,06:20:00,111.9
2022-07-08,06:30:00,110.1
2022-07-08,06:40:00,110.6
2022-07-08,06:50:00,108.2
2022-07-08,07:00:00,115.4
2022-07-08,07:10:00,114.9
2022-07-08,07:20:00,109.8
2022-07-08,07:30:00,110.3
2022-07-08,07:40:00,112.7
2022-07-08,07:50:00,111.6
2022-07-08,08:00:00,118.9
2022-07-08,08:10:00,111.7
2022-07-08,08:20:00,112
2022-07-08,08:30:00,110.8
2022-07-08,08:40:00,113.5
2022-07-08,08:50:00,111.7
2022-07-08,09:00:00,114.8
2022-07-08,09:10:00,112.4
2022-07-08,09:20:00,112
2022-07-08,09:30:00,112.9
2022-07-08,09:40:00,116
2022-07-08,09:50:00,112.6
2022-07-08,10:00:00,113.5
2022-07-08,10:10:00,114.5
2022-07-08,10:20:00,112.3
2022-07-08,10:30:00,111.4
2022-07-08,10:40:00,116.3
2022-07-08,10:50:00,114.7
2022-07-08,11:00:00,113.5
2022-07-08,11:10:00,113.1
2022-07-08,11:20:00,116.2
2022-07-08,11:30:00,111.2
2022-07-08,11:40:00,110.3
2022-07-08,11:50:00,115.9
2022-07-08,12:00:00,112.6
2022-07-08,12:10:00,116.5
2022-07-08,12:20:00,111.1
2022-07-08,12:30:00,110
2022-07-08,12:40:00,111.7
2022-07-08,12:50:00,115.5
2022-07-08,13:00:00,112.8
2022-07-08,13:10:00,110.5
2022-07-08,13:20:00,117
2022-07-08,13:30:00,111.1
2022-07-08,13:40:00,113.1
2022-07-08,13:50:00,114.9
2022-07-08,14:00:00,110.2
2022-07-08,14:10:00,115.8
2022-07-08,14:20:00,114.7
2022-07-08,14:30:00,114.8
2022-07-08,14:40:00,115.8
2022-07-08,14:50:00,115.2
2022-07-08,15:00:00,110.3
2022-07-08,15:10:00,115.2
2022-07-08,15:20:00,110
2022-07-08,15:30:00,113.2
2022-07-08,15:40:00,114.8
2022-07-08,15:50:00,112.2
2022-07-08,16:00:00,113.2
2022-07-08,16:10:00,114.5
2022-07-08,16:20:00,115.3
2022-07-08,16:30:00,118.5
2022-07-08,16:40:00,113.4
2022-07-08,16:50:00,111.9
2022-07-08,17:00:00,113.8
2022-07-08,17:10:00,113.6
2022-07-08,17:20:00,116.5
2022-07-08,17:30:00,108.1
2022-07-08,17:40:00,110.2
2022-07-08,17:50:00,113.2
2022-07-08,18:00:00,112.6
2022-07-08,18:10:00,113.4
2022-07-08,18:20:00,114.4
2022-07-08,18:30:00,114.3
2022-07-08,18:40:00,108.6
2022-07-08,18:50:00,115.7
2022-07-08,19:00:00,113.4
2022-07-08,19:10:00,111.1
2022-07-08,19:20:00,109.1
2022-07-08,19:30:00,113.3
2022-07-08,19:40:00,116
2022-07-08,19:50:00,114
2022-07-08,20:00:00,117.1
2022-07-08,20:10:00,111.1
2022-07-08,20:20:00,110.9
2022-07-08,20:30:00,112.2
2022-07-08,20:40:00,114.1
2022-07-08,20:50:00,113.3
2022-07-08,21:00:00,113
2022-07-08,21:10:00,111.2
2022-07-08,21:20:00,112.8
2022-07-08,21:30:00,111.8
2022-07-08,21:40:00,108.6
2022-07-08,21:50:00,110.9
2022-07-08,22:00:00,113.8
2022-07-08,22:10:00,113.6
2022-07-08,22:20:00,111.4
2022-07-08,22:30:00,111.6
2022-07-08,22:40:00,111.6
2022-07-08,22:50:00,110.3
2022-07-08,23:00:00,113.4
2022-07-08,23:10:00,117.7
2022-07-08,23:20:00,115.2
2022-07-08,23:30:00,110.8
2022-07-08,23:40:00,109.4
2022-07-08,23:50:00,110.8
2022-07-09,00:00:00,109
2022-07-09,00:10:00,115.4
2022-07-09,00:20:00,113
2022-07-09,00:30:00,111
2022-07-09,00:40:00,109
2022-07-09,00:50:00,112.1
2022-07-09,01:00:00,110.7
2022-07-09,01:10:00,112.2
2022-07-09,01:20:00,115.3
2022-07-09,01:30:00,108.6
2022-07-09,01:40:00,114.5
2022-07-09,01:50:00,112.6
2022-07-09,02:00:00,112.8
2022-07-09,02:10:00,110.7
2022-07-09,02:20:00,112.5
2022-07-09,02:30:00,116.5
2022-07-09,02:40:00,115.7
2022-07-09,02:50:00,111.3
2022-07-09,03:00:00,114
2022-07-09,03:10:00,112.3
2022-07-09,03:20:00,112.5
2022-07-09,03:30:00,112.7
2022-07-09,03:40:00,115.4
2022-07-09,03:50:00,114.6
2022-07-09,04:00:00,110.6
2022-07-09,04:10:00,109.9
2022-07-09,04:20:00,111.8
2022-07-09,04:30:00,112.8
2022-07-09,04:40:00,112.9
2022-07-09,04:50:00,113.6
2022-07-09,05:00:00,111.2
2022-07-09,05:10:00,109.1
2022-07-09,05:20:00,108.1
2022-07-09,05:30:00,111.2
2022-07-09,05:40:00,109.6
2022-07-09,05:50:00,109.8
2022-07-09,06:00:00,113.4
2022-07-09,06:10:00,116
2022-07-09,06:20:00,111
2022-07-09,06:30:00,111.2
2022-07-09,06:40:00,111.8
2022-07-09,06:50:00,111.7
2022-07-09,07:00:00,115.7
2022-07-09,07:10:00,111.3
2022-07-09,07:20:00,113.1
2022-07-09,07:30:00,119.2
2022-07-09,07:40:00,112.3
2022-07-09,07:50:00,112.4
2022-07-09,08:00:00,114.9
2022-07-09,08:10:00,111.2
2022-07-09,08:20:00,115
2022-07-09,08:30:00,110.9
2022-07-09,08:40:00,117.8
2022-07-09,08:50:00,112.5
2022-07-09,09:00:00,111.4
2022-07-09,09:10:00,113.9
2022-07-09,09:20:00,115.5
2022-07-09,09:30:00,116.7
2022-07-09,09:40:00,113.2
2022-07-09,09:50:00,113.3
2022-07-09,10:00:00,113
2022-07-09,10:10:00,116.3
2022-07-09,10:20:00,114.7
2022-07-09,10:30:00,114
2022-07-09,10:40:00,116.3
2022-07-09,10:50:00,114.9
2022-07-09,11:00:00,112.5
2022-07-09,11:10:00,111.1
2022-07-09,11:20:00,115
2022-07-09,11:30:00,113
2022-07-09,11:40:00,113.1
2022-07-09,11:50:00,111
2022-07-09,12:00:00,111.1
2022-07-09,12:10:00,114.8
2022-07-09,12:20:00,114.5
2022-07-09,12:30:00,109.5
2022-07-09,12:40:00,120
2022-07-09,12:50:00,111.6
2022-07-09,13:00:00,112.3
2022-07-09,13:10:00,116.1
2022-07-09,13:20:00,115.2
2022-07-09,13:30:00,110.3
2022-07-09,13:40:00,111.5
2022-07-09,13:50:00,115.2
2022-07-09,14:00:00,112.6
2022-07-09,14:10:00,114.7
2022-07-09,14:20:00,113.8
2022-07-09,14:30:00,111.1
2022-07-09,14:40:00,112.4
2022-07-09,14:50:00,114.5
2022-07-09,15:00:00,113.2
2022-07-09,15:10:00,108.3
2022-07-09,15:20:00,113
2022-07-09,15:30:00,111.1
2022-07-09,15:40:00,114.4
2022-07-09,15:50:00,114.7
2022-07-09,16:00:00,114.2
2022-07-09,16:10:00,111.5
2022-07-09,16:20:00,113.4
2022-07-09,16:30:00,109.5
2022-07-09,16:40:00,111.9
2022-07-09,16:50:00,111.1
2022-07-09,17:00:00,106.2
2022-07-09,17:10:00,110.8
2022-07-09,17:20:00,112.4
2022-07-09,17:30:00,113.2
2022-07-09,17:40:00,111.6
2022-07-09,17:50:00,112.7
2022-07-09,18:00:00,115.1
2022-07-09,18:10:00,112.3
2022-07-09,18:20:00,113.8
2022-07-09,18:30:00,111.9
2022-07-09,18:40:00,109.6
2022-07-09,18:50:00,107.5
2022-07-09,19:00:00,110.8
2022-07-09,19:10:00,115.3
2022-07-09,19:20:00,108
2022-07-09,19:30:00,112.8
2022-07-09,19:40:00,114
2022-07-09,19:50:00,113.4
2022-07-09,20:00:00,113.9
2022-07-09,20:10:00,109.7
2022-07-09,20:20:00,111.6
2022-07-09,20:30:00,110.1
2022-07-09,20:40:00,112.1
2022-07-09,20:50:00,115.1
2022-07-09,21:00:00,115.6
2022-07-09,21:10:00,110.7
2022-07-09,21:20:00,111.7
2022-07-09,21:30:00,110.6
2022-07-09,21:40:00,111.2
2022-07-09,21:50:00,115.7
2022-07-09,22:00:00,111.1
2022-07-09,22:10:00,112
2022-07-09,22:20:00,110
2022-07-09,22:30:00,118.1
2022-07-09,22:40:00,111.6
2022-07-09,22:50:00,115.6
2022-07-09,23:00:00,107
2022-07-09,23:10:00,117.7
2022-07-09,23:20:00,113.8
2022-07-09,23:30:00,112.5
2022-07-09,23:40:00,109.9
2022-07-09,23:50:00,115.5
2022-07-10,00:00:00,112.3
2022-07-10,00:10:00,114.3
2022-07-10,00:20:00,113.5
2022-07-10,00:30:00,109.7
2022-07-10,00:40:00,114
2022-07-10,00:50:00,112.2
2022-07-10,01:00:00,115.6
2022-07-10,01:10:00,115.8
2022-07-10,01:20:00,112.9
2022-07-10,01:30:00,111.2
2022-07-10,01:40:00,111.4
2022-07-10,01:50:00,113.5
2022-07-10,02:00:00,118
2022-07-10,02:10:00,109.8
2022-07-10,02:20:00,110.4
2022-07-10,02:30:00,111.6
2022-07-10,02:40:00,116.7
2022-07-10,02:50:00,109.3
2022-07-10,03:00:00,110.1
2022-07-10,03:10:00,113.7
2022-07-10,03:20:00,109.9
2022-07-10,03:30:00,113.1
2022-07-10,03:40:00,111.5
2022-07-10,03:50:00,112.7
2022-07-10,04:00:00,110.7
2022-07-10,04:10:00,111.1
2022-07-10,04:20:00,113.1
2022-07-10,04:30:00,110.2
2022-07-10,04:40:00,114.7
2022-07-10,04:50:00,115.3
2022-07-10,05:00:00,115.5
2022-07-10,05:10:00,115.7
2022-07-10,05:20:00,117.3
2022-07-10,05:30:00,117.2
2022-07-10,05:40:00,113.9
2022-07-10,05:50:00,113.7
2022-07-10,06:00:00,117.3
2022-07-10,06:10:00,112.6
2022-07-10,06:20:00,112.7
2022-07-10,06:30:00,110
2022-07-10,06:40:00,113.8
2022-07-10,06:50:00,114.2
2022-07-10,07:00:00,109.3
2022-07-10,07:10:00,114.4
2022-07-10,07:20:00,110.8
2022-07-10,07:30:00,108
2022-07-10,07:40:00,112
2022-07-10,07:50:00,112.4
2022-07-10,08:00:00,112.1
2022-07-10,08:10:00,116.5
2022-07-10,08:20:00,116.4
2022-07-10,08:30:00,115
2022-07-10,08:40:00,111.2
2022-07-10,08:50:00,111.2
2022-07-10,09:00:00,113.6
2022-07-10,09:20:00,111.8
2022-07-10,09:30:00,116
2022-07-10,09:40:00,114.9
2022-07-10,09:50:00,112.9
2022-07-10,10:00:00,118.4
2022-07-10,10:10:00,113.9
2022-07-10,10:20:00,115.4
2022-07-10,10:30:00,117.9
2022-07-10,10:40:00,114.2
2022-07-10,10:50:00,112.3
2022-07-10,11:00:00,112.3
2022-07-10,11:10:00,113.8
2022-07-10,11:20:00,115.5
2022-07-10,11:30:00,117.6
2022-07-10,11:40:00,113.8
2022-07-10,11:50:00,112
2022-07-10,12:00:00,109.1
2022-07-10,12:10:00,119.8
2022-07-10,12:20:00,113.3
2022-07-10,12:30:00,110.3
2022-07-10,12:40:00,115.9
2022-07-10,12:50:00,117.6
2022-07-10,13:00:00,116
2022-07-10,13:10:00,115.7
2022-07-10,13:20:00,115
2022-07-10,13:30:00,115.2
2022-07-10,13:40:00,113.9
2022-07-10,13:50:00,114.8
2022-07-10,14:00:00,115.8
2022-07-10,14:10:00,112.3
2022-07-10,14:20:00,115.5
2022-07-10,14:30:00,118.3
2022-07-10,14:40:00,114.4
2022-07-10,14:50:00,111.3
2022-07-10,15:00:00,111.3
2022-07-10,15:10:00,117.8
2022-07-10,15:20:00,111.6
2022-07-10,15:30:00,113.2
2022-07-10,15:40:00,112.8
2022-07-10,15:50:00,112.5
2022-07-10,16:00:00,115.4
2022-07-10,16:10:00,108.3
2022-07-10,16:20:00,110.8
2022-07-10,16:30:00,109.9
2022-07-10,16:40:00,108.1
2022-07-10,16:50:00,111.1
2022-07-10,17:00:00,113.1
2022-07-10,17:10:00,113.5
2022-07-10,17:20:00,111
2022-07-10,17:30:00,113.9
2022-07-10,17:40:00,114.4
2022-07-10,17:50:00,115.1
2022-07-10,18:00:00,116.4
2022-07-10,18:10:00,113.7
2022-07-10,18:20:00,109.8
2022-07-10,18:30:00,110.6
2022-07-10,18:40:00,116.6
2022-07-10,18:50:00,112.1
2022-07-10,19:00:00,116.2
2022-07-10,19:10:00,116.7
2022-07-10,19:20:00,111.1
2022-07-10,19:30:00,114.6
2022-07-10,19:40:00,111.7
2022-07-10,19:50:00,112.6
2022-07-10,20:00:00,115.2
2022-07-10,20:10:00,111.1
2022-07-10,20:20:00,114.2
2022-07-10,20:30:00,112
2022-07-10,20:40:00,109.6
2022-07-10,20:50:00,111.3
2022-07-10,21:00:00,116.9
2022-07-10,21:10:00,112.6
2022-07-10,21:20:00,114.3
2022-07-10,21:30:00,108.3
2022-07-10,21:40:00,115.7
2022-07-10,21:50:00,112.8
2022-07-10,22:00:00,110.6
2022-07-10,22:10:00,112.5
2022-07-10,22:20:00,115.4
2022-07-10,22:30:00,114.2
2022-07-10,22:40:00,112.2
2022-07-10,22:50:00,113.6
2022-07-10,23:00:00,109.6
2022-07-10,23:10:00,114.3
2022-07-10,23:20:00,112.8
2022-07-10,23:30:00,111.4
2022-07-10,23:40:00,109.1
2022-07-10,23:50:00,110.7
2022-07-11,00:00:00,114.6
2022-07-11,00:10:00,112.8
2022-07-11,00:20:00,111.6
2022-07-11,00:30:00,110.8
2022-07-11,00:40:00,110.7
2022-07-11,00:50:00,114
2022-07-11,01:00:00,115.4
2022-07-11,01:10:00,115.3
2022-07-11,01:20:00,111.5
2022-07-11,01:30:00,113.6
2022-07-11,01:40:00,117
2022-07-11,01:50:00,112.2
2022-07-11,02:00:00,113.7
2022-07-11,02:10:00,111.2
2022-07-11,02:20:00,112.3
2022-07-11,02:30:00,105.5
2022-07-11,02:40:00,113
2022-07-11,02:50:00,111.1
2022-07-11,03:00:00,113.5
2022-07-11,03:10:00,111.6
2022-07-11,03:20:00,114
2022-07-11,03:30:00,113.8
2022-07-11,03:40:00,110.8
2022-07-11,03:50:00,114.3
2022-07-11,04:00:00,107.5
2022-07-11,04:10:00,109.7
2022-07-11,04:20:00,117.5
2022-07-11,04:30:00,111.3
2022-07-11,04:40:00,110
2022-07-11,04:50:00,111.2
2022-07-11,05:00:00,115
2022-07-11,05:10:00,109.8
2022-07-11,05:20:00,109.3
2022-07-11,05:30:00,113.1
2022-07-11,05:40:00,109.9
2022-07-11,05:50:00,112.3
2022-07-11,06:00:00,116.1
2022-07-11,06:10:00,114.5
2022-07-11,06:20:00,112.8
2022-07-11,06:30:00,110.6
2022-07-11,06:40:00,109.7
2022-07-11,06:50:00,113.4
2022-07-11,07:00:00,109.6
2022-07-11,07:10:00,110.8
2022-07-11,07:20:00,113.5
2022-07-11,07:30:00,110
2022-07-11,07:40:00,109.1
2022-07-11,07:50:00,112.8
2022-07-11,08:00:00,111.8
2022-07-11,08:10:00,115
2022-07-11,08:20:00,112.2
2022-07-11,08:30:00,111
2022-07-11,08:40:00,113
2022-07-11,08:50:00,109.1
2022-07-11,09:00:00,111.2
2022-07-11,09:10:00,116.4
2022-07-11,09:20:00,113
2022-07-11,09:30:00,114.2
2022-07-11,09:40:00,114.3
2022-07-11,09:50:00,111.7
2022-07-11,11:10:00,115.7
2022-07-11,13:00:00,113.7
2022-07-11,13:20:00,115.1
2022-07-11,14:10:00,115.7
2022-07-11,14:20:00,111.9
2022-07-11,14:50:00,111.3
2022-07-11,17:40:00,114
2022-07-11,18:40:00,112.1
2022-07-11,20:20:00,112.8
2022-07-11,21:40:00,117.9
2022-07-12,01:00:00,111.8
2022-07-12,01:30:00,116.5
2022-07-12,02:10:00,111.7
2022-07-12,04:40:00,115
2022-07-12,07:40:00,115
2022-07-12,08:40:00,111.6
2022-07-12,08:50:00,113.3
2022-07-12,10:10:00,115.2
2022-07-12,10:30:00,110.7
2022-07-12,13:10:00,111.6
2022-07-12,13:50:00,115.4
2022-07-12,14:00:00,114.3
2022-07-12,17:10:00,111.6
2022-07-12,17:40:00,108.2
2022-07-12,20:20:00,108.5
2022-07-12,20:30:00,111.2
2022-07-13,03:20:00,117.2
2022-07-13,05:40:00,111.8
2022-07-13,13:40:00,114.1
2022-07-13,19:20:00,112.4
2022-07-14,00:00:00,109.6
2022-07-14,02:40:00,110.8
2022-07-14,03:40:00,111.4
2022-07-14,04:30:00,115.2
2022-07-14,08:20:00,111.1
2022-07-14,10:40:00,116.8
2022-07-14,13:10:00,113.2
2022-07-14,17:40:00,110.8
2022-07-14,19:40:00,117.7
2022-07-14,22:20:00,113.6
2022-07-15,03:30:00,117.3
2022-07-15,04:40:00,115.1
2022-07-15,07:40:00,111.4
2022-07-15,09:30:00,111.1
2022-07-15,11:40:00,114.3
2022-07-15,14:10:00,112.4
2022-07-15,14:30:00,114.3
2022-07-15,16:00:00,110.3
2022-07-15,22:40:00,111.7
2022-07-15,23:20:00,109
2022-07-16,08:50:00,109.4
2022-07-16,09:00:00,109.9
2022-07-16,09:10:00,111.4
2022-07-16,09:20:00,108.8
2022-07-16,09:30:00,114.4
2022-07-16,09:40:00,109.4
2022-07-16,09:50:00,113.3
2022-07-16,10:00:00,113.3
2022-07-16,10:10:00,113.4
2022-07-16,10:20:00,114.9
2022-07-16,10:30:00,110.7
2022-07-16,10:40:00,110.2
2022-07-16,10:50:00,111.3
2022-07-16,11:00:00,114.9
2022-07-16,11:10:00,111.7
2022-07-16,11:20:00,110.2
2022-07-16,11:30:00,112.4
2022-07-16,11:40:00,111.9
2022-07-16,11:50:00,116.6
2022-07-16,12:00:00,112.4
2022-07-16,12:10:00,118.9
2022-07-16,12:20:00,114.4
2022-07-16,12:30:00,112
2022-07-16,12:40:00,112.9
2022-07-16,12:50:00,114.3
2022-07-16,13:00:00,111.2
2022-07-16,13:10:00,114.5
2022-07-16,13:20:00,115.1
2022-07-16,13:30:00,113.4
2022-07-16,13:40:00,115.6
2022-07-16,13:50:00,115.6
2022-07-16,14:00:00,111.8
2022-07-16,14:10:00,113.5
2022-07-16,14:20:00,114.4
2022-07-16,14:30:00,114.6
2022-07-16,14:40:00,112.2
2022-07-16,14:50:00,109.8
2022-07-16,15:00:00,106.7
2022-07-16,15:10:00,111.1
2022-07-16,15:20:00,115.2
2022-07-16,15:30:00,116
2022-07-16,15:40:00,111
2022-07-16,15:50:00,107.1
2022-07-16,16:00:00,108.7
2022-07-16,16:10:00,111.3
2022-07-16,16:20:00,110.3
2022-07-16,16:30:00,111.5
2022-07-16,16:40:00,110.9
2022-07-16,16:50:00,109
2022-07-16,17:00:00,110.2
2022-07-16,17:10:00,112.7
2022-07-16,17:20:00,114.9
2022-07-16,17:30:00,112.4
2022-07-16,17:40:00,112.8
2022-07-16,17:50:00,110.3
2022-07-16,20:10:00,112.8
2022-07-17,03:30:00,115.9
2022-07-17,08:30:00,113.5
2022-07-17,12:00:00,113.5
2022-07-17,12:20:00,113.4
2022-07-17,13:20:00,114.3
2022-07-17,14:00:00,114.8
2022-07-17,18:00:00,110
2022-07-17,19:20:00,108.9
2022-07-17,22:10:00,114.7
2022-07-18,00:30:00,112
2022-07-18,10:00:00,113.3
2022-07-18,11:10:00,109.5
2022-07-18,19:50:00,112
2022-07-18,20:30:00,112.6
2022-07-18,21:30:00,112.4
2022-07-18,21:50:00,109.9
2022-07-18,23:20:00,113
2022-07-19,12:40:00,115.1
2022-07-19,12:50:00,116.4
2022-07-19,14:00:00,113.8
2022-07-19,14:10:00,111.5
2022-07-19,19:00:00,110.4
2022-07-19,19:10:00,114.5
2022-07-20,01:30:00,116.1
2022-07-20,03:50:00,111.4
2022-07-20,04:10:00,114.9
2022-07-20,07:30:00,109.2
2022-07-20,07:40:00,115.2
2022-07-20,14:10:00,107.5
2022-07-20,15:30:00,116.2
2022-07-20,15:40:00,112.5
2022-07-20,18:40:00,113.8
2022-07-20,20:00:00,109.1
2022-07-20,20:20:00,114.9
2022-07-20,23:00:00,111.8
2022-07-21,00:10:00,112.8
2022-07-21,01:40:00,117.5
2022-07-21,04:20:00,119.2
2022-07-21,06:00:00,109.8
2022-07-21,09:50:00,116.1
2022-07-21,11:40:00,114.2
2022-07-21,12:10:00,116.7
2022-07-21,13:50:00,111.4
2022-07-21,15:20:00,113.7
2022-07-21,16:20:00,114.5
2022-07-21,17:30:00,110.9
2022-07-21,17:40:00,119
2022-07-21,22:30:00,112.9
2022-07-22,04:30:00,116.5
2022-07-22,11:10:00,111.5
2022-07-22,12:20:00,109.9
2022-07-22,12:30:00,113.7
2022-07-22,14:10:00,110.2
2022-07-22,16:10:00,110.6
2022-07-22,17:20:00,118
2022-07-22,20:40:00,113.5
2022-07-22,20:50:00,109.6
2022-07-22,21:20:00,112.3
2022-07-22,21:50:00,114
2022-07-22,23:20:00,113.7
2022-07-23,01:40:00,114.1
2022-07-23,01:50:00,112.8
2022-07-23,02:00:00,111.9
2022-07-23,02:10:00,114.1
2022-07-23,02:20:00,114.2
2022-07-23,02:30:00,116.5
2022-07-23,02:40:00,113.6
2022-07-23,02:50:00,112
2022-07-23,03:00:00,112.5
2022-07-23,03:10:00,106.5
2022-07-23,03:20:00,112.5
2022-07-23,03:30:00,115.9
2022-07-23,03:40:00,111.3
2022-07-23,03:50:00,113.1
2022-07-23,04:00:00,112.8
2022-07-23,04:10:00,112.4
2022-07-23,04:20:00,112
2022-07-23,04:30:00,110.9
2022-07-23,04:40:00,114.8
2022-07-23,04:50:00,111.4
2022-07-23,05:00:00,114.6
2022-07-23,05:10:00,111.9
2022-07-23,05:20:00,111.9
2022-07-23,05:30:00,112.8
2022-07-23,05:40:00,114.7
2022-07-23,05:50:00,110.6
2022-07-23,06:00:00,112.6
2022-07-23,06:10:00,112.5
2022-07-23,06:20:00,116
2022-07-23,06:30:00,116.6
2022-07-23,06:40:00,113.2
2022-07-23,06:50:00,113.6
2022-07-23,07:00:00,114.7
2022-07-23,07:10:00,112.7
2022-07-23,07:20:00,113.5
2022-07-23,07:30:00,114.8
2022-07-23,07:40:00,114.4
2022-07-23,07:50:00,113.8
2022-07-23,08:00:00,115.9
2022-07-23,08:10:00,114.5
2022-07-23,08:20:00,111.5
2022-07-23,08:30:00,114.2
2022-07-23,08:40:00,112.7
2022-07-23,08:50:00,112
2022-07-23,09:00:00,116.9
2022-07-23,09:10:00,113.6
2022-07-23,09:20:00,114.2
2022-07-23,09:30:00,109.8
2022-07-23,09:40:00,111.5
2022-07-23,09:50:00,116.6
2022-07-23,10:00:00,115.9
2022-07-23,10:10:00,111.9
2022-07-23,10:20:00,111.6
2022-07-23,10:30:00,113.5
2022-07-23,10:40:00,113.2
2022-07-23,10:50:00,110.1
2022-07-23,11:00:00,112.7
2022-07-23,11:10:00,108.6
2022-07-23,11:20:00,113.6
2022-07-23,11:30:00,116.7
2022-07-23,11:40:00,117.1
2022-07-23,11:50:00,114.1
2022-07-23,12:00:00,110.9
2022-07-23,12:10:00,112.4
2022-07-23,12:20:00,114.5
2022-07-23,12:30:00,115.6
2022-07-23,12:40:00,112.2
2022-07-23,12:50:00,112.8
2022-07-23,13:00:00,113.5
2022-07-23,13:10:00,109.8
2022-07-23,13:20:00,115.7
2022-07-23,13:30:00,113.6
2022-07-23,13:40:00,113.7
2022-07-23,13:50:00,109
2022-07-23,14:00:00,111.7
2022-07-23,14:10:00,116.1
2022-07-23,14:20:00,116
2022-07-23,14:30:00,117.5
2022-07-23,14:40:00,114.1
2022-07-23,14:50:00,115.2
2022-07-23,15:00:00,113.7
2022-07-23,15:10:00,115.4
2022-07-23,15:20:00,113.2
2022-07-23,15:30:00,112.7
2022-07-23,15:40:00,114.8
2022-07-23,15:50:00,113.1
2022-07-23,16:00:00,114.7
2022-07-23,16:10:00,112.9
2022-07-23,16:20:00,112.3
2022-07-23,16:30:00,107
2022-07-23,16:40:00,110
2022-07-23,16:50:00,114.8
2022-07-23,17:00:00,114.5
2022-07-23,17:10:00,110
2022-07-23,17:20:00,109.3
2022-07-23,17:30:00,107.6
2022-07-23,17:40:00,112.5
2022-07-23,17:50:00,116.1
2022-07-23,18:00:00,116.5
2022-07-23,18:10:00,112.1
2022-07-23,18:20:00,116.2
2022-07-23,18:30:00,112.4
2022-07-23,18:40:00,114.8
2022-07-23,18:50:00,117.4
2022-07-23,19:00:00,114.5
2022-07-23,19:10:00,113.8
2022-07-23,19:20:00,109.3
2022-07-23,19:30:00,113.6
2022-07-23,19:40:00,112.3
2022-07-23,19:50:00,110.1
2022-07-23,20:00:00,111.2
2022-07-23,20:10:00,114.2
2022-07-23,20:20:00,113.8
2022-07-23,20:30:00,116.3
2022-07-23,20:40:00,113.7
2022-07-23,20:50:00,111.7
2022-07-23,21:00:00,113.9
2022-07-23,21:10:00,115.2
2022-07-23,21:20:00,114.7
2022-07-23,21:30:00,115.7
2022-07-23,21:40:00,113.1
2022-07-23,21:50:00,117.7
2022-07-23,22:00:00,116.6
2022-07-23,22:10:00,112.3
2022-07-23,22:20:00,118.5
2022-07-23,22:30:00,115.2
2022-07-23,22:40:00,115.7
2022-07-23,22:50:00,114.2
2022-07-23,23:00:00,113.6
2022-07-23,23:10:00,113.8
2022-07-23,23:20:00,112.3
2022-07-23,23:30:00,112.1
2022-07-23,23:40:00,113.5
2022-07-23,23:50:00,113.7
2022-07-24,00:00:00,112.1
2022-07-24,00:10:00,109.7
2022-07-24,00:20:00,113.7
2022-07-24,00:30:00,115.5
2022-07-24,00:40:00,114.6
2022-07-24,00:50:00,112.6
2022-07-24,01:00:00,111.6
2022-07-24,01:10:00,113.9
2022-07-24,01:20:00,113
2022-07-24,01:30:00,111.8
2022-07-24,01:40:00,114.5
2022-07-24,01:50:00,112.3
2022-07-24,02:00:00,117.3
2022-07-24,02:20:00,111.6
2022-07-24,02:30:00,117.5
2022-07-24,02:40:00,110.6
2022-07-24,02:50:00,118.9
2022-07-24,03:00:00,108.2
2022-07-24,03:20:00,115.3
2022-07-24,05:00:00,108.9
2022-07-24,08:10:00,114.6
2022-07-24,09:20:00,118.8
2022-07-24,12:40:00,111.3
2022-07-24,15:00:00,113.8
2022-07-24,18:40:00,113
2022-07-24,23:30:00,111.9
2022-07-25,00:30:00,111.2
2022-07-25,01:30:00,110
2022-07-25,01:40:00,112.7
2022-07-25,14:30:00,106.6
2022-07-25,14:40:00,112.9
2022-07-25,14:50:00,110.2
2022-07-25,15:00:00,112.8
2022-07-25,15:30:00,110.3
2022-07-25,15:40:00,111.7
2022-07-25,15:50:00,115.9
2022-07-25,18:00:00,116.3
2022-07-25,19:50:00,113.9
2022-07-25,20:50:00,111.9
2022-07-25,21:00:00,114.5
2022-07-25,23:10:00,112.9
2022-07-26,00:20:00,113
2022-07-26,05:20:00,114.1
2022-07-26,05:30:00,115.9
2022-07-26,05:40:00,114.1
2022-07-26,06:10:00,115.3
2022-07-26,06:20:00,115.6
2022-07-26,08:10:00,110.5
2022-07-26,08:20:00,113.2
2022-07-26,08:30:00,108.8
2022-07-26,08:40:00,115.1
2022-07-26,09:00:00,115.9
2022-07-26,10:00:00,116.6
2022-07-26,10:40:00,114.5
2022-07-26,10:50:00,112.2
2022-07-26,11:00:00,115
2022-07-26,11:20:00,111.1
2022-07-26,13:20:00,116.4
2022-07-26,14:20:00,110.8
2022-07-26,15:20:00,115.3
2022-07-26,15:30:00,111.7
2022-07-26,16:30:00,108.9
2022-07-26,16:40:00,113.2
2022-07-26,19:00:00,113.5
2022-07-26,20:30:00,113.3
2022-07-26,21:40:00,112.5
2022-07-26,22:30:00,111.7
2022-07-26,22:50:00,116.3
2022-07-26,23:00:00,114.2
2022-07-26,23:10:00,115.8
2022-07-27,00:00:00,112.7
2022-07-27,00:30:00,112.1
2022-07-27,00:40:00,112.2
2022-07-27,01:30:00,108.3
2022-07-27,01:40:00,113.1
2022-07-27,02:20:00,111.2
2022-07-27,03:00:00,112.7
2022-07-27,07:30:00,109.3
2022-07-27,08:00:00,106.7
2022-07-27,09:00:00,115.8
2022-07-27,10:40:00,113.7
2022-07-27,11:00:00,118.6
2022-07-27,11:50:00,112.8
2022-07-27,13:00:00,117.4
2022-07-27,13:10:00,110.5
2022-07-27,14:40:00,112
2022-07-27,15:30:00,110.3
2022-07-27,17:50:00,111.6
2022-07-27,18:50:00,113.1
2022-07-27,19:00:00,112.9
2022-07-27,19:10:00,110.8
2022-07-27,21:00:00,115.7
2022-07-27,23:20:00,111.9
2022-07-28,02:50:00,114.1
2022-07-28,03:00:00,117.4
2022-07-28,04:00:00,114.5
2022-07-28,05:20:00,107.3
2022-07-28,05:30:00,115.6
2022-07-28,07:00:00,113.2
2022-07-28,07:20:00,114.2
2022-07-28,07:30:00,114.4
2022-07-28,07:40:00,113
2022-07-28,08:30:00,117
2022-07-28,08:40:00,111.4
2022-07-28,10:20:00,112.8
2022-07-28,11:50:00,113.6
2022-07-28,12:40:00,118.3
2022-07-28,12:50:00,111.1
2022-07-28,15:10:00,111.1
2022-07-28,16:30:00,114
2022-07-28,18:00:00,110.4
2022-07-28,19:00:00,114.5
2022-07-28,20:30:00,111.4
2022-07-28,21:00:00,114.7
2022-07-28,23:40:00,112
2022-07-28,23:50:00,113
2022-07-29,00:30:00,111.2
2022-07-29,01:30:00,115.5
2022-07-29,02:00:00,112.5
2022-07-29,03:00:00,113.6
2022-07-29,03:30:00,113.4
2022-07-29,05:00:00,113.5
2022-07-29,05:50:00,113.7
2022-07-29,06:20:00,110.8
2022-07-29,07:00:00,115.5
2022-07-29,11:40:00,111.5
2022-07-29,11:50:00,113.8
2022-07-29,12:30:00,113
2022-07-29,13:30:00,115.3
2022-07-29,14:30:00,110.1
2022-07-29,14:40:00,113.9
2022-07-29,15:30:00,111.9
2022-07-29,16:00:00,117.3
2022-07-29,16:10:00,111.4
2022-07-29,18:00:00,112.9
2022-07-29,18:10:00,112.7
2022-07-29,19:00:00,111.9
2022-07-29,19:20:00,113.7
2022-07-29,21:10:00,113
2022-07-29,22:00:00,110.8
2022-07-29,22:10:00,110.2
2022-07-29,22:20:00,116
2022-07-29,23:00:00,112.3
2022-07-30,01:30:00,115.4
2022-07-30,01:40:00,111.7
2022-07-30,05:00:00,113.7
2022-07-30,07:00:00,111.4
2022-07-30,07:10:00,114.9
2022-07-30,09:00:00,110.6
2022-07-30,14:00:00,118
2022-07-30,14:10:00,112.5
2022-07-30,14:20:00,118.1
2022-07-30,16:40:00,111.9
2022-07-30,18:00:00,112.2
2022-07-30,18:10:00,116.2
2022-07-30,19:10:00,115.6
2022-07-30,20:00:00,114.2
2022-07-30,20:30:00,115.2
2022-07-30,21:40:00,110.6
2022-07-30,22:30:00,111.8
