2022-02-01,00:12:00,96.70288
2022-02-01,00:52:00,96.70288
2022-02-01,01:32:00,96.70288
2022-02-01,01:42:00,96.70288
2022-02-01,02:12:00,96.70288
2022-02-01,03:12:00,96.70288
2022-02-01,04:12:00,96.70288
2022-02-01,04:32:00,96.70288
2022-02-01,04:52:00,96.70288
2022-02-01,05:32:00,96.70288
2022-02-01,06:02:00,96.70288
2022-02-01,06:22:00,96.70288
2022-02-01,06:32:00,96.70288
2022-02-01,07:32:00,96.70288
2022-02-01,07:52:00,96.70288
2022-02-01,08:32:00,96.70288
2022-02-01,09:33:00,90.59898
2022-02-01,09:43:00,95.68932
2022-02-01,09:53:00,97.1161
2022-02-01,10:13:00,94.27729
2022-02-01,11:33:00,96.36898
2022-02-01,12:13:00,96.19441
2022-02-01,12:33:00,93.00949
2022-02-01,13:13:00,93.32508
2022-02-01,13:43:00,93.38797
2022-02-01,13:53:00,98.36898
2022-02-01,14:03:00,91.11203
2022-02-01,14:23:00,93.52458
2022-02-01,14:33:00,92.51153
2022-02-01,14:53:00,95.66949
2022-02-01,15:03:00,92.82525
2022-02-01,15:23:00,94.40576
2022-02-01,15:43:00,94.17576
2022-02-01,16:03:00,96.39458
2022-02-01,16:53:00,90.84339
2022-02-01,17:23:00,94.05864
2022-02-01,17:33:00,93.66356
2022-02-01,17:43:00,93.04847
2022-02-01,18:33:00,92.49475
2022-02-01,18:53:00,92.33288
2022-02-01,19:33:00,96.09119
2022-02-01,20:23:00,97.00271
2022-02-01,20:33:00,91.62
2022-02-01,20:43:00,92.14186
2022-02-01,20:53:00,96.80932
2022-02-01,22:03:00,97.44492
2022-02-01,22:43:00,91.21322
2022-02-01,23:23:00,93.37862
2022-02-02,00:13:00,97.00831
2022-02-02,00:33:00,97.54897
2022-02-02,02:23:00,99.85322
2022-02-02,02:43:00,98.73
2022-02-02,03:53:00,101.3322
2022-02-02,04:33:00,101.1983
2022-02-02,05:23:00,100.2422
2022-02-02,05:33:00,99.66424
2022-02-02,06:03:00,97.42508
2022-02-02,06:23:00,95.40288
2022-02-02,06:33:00,98.64695
2022-02-02,06:43:00,97.39017
2022-02-02,07:13:00,93.23492
2022-02-02,07:23:00,96.77203
2022-02-02,08:13:00,98.23729
2022-02-02,08:33:00,92.01542
2022-02-02,08:53:00,92.78881
2022-02-02,09:13:00,96.07983
2022-02-02,10:03:00,96.02169
2022-02-02,10:23:00,94.76136
2022-02-02,11:53:00,98.34983
2022-02-02,12:53:00,92.73441
2022-02-02,13:03:00,93.81797
2022-02-02,13:13:00,94.43492
2022-02-02,14:23:00,96.78441
2022-02-02,14:53:00,96.08627
2022-02-02,15:03:00,94.94746
2022-02-02,15:43:00,96.90644
2022-02-02,16:13:00,87.70492
2022-02-02,16:33:00,99.04746
2022-02-02,17:03:00,93.73356
2022-02-02,17:13:00,93.21508
2022-02-02,17:33:00,92.38119
2022-02-02,18:23:00,97.40186
2022-02-02,19:03:00,95.66458
2022-02-02,19:13:00,92.29288
2022-02-02,19:33:00,97.79492
2022-02-02,20:23:00,90.33763
2022-02-02,21:03:00,94.53475
2022-02-02,21:53:00,88.85932
2022-02-02,22:23:00,98.31441
2022-02-02,22:33:00,94.56559
2022-02-02,23:23:00,90.91644
2022-02-03,00:23:00,95.25552
2022-02-03,00:43:00,97.63864
2022-02-03,00:53:00,92.06949
2022-02-03,01:13:00,88.42763
2022-02-03,01:53:00,91.89559
2022-02-03,02:03:00,93.72898
2022-02-03,02:23:00,91.38458
2022-02-03,03:03:00,92.5139
2022-02-03,04:03:00,96.47288
2022-02-03,04:13:00,93.70356
2022-02-03,04:33:00,95.49441
2022-02-03,04:43:00,97.17678
2022-02-03,04:53:00,92.09559
2022-02-03,05:33:00,90.31695
2022-02-03,06:03:00,88.57119
2022-02-03,07:23:00,92.37068
2022-02-03,08:03:00,89.01898
2022-02-03,09:23:00,95.98068
2022-02-03,09:33:00,93.14017
2022-02-03,09:53:00,89.73441
2022-02-03,10:23:00,92.04797
2022-02-03,10:33:00,89.00542
2022-02-03,10:43:00,91.0422
2022-02-03,10:53:00,86.20915
2022-02-03,11:13:00,91.75288
2022-02-03,12:23:00,89.62729
2022-02-03,12:33:00,87.80797
2022-02-03,12:43:00,88.81864
2022-02-03,13:13:00,91.39136
2022-02-03,13:33:00,89.19203
2022-02-03,14:13:00,87.41458
2022-02-03,14:33:00,89.02203
2022-02-03,15:23:00,93.28525
2022-02-03,15:43:00,90.61305
2022-02-03,15:53:00,96.18254
2022-02-03,16:03:00,88.95966
2022-02-03,16:23:00,87.31881
2022-02-03,16:43:00,91.76814
2022-02-03,17:23:00,90.6539
2022-02-03,17:43:00,92.52017
2022-02-03,18:43:00,89.88271
2022-02-03,18:53:00,89.06847
2022-02-03,19:33:00,91.34915
2022-02-03,20:03:00,92.6439
2022-02-03,20:33:00,89.08102
2022-02-03,20:43:00,92.47356
2022-02-03,20:53:00,93.32407
2022-02-03,21:43:00,89.41932
2022-02-03,22:03:00,88.51288
2022-02-03,23:13:00,90.70254
2022-02-03,23:33:00,93.86271
2022-02-03,23:43:00,90.64203
2022-02-04,00:46:00,92.86
2022-02-04,01:06:00,93.53983
2022-02-04,01:16:00,92.36407
2022-02-04,01:56:00,92.17034
2022-02-04,02:16:00,91.07153
2022-02-04,02:56:00,93.65458
2022-02-04,03:36:00,93.05136
2022-02-04,03:56:00,89.93424
2022-02-04,04:06:00,92.78983
2022-02-04,04:26:00,92.91678
2022-02-04,04:46:00,91.14915
2022-02-04,05:16:00,94.57373
2022-02-04,06:16:00,91.68356
2022-02-04,06:26:00,91.14017
2022-02-04,06:36:00,94.08915
2022-02-04,06:56:00,88.16458
2022-02-04,07:06:00,89.66288
2022-02-04,07:16:00,93.19576
2022-02-04,07:26:00,93.11441
2022-02-04,07:36:00,88.44593
2022-02-04,08:46:00,95.06085
2022-02-04,09:46:00,89.67085
2022-02-04,10:16:00,95.54932
2022-02-04,10:46:00,90.97797
2022-02-04,11:06:00,89.96203
2022-02-04,11:16:00,87.00458
2022-02-04,11:26:00,94.74864
2022-02-04,11:56:00,93.14831
2022-02-04,12:06:00,93.5222
2022-02-04,12:26:00,88.44644
2022-02-04,12:46:00,85.18441
2022-02-04,13:06:00,88.93797
2022-02-04,13:16:00,90.18915
2022-02-04,13:36:00,93.02203
2022-02-04,14:06:00,94.36712
2022-02-04,14:16:00,89.92983
2022-02-04,14:56:00,91.99898
2022-02-04,15:16:00,90.76034
2022-02-04,15:26:00,93.74695
2022-02-04,15:56:00,93.35119
2022-02-04,16:06:00,91.21203
2022-02-04,16:46:00,90.85797
2022-02-04,16:56:00,91.06576
2022-02-04,17:16:00,89.87119
2022-02-04,18:16:00,88.00627
2022-02-04,18:56:00,92.37102
2022-02-04,19:16:00,91.09203
2022-02-04,19:56:00,94.11627
2022-02-04,20:16:00,92.55508
2022-02-04,20:46:00,86.14254
2022-02-04,21:06:00,92.41492
2022-02-04,21:16:00,88.57559
2022-02-04,22:16:00,96.04949
2022-02-04,22:36:00,87.26169
2022-02-04,22:46:00,86.93356
2022-02-04,23:06:00,94.0878
2022-02-04,23:26:00,93.61339
2022-02-05,00:06:00,92.78305
2022-02-05,00:16:00,91.75525
2022-02-05,01:16:00,91.66356
2022-02-05,01:26:00,95.75051
2022-02-05,02:16:00,93.1139
2022-02-05,03:36:00,92.81966
2022-02-05,03:46:00,95.25729
2022-02-05,04:16:00,95.03322
2022-02-05,04:26:00,93.22661
2022-02-05,05:46:00,93.00559
2022-02-05,06:06:00,97.47
2022-02-05,06:26:00,93.80254
2022-02-05,07:06:00,90.90525
2022-02-05,07:16:00,90.55746
2022-02-05,07:36:00,93.86102
2022-02-05,07:46:00,99.26814
2022-02-05,09:26:00,89.59915
2022-02-05,10:26:00,92.21847
2022-02-05,11:46:00,96.33831
2022-02-05,11:56:00,93.99407
2022-02-05,14:16:00,92.29814
2022-02-05,15:16:00,93.45356
2022-02-05,15:26:00,93.19102
2022-02-05,15:36:00,88.32898
2022-02-05,16:56:00,93.38339
2022-02-05,18:36:00,95.64051
2022-02-05,18:56:00,92.99831
2022-02-05,20:16:00,89.39966
2022-02-05,20:56:00,90.45576
2022-02-05,21:36:00,94.12797
2022-02-05,21:46:00,94.78763
2022-02-05,22:26:00,92.81831
2022-02-06,00:26:00,94.94288
2022-02-06,01:16:00,94.90203
2022-02-06,01:36:00,89.90492
2022-02-06,02:26:00,88.45661
2022-02-06,02:46:00,93.40508
2022-02-06,03:06:00,90.8661
2022-02-06,03:16:00,92.35373
2022-02-06,03:36:00,96.38983
2022-02-06,04:16:00,93.17932
2022-02-06,04:46:00,92.83305
2022-02-06,06:06:00,89.12661
2022-02-06,06:26:00,91.47169
2022-02-06,07:26:00,95.50407
2022-02-06,07:56:00,89.06492
2022-02-06,08:16:00,94.45966
2022-02-06,10:16:00,90.89305
2022-02-06,10:26:00,96.18763
2022-02-06,10:46:00,89.02763
2022-02-06,12:46:00,90.97729
2022-02-06,14:02:00,95.73259
2022-02-06,14:12:00,96.27797
2022-02-06,14:22:00,94.67407
2022-02-06,14:52:00,97.05797
2022-02-06,15:32:00,94.09136
2022-02-06,16:02:00,91.24881
2022-02-06,16:12:00,91.65288
2022-02-06,17:12:00,92.49051
2022-02-06,18:02:00,90.75831
2022-02-06,18:12:00,92.42593
2022-02-06,18:22:00,90.68644
2022-02-06,18:52:00,90.41271
2022-02-06,20:02:00,89.29034
2022-02-06,20:32:00,91.08864
2022-02-06,20:42:00,92.44559
2022-02-06,21:32:00,99.10847
2022-02-06,22:52:00,89.75814
2022-02-06,23:22:00,96.10407
2022-02-06,23:32:00,90.23237
2022-02-06,23:42:00,97.65492
2022-02-07,00:02:00,89.91356
2022-02-07,00:12:00,91.46475
2022-02-07,00:42:00,89.89678
2022-02-07,01:12:00,96.76407
2022-02-07,01:22:00,99.15915
2022-02-07,03:22:00,99.67949
2022-02-07,04:02:00,97.45169
2022-02-07,04:22:00,92.74051
2022-02-07,04:32:00,93.6061
2022-02-07,04:42:00,99.81169
2022-02-07,05:12:00,98.65034
2022-02-07,05:22:00,98.6939
2022-02-07,06:42:00,97.98814
2022-02-07,07:02:00,96.64797
2022-02-07,07:32:00,97.86203
2022-02-07,07:52:00,97.05254
2022-02-07,08:12:00,97.04034
2022-02-07,08:42:00,100.0931
2022-02-07,09:32:00,107.5808
2022-02-07,09:42:00,111.4932
2022-02-07,10:02:00,111.139
2022-02-07,10:22:00,107.9898
2022-02-07,10:52:00,109.6
2022-02-07,11:02:00,99.92237
2022-02-07,11:42:00,102.281
2022-02-07,11:52:00,102.5076
2022-02-07,12:32:00,100.5719
2022-02-07,12:52:00,95.85254
2022-02-07,13:22:00,99.69475
2022-02-07,14:02:00,100.4998
2022-02-07,14:12:00,97.56932
2022-02-07,14:42:00,99.91119
2022-02-07,15:11:00,95.67593
2022-02-07,15:51:00,94.74322
2022-02-07,16:09:00,97.49132
2022-02-07,16:19:00,99.07932
2022-02-07,16:39:00,88.65797
2022-02-07,16:49:00,98.06169
2022-02-07,17:39:00,91.58797
2022-02-07,17:59:00,95.41373
2022-02-07,18:09:00,92.01508
2022-02-07,19:49:00,86.4339
2022-02-07,20:19:00,95.32729
2022-02-07,20:39:00,90.05136
2022-02-07,21:09:00,97.99271
2022-02-07,21:29:00,97.46593
2022-02-07,21:39:00,92.96136
2022-02-07,21:49:00,92.14593
2022-02-07,22:29:00,89.47881
2022-02-07,22:39:00,91.76864
2022-02-07,23:09:00,98.67983
2022-02-07,23:19:00,92.64373
2022-02-08,00:09:00,92.43051
2022-02-08,00:19:00,94.90271
2022-02-08,00:39:00,94.89288
2022-02-08,01:09:00,92.99068
2022-02-08,01:19:00,90.02881
2022-02-08,01:49:00,90.95542
2022-02-08,01:59:00,94.02424
2022-02-08,02:09:00,93.31712
2022-02-08,02:19:00,92.56431
2022-02-08,02:29:00,90.08627
2022-02-08,03:09:00,92.21508
2022-02-08,03:19:00,97.12203
2022-02-08,03:59:00,89.73288
2022-02-08,04:19:00,93.92966
2022-02-08,04:49:00,95.54339
2022-02-08,05:09:00,93.53068
2022-02-08,05:29:00,89.51898
2022-02-08,05:39:00,92.13814
2022-02-08,05:59:00,95.51559
2022-02-08,06:09:00,89.25797
2022-02-08,06:19:00,94.26169
2022-02-08,06:29:00,88.83644
2022-02-08,07:49:00,92.88186
2022-02-08,07:59:00,94.79559
2022-02-08,08:09:00,90.85305
2022-02-08,08:49:00,87.34169
2022-02-08,08:59:00,94.45915
2022-02-08,09:09:00,92.02983
2022-02-08,09:59:00,93.8061
2022-02-08,10:09:00,91.36966
2022-02-08,10:39:00,89.24644
2022-02-08,12:09:00,87.44881
2022-02-08,12:39:00,87.07203
2022-02-08,12:49:00,90.87881
2022-02-08,12:59:00,92.52
2022-02-08,13:39:00,92.88068
2022-02-08,13:49:00,93.54932
2022-02-08,14:29:00,94.63424
2022-02-08,14:39:00,90.13932
2022-02-08,14:49:00,89.28288
2022-02-08,15:29:00,90.80356
2022-02-08,15:49:00,94.74373
2022-02-08,15:59:00,93.66424
2022-02-08,16:19:00,91.41695
2022-02-08,16:49:00,87.63644
2022-02-08,17:19:00,94.06864
2022-02-08,18:09:00,89.43661
2022-02-08,18:19:00,87.17932
2022-02-08,19:49:00,95.90644
2022-02-08,20:19:00,94.02339
2022-02-08,20:29:00,91.55441
2022-02-08,20:39:00,90.81627
2022-02-08,20:49:00,93.71068
2022-02-08,21:39:00,93.52763
2022-02-08,21:49:00,89.76559
2022-02-08,23:09:00,91.65017
2022-02-08,23:29:00,94.15932
2022-02-08,23:39:00,92.89169
2022-02-08,23:49:00,92.90593
2022-02-08,23:59:00,93.18492
2022-02-09,00:09:00,91.8961
2022-02-09,00:39:00,93.52932
2022-02-09,01:09:00,89.26881
2022-02-09,01:49:00,91.87915
2022-02-09,02:29:00,95.70068
2022-02-09,03:09:00,92.64441
2022-02-09,03:19:00,91.28441
2022-02-09,03:29:00,96.62746
2022-02-09,03:39:00,97.83169
2022-02-09,03:49:00,91.78305
2022-02-09,04:09:00,86.19271
2022-02-09,04:29:00,92.35746
2022-02-09,04:39:00,88.4122
2022-02-09,04:49:00,91.77847
2022-02-09,05:09:00,98.35119
2022-02-09,05:19:00,92.76569
2022-02-09,05:39:00,91.80949
2022-02-09,06:39:00,91.8022
2022-02-09,07:09:00,89.03983
2022-02-09,07:29:00,90.23254
2022-02-09,07:39:00,96.55915
2022-02-09,07:59:00,93.17661
2022-02-09,08:19:00,95.95542
2022-02-09,09:09:00,92.90271
2022-02-09,09:49:00,91.90915
2022-02-09,10:09:00,91.6961
2022-02-09,10:19:00,94.17017
2022-02-09,10:29:00,89.88627
2022-02-09,10:59:00,94.89797
2022-02-09,11:29:00,90.93153
2022-02-09,12:29:00,91.49102
2022-02-09,12:59:00,95.58102
2022-02-09,13:09:00,95.14492
2022-02-09,13:19:00,94.46864
2022-02-09,14:19:00,91.22119
2022-02-09,14:29:00,91.65983
2022-02-09,15:09:00,93.70525
2022-02-09,15:59:00,91.6361
2022-02-09,16:19:00,88.41915
2022-02-09,17:09:00,94.77797
2022-02-09,18:09:00,92.92542
2022-02-09,18:39:00,94.51729
2022-02-09,18:49:00,92.2039
2022-02-09,19:09:00,91.40966
2022-02-09,20:09:00,90.01898
2022-02-09,20:29:00,90.36695
2022-02-09,20:39:00,91.3478
2022-02-09,20:59:00,92.35525
2022-02-09,21:19:00,93.39695
2022-02-09,21:49:00,94.12695
2022-02-09,21:59:00,92.93407
2022-02-09,22:09:00,98.71034
2022-02-09,22:19:00,96.15661
2022-02-09,22:29:00,93.17051
2022-02-09,22:39:00,93.40797
2022-02-09,23:49:00,88.32712
2022-02-09,23:59:00,93.52983
2022-02-10,00:09:00,92.31169
2022-02-10,00:19:00,89.72983
2022-02-10,00:29:00,92.90627
2022-02-10,00:39:00,89.74373
2022-02-10,00:59:00,89.95424
2022-02-10,01:09:00,90.76271
2022-02-10,01:19:00,90.76983
2022-02-10,01:29:00,84.62932
2022-02-10,02:39:00,91.38949
2022-02-10,03:09:00,92.11831
2022-02-10,03:39:00,92.49508
2022-02-10,04:19:00,88.37576
2022-02-10,04:29:00,93.34542
2022-02-10,04:39:00,91.25695
2022-02-10,05:09:00,93.20542
2022-02-10,05:49:00,93.38186
2022-02-10,05:59:00,93.89508
2022-02-10,06:39:00,95.08458
2022-02-10,06:49:00,92.72424
2022-02-10,06:59:00,94.30525
2022-02-10,07:29:00,97.37661
2022-02-10,08:39:00,90.4678
2022-02-10,09:19:00,95.93458
2022-02-10,09:39:00,92.0639
2022-02-10,09:59:00,89.63017
2022-02-10,10:49:00,90.70881
2022-02-10,11:09:00,94.14966
2022-02-10,11:19:00,96.48034
2022-02-10,11:29:00,98.68068
2022-02-10,11:39:00,94.57966
2022-02-10,12:09:00,91.62102
2022-02-10,12:29:00,92.40576
2022-02-10,14:00:00,94.98085
2022-02-10,14:20:00,93.21518
2022-02-10,15:00:00,95.11746
2022-02-10,15:10:00,90.89085
2022-02-10,15:20:00,89.28712
2022-02-10,16:00:00,90.70661
2022-02-10,17:00:00,91.01017
2022-02-10,17:30:00,94.06017
2022-02-10,18:00:00,93.39797
2022-02-10,19:30:00,95.06237
2022-02-10,19:40:00,95.18559
2022-02-10,19:50:00,93.27017
2022-02-10,22:00:00,98.10797
2022-02-11,00:00:00,95.20644
2022-02-11,00:20:00,97.26864
2022-02-11,00:30:00,89.67831
2022-02-11,01:00:00,94.9778
2022-02-11,03:00:00,96.18322
2022-02-11,03:30:00,95.02458
2022-02-11,03:40:00,97.52695
2022-02-11,04:30:00,97.36169
2022-02-11,04:40:00,96.89881
2022-02-11,05:00:00,95.81186
2022-02-11,06:00:00,95.14576
2022-02-11,08:30:00,95.99305
2022-02-11,09:00:00,95.39797
2022-02-11,09:20:00,97.89966
2022-02-11,09:40:00,95.84593
2022-02-11,10:00:00,94.15627
2022-02-11,10:30:00,95.05034
2022-02-11,10:50:00,94.79492
2022-02-11,11:00:00,97.13424
2022-02-11,13:20:00,98.10407
2022-02-11,13:30:00,98.08678
2022-02-11,14:30:00,92.85458
2022-02-11,14:50:00,93.86508
2022-02-11,15:00:00,96.90407
2022-02-11,16:00:00,95.87898
2022-02-11,16:30:00,88.4561
2022-02-11,17:00:00,91.46356
2022-02-11,17:50:00,92.73746
2022-02-11,18:10:00,90.37525
2022-02-11,19:00:00,94.98695
2022-02-11,19:30:00,97.02051
2022-02-11,20:00:00,95.50763
2022-02-11,20:30:00,93.65356
2022-02-11,20:40:00,95.73814
2022-02-11,21:10:00,90.40068
2022-02-11,21:30:00,93.18797
2022-02-11,21:40:00,93.80441
2022-02-11,21:50:00,93.28475
2022-02-11,22:00:00,94.65932
2022-02-11,22:10:00,96.88322
2022-02-11,22:20:00,94.28712
2022-02-11,22:30:00,90.36542
2022-02-11,23:00:00,90.50203
2022-02-12,00:00:00,91.47305
2022-02-12,00:30:00,93.22034
2022-02-12,01:00:00,94.0778
2022-02-12,01:10:00,94.09322
2022-02-12,01:20:00,95.89119
2022-02-12,01:30:00,90.68373
2022-02-12,03:00:00,92.99492
2022-02-12,04:00:00,91.47644
2022-02-12,04:10:00,97.74763
2022-02-12,05:00:00,93.98746
2022-02-12,05:30:00,92.66339
2022-02-12,05:50:00,91.10576
2022-02-12,06:00:00,88.98
2022-02-12,06:10:00,91.65458
2022-02-12,06:30:00,86.93458
2022-02-12,06:50:00,94.21559
2022-02-12,07:30:00,89.75407
2022-02-12,09:30:00,88.07203
2022-02-12,10:20:00,91.22051
2022-02-12,10:30:00,88.18119
2022-02-12,11:00:00,90.79492
2022-02-12,11:30:00,88.73305
2022-02-12,12:00:00,89.67542
2022-02-12,12:10:00,96.80508
2022-02-12,12:40:00,88.9378
2022-02-12,13:00:00,90.06712
2022-02-12,13:10:00,91.18339
2022-02-12,13:20:00,89.41051
2022-02-12,15:00:00,89.71814
2022-02-12,15:30:00,91.32915
2022-02-12,15:50:00,89.21153
2022-02-12,16:00:00,90.40186
2022-02-12,16:40:00,97.0639
2022-02-12,17:30:00,92.23051
2022-02-12,17:40:00,92.53915
2022-02-12,18:00:00,89.16695
2022-02-12,19:00:00,92.38356
2022-02-12,20:00:00,94.62915
2022-02-12,20:30:00,93.04475
2022-02-12,21:00:00,94.23898
2022-02-12,21:10:00,92.55169
2022-02-12,22:30:00,93.75288
2022-02-12,23:00:00,93.51492
2022-02-12,23:50:00,91.32017
2022-02-13,00:00:00,91.80339
2022-02-13,00:21:00,88.9222
2022-02-13,01:30:00,94.58305
2022-02-13,02:00:00,88.86153
2022-02-13,02:10:00,91.38915
2022-02-13,02:40:00,91.32186
2022-02-13,03:30:00,86.61797
2022-02-13,03:40:00,90.57831
2022-02-13,04:20:00,85.40763
2022-02-13,05:00:00,92.17559
2022-02-13,05:30:00,93.12966
2022-02-13,05:50:00,90.90881
2022-02-13,06:30:00,90.83424
2022-02-13,07:30:00,92.80559
2022-02-13,08:00:00,91.24441
2022-02-13,09:00:00,91.84203
2022-02-13,09:30:00,88.14169
2022-02-13,09:40:00,91.04915
2022-02-13,10:30:00,90.75373
2022-02-13,11:20:00,89.80373
2022-02-13,11:30:00,91.40678
2022-02-13,12:00:00,87.36983
2022-02-13,12:20:00,89.02576
2022-02-13,13:50:00,87.87356
2022-02-13,14:20:00,91.62661
2022-02-13,14:30:00,94.91034
2022-02-13,14:40:00,89.46881
2022-02-13,15:00:00,91.72288
2022-02-13,15:30:00,96.38661
2022-02-13,16:00:00,90.57119
2022-02-13,17:00:00,93.68136
2022-02-13,17:20:00,92.52814
2022-02-13,17:50:00,91.07051
2022-02-13,18:20:00,88.01034
2022-02-13,18:30:00,90.06102
2022-02-13,18:40:00,90.23492
2022-02-13,19:00:00,88.76051
2022-02-13,19:10:00,88.04525
2022-02-13,19:30:00,92.70644
2022-02-13,19:40:00,90.30559
2022-02-13,19:50:00,93.39475
2022-02-13,20:20:00,94.52542
2022-02-13,20:30:00,92.4322
2022-02-13,21:00:00,94.4139
2022-02-13,21:10:00,91.23542
2022-02-13,21:20:00,90.10525
2022-02-13,21:40:00,90.98797
2022-02-13,21:50:00,93.08949
2022-02-13,23:00:00,95.11322
2022-02-13,23:30:00,88.89254
2022-02-14,00:00:00,91.22508
2022-02-14,00:30:00,90.71881
2022-02-14,01:00:00,88.19847
2022-02-14,01:10:00,92.27322
2022-02-14,03:00:00,93.45424
2022-02-14,03:20:00,86.13
2022-02-14,03:30:00,89.11169
2022-02-14,04:00:00,91.07254
2022-02-14,04:10:00,90.61881
2022-02-14,04:30:00,92.92966
2022-02-14,08:00:00,93.0961
2022-02-14,08:10:00,91.22644
2022-02-14,08:20:00,93.23017
2022-02-14,08:30:00,93.73475
2022-02-14,09:00:00,97.54102
2022-02-14,09:20:00,94.60559
2022-02-14,09:30:00,89.86881
2022-02-14,10:00:00,92.79237
2022-02-14,10:20:00,94.16949
2022-02-14,10:30:00,98.06508
2022-02-14,11:00:00,92.87305
2022-02-14,11:50:00,94.36458
2022-02-14,12:00:00,92.50915
2022-02-14,12:30:00,93.06271
2022-02-14,13:00:00,95.83322
2022-02-14,13:10:00,92.52237
2022-02-14,13:30:00,96.55695
2022-02-14,13:50:00,95.96153
2022-02-14,14:00:00,97.27593
2022-02-14,14:10:00,91.7578
2022-02-14,14:30:00,94.87593
2022-02-14,14:40:00,94.79136
2022-02-14,16:50:00,89.54695
2022-02-14,17:20:00,93.50203
2022-02-14,17:30:00,93.69881
2022-02-14,17:40:00,91.53661
2022-02-14,18:50:00,91.56373
2022-02-14,19:30:00,92.33254
2022-02-14,19:40:00,90.73898
2022-02-14,20:10:00,88.08441
2022-02-14,20:30:00,97.51983
2022-02-14,21:00:00,94.6478
2022-02-14,21:10:00,94.37102
2022-02-14,21:20:00,95.49847
2022-02-14,21:30:00,95.89915
2022-02-14,22:40:00,91.80475
2022-02-14,22:50:00,94.34729
2022-02-14,23:00:00,95.35797
2022-02-14,23:20:00,92.90881
2022-02-15,00:00:00,94.12169
2022-02-15,00:20:00,93.66322
2022-02-15,00:30:00,92.67441
2022-02-15,01:00:00,89.1139
2022-02-15,01:10:00,97.01797
2022-02-15,02:00:00,93.73983
2022-02-15,02:50:00,90.96525
2022-02-15,03:00:00,91.4739
2022-02-15,03:20:00,94.42661
2022-02-15,03:30:00,96.11695
2022-02-15,03:50:00,99.05305
2022-02-15,04:10:00,92.8478
2022-02-15,04:20:00,101.2324
2022-02-15,04:30:00,95.86678
2022-02-15,05:00:00,92.01339
2022-02-15,05:30:00,96.61814
2022-02-15,06:30:00,100.0415
2022-02-15,06:50:00,95.61661
2022-02-15,07:00:00,97.57847
2022-02-15,07:30:00,97.3422
2022-02-15,07:50:00,98.41305
2022-02-15,08:00:00,97.20814
2022-02-15,09:00:00,95.69169
2022-02-15,10:10:00,92.60949
2022-02-15,10:28:00,91.75704
2022-02-15,10:38:00,95.61983
2022-02-15,10:48:00,94.56102
2022-02-15,11:08:00,91.7139
2022-02-15,11:18:00,97.59203
2022-02-15,11:38:00,101.3393
2022-02-15,11:48:00,96.58492
2022-02-15,12:08:00,97.23814
2022-02-15,12:58:00,94.40644
2022-02-15,13:08:00,93.73407
2022-02-15,13:18:00,89.98763
2022-02-15,13:28:00,93.18847
2022-02-15,14:08:00,96.2422
2022-02-15,14:18:00,94.88254
2022-02-15,14:28:00,96.80983
2022-02-15,14:38:00,95.1461
2022-02-15,14:48:00,95.03864
2022-02-15,14:58:00,95.52414
2022-02-15,15:08:00,93.27593
2022-02-15,15:18:00,92.45712
2022-02-15,15:48:00,90.60068
2022-02-15,16:08:00,97.61763
2022-02-15,16:18:00,98.16763
2022-02-15,17:08:00,93.02424
2022-02-15,17:18:00,93.18525
2022-02-15,17:28:00,91.08864
2022-02-15,17:38:00,91.39136
2022-02-15,18:18:00,92.42644
2022-02-15,18:38:00,90.23525
2022-02-15,18:48:00,88.26288
2022-02-15,18:58:00,95.1822
2022-02-15,19:38:00,99.07136
2022-02-15,20:08:00,91.65424
2022-02-15,20:18:00,94.56102
2022-02-15,20:48:00,98.19424
2022-02-15,21:08:00,98.42627
2022-02-15,21:18:00,94.54237
2022-02-15,22:38:00,92.44559
2022-02-15,23:08:00,96.12729
2022-02-15,23:38:00,95.22966
2022-02-15,23:58:00,92.00373
2022-02-16,00:08:00,95.52831
2022-02-16,00:48:00,92.34068
2022-02-16,00:58:00,93.84339
2022-02-16,01:18:00,90.76898
2022-02-16,01:28:00,92.06915
2022-02-16,01:48:00,96.63492
2022-02-16,02:08:00,99.61136
2022-02-16,02:18:00,92.15542
2022-02-16,02:38:00,96.85644
2022-02-16,02:48:00,92.19915
2022-02-16,03:08:00,96.75661
2022-02-16,03:38:00,98.52814
2022-02-16,04:28:00,98.25949
2022-02-16,04:38:00,94.88983
2022-02-16,05:08:00,95.46983
2022-02-16,05:28:00,95.78458
2022-02-16,05:38:00,94.71729
2022-02-16,06:08:00,96.24034
2022-02-16,06:53:00,94.87576
2022-02-16,07:13:00,92.75712
2022-02-16,08:03:00,95.41508
2022-02-16,08:13:00,98.20881
2022-02-16,08:23:00,92.92017
2022-02-16,08:33:00,100.4054
2022-02-16,08:53:00,99.80763
2022-02-16,09:03:00,97.34475
2022-02-16,09:13:00,93.67864
2022-02-16,09:23:00,94.63288
2022-02-16,09:53:00,93.24102
2022-02-16,10:03:00,100.2778
2022-02-16,10:13:00,96.95492
2022-02-16,10:43:00,95.05983
2022-02-16,10:53:00,94.95949
2022-02-16,11:13:00,95.02746
2022-02-16,11:23:00,95.22051
2022-02-16,11:43:00,93.51085
2022-02-16,11:53:00,93.80729
2022-02-16,13:03:00,97.28678
2022-02-16,13:43:00,95.55339
2022-02-16,13:53:00,96.49678
2022-02-16,14:03:00,97.34017
2022-02-16,14:23:00,96.90814
2022-02-16,14:43:00,96.99847
2022-02-16,14:53:00,97.56373
2022-02-16,15:13:00,99.36864
2022-02-16,15:23:00,97.11153
2022-02-16,16:53:00,93.48102
2022-02-16,17:03:00,99.31729
2022-02-16,17:23:00,96.44644
2022-02-16,17:43:00,97.51051
2022-02-16,18:33:00,93.49712
2022-02-16,18:43:00,91.44932
2022-02-16,18:53:00,95.15966
2022-02-16,19:33:00,94.40492
2022-02-16,19:43:00,92.74898
2022-02-16,19:53:00,99.54881
2022-02-16,20:13:00,95.10017
2022-02-16,20:43:00,95.64831
2022-02-16,20:53:00,94.53034
2022-02-16,21:13:00,96.21068
2022-02-16,22:13:00,98.03153
2022-02-16,22:33:00,97.9139
2022-02-16,23:03:00,97.03525
2022-02-16,23:13:00,97.50424
2022-02-16,23:23:00,94.80831
2022-02-16,23:43:00,93.72627
2022-02-17,00:43:00,93.31254
2022-02-17,01:03:00,91.63288
2022-02-17,01:13:00,95.73559
2022-02-17,01:23:00,95.83879
2022-02-17,02:23:00,93.76949
2022-02-17,02:33:00,93.30508
2022-02-17,02:43:00,97.68814
2022-02-17,02:53:00,91.11576
2022-02-17,03:03:00,95.70797
2022-02-17,03:13:00,93.47966
2022-02-17,03:33:00,97.00678
2022-02-17,03:43:00,95.23322
2022-02-17,04:43:00,98.11237
2022-02-17,04:53:00,92.41746
2022-02-17,07:03:00,95.04949
2022-02-17,07:13:00,95.98949
2022-02-17,07:23:00,94.92542
2022-02-17,07:33:00,98.47322
2022-02-17,07:43:00,94.85407
2022-02-17,08:23:00,97.36458
2022-02-17,08:43:00,97.24559
2022-02-17,08:53:00,96.04746
2022-02-17,09:13:00,94.8539
2022-02-17,09:23:00,96.53831
2022-02-17,09:53:00,96.61034
2022-02-17,10:43:00,94.05576
2022-02-17,11:33:00,96.45915
2022-02-17,11:43:00,104.1966
2022-02-17,11:53:00,96.06814
2022-02-17,12:03:00,94.55169
2022-02-17,12:13:00,96.15034
2022-02-17,12:33:00,96.66424
2022-02-17,12:53:00,97.79576
2022-02-17,13:23:00,92.04153
2022-02-17,14:13:00,99.11966
2022-02-17,14:53:00,94.97831
2022-02-17,15:03:00,97.51814
2022-02-17,15:53:00,97.30932
2022-02-17,16:03:00,96.76424
2022-02-17,16:13:00,93.38034
2022-02-17,16:23:00,95.96034
2022-02-17,17:43:00,99.31136
2022-02-17,18:23:00,98.23407
2022-02-17,18:33:00,97.25678
2022-02-17,18:43:00,90.90949
2022-02-17,18:53:00,92.46153
2022-02-17,21:13:00,95.81153
2022-02-17,21:33:00,98.19932
2022-02-17,21:53:00,91.98407
2022-02-17,22:03:00,91.85797
2022-02-17,22:13:00,92.82102
2022-02-17,22:43:00,96.67525
2022-02-17,23:23:00,95.23763
2022-02-18,00:23:00,92.2878
2022-02-18,01:03:00,92.55966
2022-02-18,01:33:00,97.70542
2022-02-18,02:23:00,96.69847
2022-02-18,02:33:00,91.55983
2022-02-18,02:43:00,94.02322
2022-02-18,02:53:00,93.71017
2022-02-18,03:13:00,94.65305
2022-02-18,03:23:00,99.96373
2022-02-18,03:33:00,92.95678
2022-02-18,03:43:00,94.19814
2022-02-18,04:13:00,95.10254
2022-02-18,04:43:00,94.25424
2022-02-18,05:13:00,97.04746
2022-02-18,06:13:00,94.22881
2022-02-18,06:23:00,97.27
2022-02-18,06:53:00,90.79492
2022-02-18,07:13:00,93.32763
2022-02-18,07:23:00,91.82525
2022-02-18,07:33:00,95.79
2022-02-18,08:13:00,94.02136
2022-02-18,08:23:00,92.26814
2022-02-18,08:33:00,92.94729
2022-02-18,08:43:00,91.34712
2022-02-18,08:53:00,91.06864
2022-02-18,09:03:00,96.09508
2022-02-18,09:23:00,89.46356
2022-02-18,10:23:00,94.76237
2022-02-18,11:23:00,94.83186
2022-02-18,11:33:00,88.52983
2022-02-18,11:53:00,90.1839
2022-02-18,13:43:00,94.16136
2022-02-18,14:23:00,94.95898
2022-02-18,14:53:00,92.20932
2022-02-18,15:23:00,93.88356
2022-02-18,15:33:00,94.33915
2022-02-18,16:13:00,92.97898
2022-02-18,16:23:00,91.91407
2022-02-18,16:43:00,93.26864
2022-02-18,17:13:00,94.62763
2022-02-18,17:53:00,88.95
2022-02-18,18:13:00,98.55508
2022-02-18,19:23:00,94.94644
2022-02-18,19:43:00,91.20695
2022-02-18,19:53:00,93.18712
2022-02-18,20:13:00,95.4278
2022-02-18,20:23:00,90.58407
2022-02-18,21:13:00,94.81441
2022-02-18,21:23:00,94.06339
2022-02-18,21:33:00,91.72525
2022-02-18,23:23:00,95.92271
2022-02-18,23:53:00,92.94898
2022-02-19,00:13:00,94.00864
2022-02-19,00:23:00,93.26424
2022-02-19,00:33:00,89.79881
2022-02-19,00:43:00,92.63254
2022-02-19,00:53:00,89.87458
2022-02-19,01:43:00,99.56373
2022-02-19,02:03:00,97.14949
2022-02-19,02:23:00,89.32695
2022-02-19,02:53:00,90.65746
2022-02-19,03:13:00,93.06847
2022-02-19,03:23:00,91.18339
2022-02-19,03:33:00,93.40203
2022-02-19,04:23:00,92.63034
2022-02-19,04:33:00,91.74017
2022-02-19,04:43:00,93.01949
2022-02-19,05:03:00,95.78932
2022-02-19,05:23:00,93.29322
2022-02-19,05:33:00,94.91328
2022-02-19,05:43:00,94.48932
2022-02-19,05:53:00,99.01729
2022-02-19,06:03:00,94.92525
2022-02-19,06:13:00,96.07576
2022-02-19,06:23:00,94.44966
2022-02-19,06:43:00,90.91051
2022-02-19,06:53:00,96.10186
2022-02-19,07:23:00,95.01102
2022-02-19,07:33:00,91.07763
2022-02-19,08:13:00,91.4561
2022-02-19,09:03:00,92.99017
2022-02-19,09:53:00,92.01254
2022-02-19,10:03:00,88.64
2022-02-19,10:43:00,94.16915
2022-02-19,10:53:00,92.94949
2022-02-19,11:13:00,96.40186
2022-02-19,11:33:00,91.45763
2022-02-19,12:03:00,92.73915
2022-02-19,12:13:00,91.08153
2022-02-19,12:33:00,92.48305
2022-02-19,12:53:00,88.14203
2022-02-19,13:43:00,92.57492
2022-02-19,13:53:00,93.32034
2022-02-19,14:33:00,92.56407
2022-02-19,14:43:00,93.29695
2022-02-19,14:53:00,95.56644
2022-02-19,15:43:00,92.94203
2022-02-19,15:53:00,96.19678
2022-02-19,16:23:00,88.88085
2022-02-19,16:43:00,93.88271
2022-02-19,16:53:00,96.33407
2022-02-19,17:23:00,96.09153
2022-02-19,17:43:00,93.34322
2022-02-19,18:53:00,95.50508
2022-02-19,19:33:00,90.4839
2022-02-19,19:43:00,90.42915
2022-02-19,19:53:00,87.23186
2022-02-19,20:33:00,94.11288
2022-02-19,21:03:00,92.51068
2022-02-19,21:13:00,94.15983
2022-02-19,21:23:00,95.46576
2022-02-19,21:53:00,92.11356
2022-02-19,22:13:00,88.54288
2022-02-19,22:23:00,95.64441
2022-02-19,22:53:00,91.47271
2022-02-19,23:33:00,93.86525
2022-02-19,23:43:00,93.12102
2022-02-20,00:23:00,88.4078
2022-02-20,00:33:00,92.73271
2022-02-20,00:43:00,91.08305
2022-02-20,00:53:00,95.01356
2022-02-20,01:13:00,94.88932
2022-02-20,02:33:00,92.10339
2022-02-20,03:43:00,96.89542
2022-02-20,04:53:00,93.8378
2022-02-20,05:13:00,92.01271
2022-02-20,05:23:00,90.39068
2022-02-20,05:43:00,98.07915
2022-02-20,06:13:00,92.72763
2022-02-20,06:23:00,95.16169
2022-02-20,06:53:00,93.28356
2022-02-20,07:43:00,91.9922
2022-02-20,07:53:00,91.14458
2022-02-20,08:13:00,92.97339
2022-02-20,08:33:00,96.13983
2022-02-20,08:43:00,93.14678
2022-02-20,08:53:00,92.84068
2022-02-20,09:43:00,90.73169
2022-02-20,09:53:00,96.70729
2022-02-20,10:03:00,91.87458
2022-02-20,10:53:00,92.23051
2022-02-20,11:23:00,93.54424
2022-02-20,11:43:00,96.31508
2022-02-20,12:03:00,98.27712
2022-02-20,12:43:00,95.15271
2022-02-20,12:53:00,91.36898
2022-02-20,13:23:00,95.42983
2022-02-20,13:43:00,90.17983
2022-02-20,14:53:00,95.43034
2022-02-20,15:33:00,94.66356
2022-02-20,15:43:00,94.1
2022-02-20,15:53:00,89.6939
2022-02-20,16:13:00,90.49458
2022-02-20,16:23:00,98.05746
2022-02-20,16:43:00,93.70712
2022-02-20,16:53:00,90.81797
2022-02-20,17:43:00,95.33881
2022-02-20,19:03:00,90.4161
2022-02-20,19:13:00,91.08305
2022-02-20,19:23:00,91.84661
2022-02-20,19:53:00,94.99322
2022-02-20,20:53:00,98.27881
2022-02-20,22:43:00,94.82644
2022-02-20,22:53:00,96.59542
2022-02-20,23:13:00,93.67593
2022-02-20,23:23:00,90.94322
2022-02-20,23:33:00,94.53864
2022-02-21,00:13:00,91.86424
2022-02-21,00:23:00,91.07373
2022-02-21,01:03:00,98.67237
2022-02-21,01:13:00,94.12966
2022-02-21,01:23:00,96.8739
2022-02-21,02:13:00,93.81881
2022-02-21,02:43:00,96.23831
2022-02-21,04:53:00,92.32508
2022-02-21,05:13:00,93.66407
2022-02-21,05:33:00,92.43864
2022-02-21,05:53:00,95.49508
2022-02-21,06:03:00,92.36763
2022-02-21,06:43:00,94.69373
2022-02-21,07:03:00,95.24424
2022-02-21,08:03:00,92.53339
2022-02-21,08:23:00,95.69932
2022-02-21,09:13:00,98.67356
2022-02-21,10:13:00,93.92017
2022-02-21,10:43:00,95.78441
2022-02-21,11:23:00,94.29729
2022-02-21,11:33:00,96.01305
2022-02-21,11:53:00,96.67203
2022-02-21,12:13:00,91.60644
2022-02-21,12:23:00,96.32017
2022-02-21,13:13:00,94.73644
2022-02-21,13:43:00,99.79746
2022-02-21,14:03:00,95.09729
2022-02-21,14:13:00,97.79407
2022-02-21,15:03:00,95.35271
2022-02-21,15:13:00,98.68339
2022-02-21,15:43:00,97.07644
2022-02-21,15:53:00,93.40712
2022-02-21,16:13:00,101.9242
2022-02-21,16:23:00,106.4586
2022-02-21,16:33:00,107.0378
2022-02-21,16:43:00,100.0881
2022-02-21,17:13:00,102.058
2022-02-21,17:33:00,95.35017
2022-02-21,18:03:00,102.149
2022-02-21,18:13:00,95.65864
2022-02-21,19:03:00,102.3324
2022-02-21,19:53:00,99.37051
2022-02-21,20:13:00,91.87695
2022-02-21,20:23:00,95.58559
2022-02-21,20:43:00,98.67661
2022-02-21,21:13:00,93.20729
2022-02-21,21:43:00,91.91339
2022-02-21,22:03:00,94.28305
2022-02-21,22:23:00,93.51525
2022-02-21,22:33:00,98.63678
2022-02-21,23:13:00,93.58424
2022-02-21,23:23:00,94.70068
2022-02-22,00:00:00,0
2022-02-22,00:23:00,92.45458
2022-02-22,01:13:00,93.62186
2022-02-22,02:13:00,97.10051
2022-02-22,02:53:00,96.63322
2022-02-22,03:13:00,88.9239
2022-02-22,03:23:00,89.27373
2022-02-22,03:43:00,95.77271
2022-02-22,03:53:00,97.93915
2022-02-22,04:13:00,95.63814
2022-02-22,04:23:00,93.40203
2022-02-22,05:13:00,95.11034
2022-02-22,05:43:00,94.22831
2022-02-22,06:03:00,91.91492
2022-02-22,08:43:00,94.0922
2022-02-22,08:53:00,95.16746
2022-02-22,09:03:00,93.97356
2022-02-22,09:13:00,94.81407
2022-02-22,09:33:00,92.42661
2022-02-22,10:13:00,93.21203
2022-02-22,10:23:00,94.24881
2022-02-22,10:33:00,93.12136
2022-02-22,10:43:00,94.33712
2022-02-22,10:53:00,94.92254
2022-02-22,11:43:00,90.33051
2022-02-22,11:53:00,92.85814
2022-02-22,12:43:00,96.06136
2022-02-22,12:53:00,91.46661
2022-02-22,13:03:00,92.74525
2022-02-22,13:23:00,90.81136
2022-02-22,13:33:00,95.87678
2022-02-22,14:03:00,94.15949
2022-02-22,14:43:00,92.60339
2022-02-22,15:33:00,93.99542
2022-02-22,17:13:00,96.91881
2022-02-22,17:33:00,93.93237
2022-02-22,17:53:00,93.43915
2022-02-22,18:03:00,94.00017
2022-02-22,18:23:00,94.27695
2022-02-22,18:33:00,95.39237
2022-02-22,19:43:00,94.23458
2022-02-22,20:13:00,93.0778
2022-02-22,20:23:00,91.86644
2022-02-22,20:33:00,93.00458
2022-02-22,21:33:00,90.91153
2022-02-22,21:53:00,92.26
2022-02-22,22:13:00,90.00373
2022-02-22,23:33:00,93.9639
2022-02-22,23:43:00,93.54898
2022-02-22,23:53:00,98.30458
2022-02-23,01:03:00,95.35458
2022-02-23,01:13:00,91.00017
2022-02-23,01:53:00,90.15034
2022-02-23,02:13:00,88.76017
2022-02-23,02:23:00,92.59593
2022-02-23,03:13:00,93.50525
2022-02-23,03:23:00,94.63847
2022-02-23,03:43:00,92.92458
2022-02-23,03:53:00,93.84559
2022-02-23,04:13:00,91.22898
2022-02-23,04:33:00,93.39678
2022-02-23,04:53:00,93.31712
2022-02-23,05:23:00,92.89864
2022-02-23,05:43:00,94.93
2022-02-23,06:33:00,94.76983
2022-02-23,06:53:00,90.51186
2022-02-23,07:03:00,96.79034
2022-02-23,07:43:00,94.33949
2022-02-23,08:23:00,92.4522
2022-02-23,08:33:00,94.83085
2022-02-23,09:03:00,92.86271
2022-02-23,09:13:00,92.94525
2022-02-23,09:23:00,95.46627
2022-02-23,10:13:00,94.40763
2022-02-23,11:03:00,98.82203
2022-02-23,11:13:00,95.11695
2022-02-23,11:53:00,99.56475
2022-02-23,12:03:00,100.1154
2022-02-23,12:23:00,97.39707
2022-02-23,12:43:00,97.49305
2022-02-23,13:03:00,99.26085
2022-02-23,13:43:00,95.68085
2022-02-23,14:03:00,97.66932
2022-02-23,14:53:00,96.85271
2022-02-23,16:43:00,94.33068
2022-02-23,16:53:00,91.81441
2022-02-23,17:13:00,93.36932
2022-02-23,17:23:00,92.36881
2022-02-23,17:33:00,92.09712
2022-02-23,17:43:00,90.36458
2022-02-23,18:13:00,89.91678
2022-02-23,18:23:00,87.20864
2022-02-23,20:03:00,89.63593
2022-02-23,20:43:00,89.94678
2022-02-23,21:13:00,94.46051
2022-02-23,22:23:00,95.39881
2022-02-23,23:23:00,88.56034
2022-02-24,00:03:00,88.63847
2022-02-24,01:43:00,94.67763
2022-02-24,02:43:00,90.61169
2022-02-24,02:53:00,91.47949
2022-02-24,04:13:00,92.29322
2022-02-24,04:43:00,95.68034
2022-02-24,04:53:00,91.25983
2022-02-24,06:13:00,90.71983
2022-02-24,08:23:00,97.08661
2022-02-24,08:43:00,90.1861
2022-02-24,09:03:00,90.59475
2022-02-24,09:23:00,93.81712
2022-02-24,10:03:00,92.93186
2022-02-24,10:13:00,92.44254
2022-02-24,10:23:00,91.25797
2022-02-24,10:43:00,93.8161
2022-02-24,10:53:00,93.02627
2022-02-24,11:43:00,88.18508
2022-02-24,12:03:00,85.58017
2022-02-24,13:13:00,93.31831
2022-02-24,13:23:00,91.94983
2022-02-24,13:43:00,92.05169
2022-02-24,14:03:00,94.93136
2022-02-24,14:13:00,93.22814
2022-02-24,14:23:00,90.66169
2022-02-24,14:53:00,91.45932
2022-02-24,15:03:00,89.76525
2022-02-24,15:23:00,93.13797
2022-02-24,15:33:00,91.66559
2022-02-24,16:03:00,92.29831
2022-02-24,16:13:00,87.94
2022-02-24,17:53:00,90.85949
2022-02-24,18:03:00,93.42441
2022-02-24,19:43:00,92.41831
2022-02-24,19:53:00,86.05254
2022-02-24,20:03:00,90.48339
2022-02-24,21:23:00,90.77153
2022-02-24,21:33:00,90.78814
2022-02-24,22:43:00,91.82559
2022-02-24,23:33:00,92.7661
2022-02-25,01:03:00,92.53797
2022-02-25,01:13:00,91.45881
2022-02-25,01:33:00,93.9478
2022-02-25,02:23:00,90.81288
2022-02-25,02:43:00,96.15203
2022-02-25,03:03:00,97.46983
2022-02-25,03:13:00,90.67763
2022-02-25,03:43:00,86.81525
2022-02-25,03:53:00,93.74712
2022-02-25,04:23:00,91.24881
2022-02-25,04:33:00,91.16492
2022-02-25,04:43:00,92.99407
2022-02-25,05:03:00,92.10831
2022-02-25,05:43:00,92.27186
2022-02-25,06:13:00,91.85593
2022-02-25,06:53:00,95.39593
2022-02-25,07:43:00,94.84661
2022-02-25,07:53:00,91.18814
2022-02-25,08:03:00,90.65085
2022-02-25,08:33:00,92.57576
2022-02-25,09:13:00,93.54729
2022-02-25,09:43:00,94.36627
2022-02-25,09:53:00,91.87034
2022-02-25,10:13:00,92.39271
2022-02-25,10:43:00,92.84492
2022-02-25,11:23:00,88.4561
2022-02-25,11:43:00,93.05542
2022-02-25,12:23:00,90.96407
2022-02-25,12:53:00,95.40051
2022-02-25,14:03:00,94.53119
2022-02-25,14:23:00,97.17593
2022-02-25,15:23:00,94.30237
2022-02-25,16:33:00,93.89763
2022-02-25,17:03:00,96.03169
2022-02-25,17:13:00,93.04983
2022-02-25,17:23:00,91.52915
2022-02-25,17:53:00,90.03932
2022-02-25,18:03:00,90.41271
2022-02-25,18:33:00,89.58085
2022-02-25,19:13:00,89.46102
2022-02-25,19:23:00,89.38814
2022-02-25,20:33:00,87.5461
2022-02-25,21:13:00,87.14051
2022-02-25,22:13:00,94.75678
2022-02-25,22:43:00,95.14237
2022-02-25,23:23:00,93.97627
2022-02-26,01:13:00,89.57576
2022-02-26,01:23:00,97.78373
2022-02-26,02:53:00,89.98712
2022-02-26,03:13:00,86.82017
2022-02-26,03:23:00,89.28678
2022-02-26,04:03:00,93.74746
2022-02-26,04:13:00,92.57746
2022-02-26,04:23:00,94.11898
2022-02-26,04:53:00,90.58847
2022-02-26,05:23:00,91.1839
2022-02-26,05:53:00,91.29085
2022-02-26,06:23:00,92.29034
2022-02-26,06:43:00,92.18949
2022-02-26,08:13:00,90.64356
2022-02-26,08:23:00,91.20983
2022-02-26,08:43:00,88.07136
2022-02-26,09:43:00,99.15586
2022-02-26,10:23:00,91.55593
2022-02-26,10:43:00,93.61085
2022-02-26,10:53:00,91.62458
2022-02-26,17:03:00,90.75831
2022-02-26,17:33:00,93.45966
2022-02-26,18:03:00,87.12356
2022-02-26,19:03:00,94.93203
2022-02-26,19:13:00,88.54051
2022-02-26,19:53:00,94.82831
2022-02-26,20:13:00,90.70644
2022-02-26,20:43:00,91.17847
2022-02-26,20:53:00,93.75407
2022-02-26,22:23:00,94.08458
2022-02-26,22:33:00,90.68136
2022-02-26,22:43:00,88.53915
2022-02-27,01:03:00,96.22237
2022-02-27,01:23:00,87.69492
2022-02-27,02:23:00,94.51593
2022-02-27,02:33:00,92.39305
2022-02-27,02:43:00,92.86136
2022-02-27,03:03:00,91.48525
2022-02-27,03:13:00,90.45407
2022-02-27,03:23:00,93.3522
2022-02-27,03:43:00,92.30153
2022-02-27,03:53:00,88.90644
2022-02-27,04:03:00,90.67119
2022-02-27,04:33:00,93.14458
2022-02-27,05:13:00,92.50356
2022-02-27,05:23:00,88.12831
2022-02-27,05:33:00,91.26017
2022-02-27,05:43:00,94.19695
2022-02-27,06:23:00,94.01542
2022-02-27,06:53:00,90.13983
2022-02-27,07:43:00,89.16661
2022-02-27,07:53:00,92.12322
2022-02-27,08:03:00,91.71576
2022-02-27,08:13:00,87.83186
2022-02-27,08:23:00,89.40492
2022-02-27,09:43:00,86.70678
2022-02-27,10:23:00,89.37407
2022-02-27,10:43:00,93.11475
2022-02-27,10:53:00,94.32356
2022-02-27,11:33:00,89.16305
2022-02-27,12:13:00,91.98373
2022-02-27,12:33:00,88.25271
2022-02-27,13:23:00,90.78576
2022-02-27,14:13:00,89.05458
2022-02-27,14:23:00,89.79339
2022-02-27,14:53:00,89.62136
2022-02-27,15:23:00,88.24729
2022-02-27,15:53:00,93.33271
2022-02-27,16:13:00,93.47847
2022-02-27,16:33:00,92.2661
2022-02-27,16:43:00,85.98864
2022-02-27,16:53:00,95.06695
2022-02-27,17:03:00,90.6022
2022-02-27,17:13:00,91.58458
2022-02-27,17:23:00,88.81763
2022-02-27,17:33:00,92.27508
2022-02-27,17:43:00,91.04492
2022-02-27,17:53:00,91.21407
2022-02-27,18:13:00,94.04915
2022-02-27,18:23:00,88.74644
2022-02-27,18:53:00,88.19424
2022-02-27,19:13:00,93.80203
2022-02-27,19:33:00,90.57237
2022-02-27,20:23:00,96.50475
2022-02-27,20:53:00,87.95949
2022-02-27,21:13:00,95.57983
2022-02-27,21:23:00,94.02186
2022-02-27,21:53:00,87.34305
2022-02-27,22:03:00,88.35949
2022-02-27,23:13:00,95.49424
2022-02-27,23:23:00,95.35424
2022-02-27,23:33:00,93.83898
2022-02-27,23:53:00,92.87119
