2021-08-01,00:07:00,91.3
2021-08-01,00:17:00,94.5
2021-08-01,00:37:00,94.5
2021-08-01,00:47:00,94.4
2021-08-01,01:07:00,91.5
2021-08-01,01:17:00,92.9
2021-08-01,01:27:00,93.3
2021-08-01,01:37:00,92
2021-08-01,01:47:00,93.1
2021-08-01,01:57:00,95.4
2021-08-01,02:07:00,96.2
2021-08-01,02:17:00,93.2
2021-08-01,02:27:00,96.5
2021-08-01,02:37:00,97.4
2021-08-01,02:47:00,91.9
2021-08-01,02:57:00,92.4
2021-08-01,03:07:00,94.3
2021-08-01,03:17:00,92.2
2021-08-01,03:27:00,94.3
2021-08-01,03:37:00,96.4
2021-08-01,03:47:00,96.6
2021-08-01,03:57:00,94.6
2021-08-01,04:07:00,96.1
2021-08-01,04:17:00,99.3
2021-08-01,04:27:00,99.8
2021-08-01,04:37:00,109
2021-08-01,04:47:00,109
2021-08-01,04:57:00,108
2021-08-01,05:07:00,105
2021-08-01,05:17:00,105
2021-08-01,05:27:00,101
2021-08-01,05:47:00,96.8
2021-08-01,05:57:00,96.4
2021-08-01,06:07:00,100
2021-08-01,06:17:00,98.7
2021-08-01,06:27:00,99.1
2021-08-01,06:37:00,101
2021-08-01,06:47:00,106
2021-08-01,06:57:00,110
2021-08-01,07:07:00,106
2021-08-01,07:17:00,109
2021-08-01,07:27:00,105
2021-08-01,07:37:00,107
2021-08-01,07:47:00,105
2021-08-01,07:57:00,98.9
2021-08-01,08:07:00,105
2021-08-01,08:17:00,96.7
2021-08-01,08:27:00,98.3
2021-08-01,08:37:00,102
2021-08-01,08:47:00,98.6
2021-08-01,09:07:00,93.4
2021-08-01,09:17:00,95.4
2021-08-01,09:27:00,97
2021-08-01,09:37:00,96.4
2021-08-01,09:47:00,95.3
2021-08-01,09:57:00,94.5
2021-08-01,10:07:00,95.6
2021-08-01,10:17:00,99.5
2021-08-01,10:27:00,99.7
2021-08-01,10:47:00,101
2021-08-01,10:57:00,97.3
2021-08-01,11:07:00,97.3
2021-08-01,11:17:00,95.9
2021-08-01,11:37:00,96.3
2021-08-01,11:47:00,92.5
2021-08-01,11:57:00,93.3
2021-08-01,12:07:00,94
2021-08-01,12:17:00,96.8
2021-08-01,12:27:00,94.3
2021-08-01,12:37:00,96
2021-08-01,12:47:00,96.5
2021-08-01,12:57:00,94.3
2021-08-01,13:07:00,94
2021-08-01,13:17:00,92.6
2021-08-01,13:27:00,97.2
2021-08-01,13:37:00,93.5
2021-08-01,13:57:00,92.3
2021-08-01,14:07:00,95.5
2021-08-01,14:17:00,97.1
2021-08-01,14:37:00,91.9
2021-08-01,14:47:00,94.8
2021-08-01,14:57:00,95.8
2021-08-01,15:07:00,92.9
2021-08-01,15:17:00,102
2021-08-01,15:27:00,98
2021-08-01,15:37:00,101
2021-08-01,15:47:00,98.8
2021-08-01,15:57:00,97.1
2021-08-01,16:07:00,99.7
2021-08-01,16:27:00,97.1
2021-08-01,16:37:00,96.2
2021-08-01,16:47:00,95.2
2021-08-01,16:57:00,94.9
2021-08-01,17:07:00,97.2
2021-08-01,17:17:00,96.4
2021-08-01,17:27:00,95.8
2021-08-01,17:37:00,99.2
2021-08-01,17:47:00,95.3
2021-08-01,17:57:00,91.9
2021-08-01,18:07:00,92.6
2021-08-01,18:17:00,95.4
2021-08-01,18:27:00,95.3
2021-08-01,18:37:00,97.6
2021-08-01,18:47:00,95.3
2021-08-01,18:57:00,95.4
2021-08-01,19:07:00,96.7
2021-08-01,19:17:00,94.5
2021-08-01,19:37:00,94.9
2021-08-01,19:47:00,93.8
2021-08-01,19:57:00,93
2021-08-01,20:07:00,93.9
2021-08-01,20:17:00,91.1
2021-08-01,20:27:00,94.1
2021-08-01,20:37:00,97.5
2021-08-01,20:47:00,92.5
2021-08-01,20:57:00,97.2
2021-08-01,21:07:00,92.7
2021-08-01,21:17:00,93
2021-08-01,21:27:00,93.9
2021-08-01,21:37:00,96.3
2021-08-01,21:47:00,96.8
2021-08-01,21:57:00,94.4
2021-08-01,22:07:00,91.6
2021-08-01,22:27:00,89.5
2021-08-01,22:37:00,95.5
2021-08-01,22:47:00,95.8
2021-08-01,22:57:00,96.6
2021-08-01,23:07:00,93.7
2021-08-01,23:17:00,92.8
2021-08-01,23:27:00,95.6
2021-08-01,23:37:00,92.9
2021-08-01,23:47:00,95.6
2021-08-01,23:57:00,96.3
2021-08-02,00:07:00,93.9
2021-08-02,00:17:00,93.6
2021-08-02,00:27:00,93
2021-08-02,00:37:00,95.1
2021-08-02,00:47:00,95.5
2021-08-02,00:57:00,92.9
2021-08-02,01:07:00,94
2021-08-02,01:17:00,98.2
2021-08-02,01:27:00,92.2
2021-08-02,01:37:00,90.7
2021-08-02,01:47:00,90.2
2021-08-02,01:57:00,93.8
2021-08-02,02:07:00,92.3
2021-08-02,02:17:00,95.1
2021-08-02,02:27:00,91.8
2021-08-02,02:37:00,91.3
2021-08-02,02:57:00,94.7
2021-08-02,03:07:00,94.1
2021-08-02,03:17:00,95
2021-08-02,03:47:00,96.2
2021-08-02,03:57:00,93.8
2021-08-02,04:07:00,92.8
2021-08-02,04:17:00,91.9
2021-08-02,04:27:00,92
2021-08-02,04:37:00,91.5
2021-08-02,04:47:00,92.3
2021-08-02,04:57:00,93.1
2021-08-02,05:07:00,92
2021-08-02,05:17:00,95.3
2021-08-02,05:27:00,91.7
2021-08-02,05:37:00,91.9
2021-08-02,05:47:00,93.5
2021-08-02,06:07:00,90.8
2021-08-02,06:17:00,92.2
2021-08-02,06:27:00,93
2021-08-02,06:37:00,93
2021-08-02,06:47:00,93.6
2021-08-02,06:57:00,93.3
2021-08-02,07:07:00,94.1
2021-08-02,07:17:00,91.7
2021-08-02,07:37:00,93
2021-08-02,07:47:00,92.7
2021-08-02,07:57:00,96.1
2021-08-02,08:07:00,91.4
2021-08-02,08:17:00,93.1
2021-08-02,08:27:00,90
2021-08-02,08:37:00,93.5
2021-08-02,08:47:00,93.3
2021-08-02,09:07:00,94.8
2021-08-02,09:17:00,95.2
2021-08-02,09:37:00,91.6
2021-08-02,09:47:00,92.9
2021-08-02,09:57:00,93.2
2021-08-02,10:17:00,89.7
2021-08-02,10:27:00,93.6
2021-08-02,10:47:00,91.9
2021-08-02,10:57:00,90.8
2021-08-02,11:07:00,94
2021-08-02,11:17:00,93
2021-08-02,11:27:00,93.1
2021-08-02,11:37:00,92.5
2021-08-02,11:47:00,94.5
2021-08-02,11:57:00,92.7
2021-08-02,12:07:00,92.8
2021-08-02,12:17:00,93.8
2021-08-02,12:27:00,92.8
2021-08-02,12:37:00,93.3
2021-08-02,12:47:00,90.5
2021-08-02,13:17:00,91.2
2021-08-02,13:27:00,91.7
2021-08-02,13:37:00,92.4
2021-08-02,13:47:00,92.7
2021-08-02,13:57:00,98.8
2021-08-02,14:07:00,96.1
2021-08-02,14:17:00,91.2
2021-08-02,14:27:00,91.1
2021-08-02,14:37:00,91.2
2021-08-02,14:47:00,93.8
2021-08-02,14:57:00,92
2021-08-02,15:07:00,90.1
2021-08-02,15:17:00,93.4
2021-08-02,15:27:00,92.7
2021-08-02,15:37:00,89.4
2021-08-02,15:47:00,89.2
2021-08-02,16:07:00,93.1
2021-08-02,16:17:00,93.3
2021-08-02,16:27:00,93.6
2021-08-02,16:37:00,89.9
2021-08-02,16:47:00,89.5
2021-08-02,16:57:00,93.4
2021-08-02,17:07:00,92
2021-08-02,17:17:00,90.9
2021-08-02,17:27:00,93.8
2021-08-02,17:37:00,93.6
2021-08-02,17:47:00,92.5
2021-08-02,17:57:00,92.2
2021-08-02,18:07:00,92.3
2021-08-02,18:17:00,92.9
2021-08-02,18:27:00,94.5
2021-08-02,18:37:00,91.2
2021-08-02,18:47:00,94.3
2021-08-02,18:57:00,93.3
2021-08-02,19:07:00,91
2021-08-02,19:17:00,91
2021-08-02,19:27:00,90.7
2021-08-02,19:37:00,91.4
2021-08-02,19:47:00,90.9
2021-08-02,19:57:00,88.3
2021-08-02,20:07:00,92.8
2021-08-02,20:17:00,92
2021-08-02,20:27:00,92.3
2021-08-02,20:37:00,90.4
2021-08-02,20:57:00,93.8
2021-08-02,21:17:00,92.3
2021-08-02,21:27:00,90.7
2021-08-02,21:37:00,92.5
2021-08-02,21:47:00,89.2
2021-08-02,21:57:00,96.6
2021-08-02,22:07:00,90.7
2021-08-02,22:17:00,92.3
2021-08-02,22:27:00,89.2
2021-08-02,22:37:00,94.7
2021-08-02,22:47:00,93.4
2021-08-02,22:57:00,92.6
2021-08-02,23:07:00,88.3
2021-08-02,23:17:00,88.4
2021-08-02,23:27:00,92.3
2021-08-02,23:37:00,92.4
2021-08-02,23:47:00,93.2
2021-08-02,23:57:00,93.3
2021-08-03,00:07:00,94.9
2021-08-03,00:17:00,96.8
2021-08-03,00:27:00,92.3
2021-08-03,00:37:00,93
2021-08-03,00:47:00,92.8
2021-08-03,00:57:00,90.7
2021-08-03,01:07:00,93.9
2021-08-03,01:27:00,92.2
2021-08-03,01:37:00,91.4
2021-08-03,01:47:00,95.2
2021-08-03,01:57:00,92.8
2021-08-03,02:17:00,93.5
2021-08-03,02:27:00,90.2
2021-08-03,02:47:00,95.9
2021-08-03,02:57:00,88.8
2021-08-03,03:07:00,93.3
2021-08-03,03:17:00,89.4
2021-08-03,03:27:00,94.9
2021-08-03,03:37:00,94.6
2021-08-03,03:47:00,93
2021-08-03,03:57:00,91.6
2021-08-03,04:07:00,91.8
2021-08-03,04:17:00,93.5
2021-08-03,04:27:00,89.2
2021-08-03,04:37:00,90.6
2021-08-03,04:47:00,88.8
2021-08-03,04:57:00,91.6
2021-08-03,05:07:00,93.5
2021-08-03,05:17:00,94.4
2021-08-03,05:27:00,92.1
2021-08-03,05:37:00,95.5
2021-08-03,05:47:00,94.6
2021-08-03,05:57:00,94.5
2021-08-03,06:07:00,91.4
2021-08-03,06:17:00,93.6
2021-08-03,06:27:00,91.5
2021-08-03,06:37:00,92.4
2021-08-03,07:07:00,94.2
2021-08-03,07:17:00,93.8
2021-08-03,07:27:00,89.1
2021-08-03,07:37:00,93
2021-08-03,07:47:00,93.2
2021-08-03,07:57:00,92.3
2021-08-03,08:07:00,95.9
2021-08-03,08:17:00,93.5
2021-08-03,08:27:00,94
2021-08-03,08:37:00,89.5
2021-08-03,08:47:00,92.7
2021-08-03,08:57:00,93.2
2021-08-03,09:07:00,91.1
2021-08-03,09:17:00,92.2
2021-08-03,09:27:00,92.4
2021-08-03,09:37:00,92
2021-08-03,09:47:00,91.6
2021-08-03,09:57:00,90.5
2021-08-03,10:07:00,90.5
2021-08-03,10:17:00,91.5
2021-08-03,10:27:00,92.2
2021-08-03,10:37:00,94.1
2021-08-03,10:47:00,95.9
2021-08-03,10:57:00,94.7
2021-08-03,11:07:00,94.2
2021-08-03,11:17:00,94.1
2021-08-03,11:27:00,94.8
2021-08-03,11:37:00,95.2
2021-08-03,11:57:00,91.2
2021-08-03,12:07:00,91.1
2021-08-03,12:17:00,93.5
2021-08-03,12:27:00,94
2021-08-03,12:37:00,91.8
2021-08-03,12:47:00,91.1
2021-08-03,12:57:00,94.5
2021-08-03,13:07:00,91.8
2021-08-03,13:17:00,92.5
2021-08-03,13:27:00,92.9
2021-08-03,13:37:00,95.5
2021-08-03,13:47:00,91.8
2021-08-03,13:57:00,91.7
2021-08-03,14:07:00,91.2
2021-08-03,14:17:00,93.6
2021-08-03,14:27:00,95.3
2021-08-03,14:37:00,92.1
2021-08-03,14:47:00,92.6
2021-08-03,14:57:00,90.1
2021-08-03,15:07:00,91
2021-08-03,15:17:00,90.1
2021-08-03,15:27:00,90.2
2021-08-03,15:37:00,92.3
2021-08-03,15:47:00,91.4
2021-08-03,15:57:00,93
2021-08-03,16:27:00,92.1
2021-08-03,16:37:00,93.1
2021-08-03,16:47:00,93.7
2021-08-03,16:57:00,92.3
2021-08-03,17:17:00,94
2021-08-03,17:27:00,89.1
2021-08-03,17:37:00,93.4
2021-08-03,17:57:00,91.5
2021-08-03,18:07:00,91.2
2021-08-03,18:17:00,95.4
2021-08-03,18:27:00,94.7
2021-08-03,18:37:00,91.9
2021-08-03,18:47:00,89.5
2021-08-03,18:57:00,93.9
2021-08-03,19:07:00,93.4
2021-08-03,19:17:00,97.5
2021-08-03,19:27:00,91.3
2021-08-03,19:37:00,93.7
2021-08-03,19:47:00,93.7
2021-08-03,19:57:00,91.7
2021-08-03,20:07:00,94.2
2021-08-03,20:17:00,93
2021-08-03,20:27:00,93.2
2021-08-03,20:37:00,92.5
2021-08-03,20:47:00,92.6
2021-08-03,20:57:00,89.2
2021-08-03,21:07:00,93.7
2021-08-03,21:17:00,94.1
2021-08-03,21:27:00,94
2021-08-03,21:37:00,92.3
2021-08-03,21:57:00,91.1
2021-08-03,22:07:00,93.6
2021-08-03,22:27:00,93.8
2021-08-03,22:37:00,92.5
2021-08-03,22:47:00,93
2021-08-03,22:57:00,91
2021-08-03,23:07:00,91.8
2021-08-03,23:17:00,91.7
2021-08-03,23:27:00,89.9
2021-08-03,23:37:00,96.2
2021-08-03,23:47:00,94.3
2021-08-03,23:57:00,91.6
2021-08-04,00:07:00,91.8
2021-08-04,00:27:00,94.5
2021-08-04,00:37:00,95.8
2021-08-04,00:47:00,92.9
2021-08-04,01:07:00,94.8
2021-08-04,01:17:00,96.5
2021-08-04,01:27:00,91.1
2021-08-04,01:37:00,93.6
2021-08-04,01:47:00,89.5
2021-08-04,01:57:00,95.7
2021-08-04,02:07:00,91
2021-08-04,02:17:00,92
2021-08-04,02:27:00,92.5
2021-08-04,02:37:00,93.6
2021-08-04,02:47:00,95.5
2021-08-04,02:57:00,94.3
2021-08-04,03:07:00,94.9
2021-08-04,03:17:00,96.3
2021-08-04,03:27:00,97.5
2021-08-04,03:37:00,90.5
2021-08-04,03:47:00,97.9
2021-08-04,03:57:00,94.3
2021-08-04,04:07:00,93.2
2021-08-04,04:17:00,96.4
2021-08-04,04:27:00,93.8
2021-08-04,04:37:00,95.6
2021-08-04,04:47:00,93
2021-08-04,04:57:00,92
2021-08-04,05:07:00,92.6
2021-08-04,05:27:00,94
2021-08-04,05:57:00,91.7
2021-08-04,06:07:00,97.4
2021-08-04,06:17:00,94
2021-08-04,06:27:00,90.8
2021-08-04,06:37:00,95.2
2021-08-04,06:47:00,96.3
2021-08-04,06:57:00,101
2021-08-04,07:07:00,95.2
2021-08-04,07:17:00,93.4
2021-08-04,07:27:00,94.7
2021-08-04,07:37:00,96.8
2021-08-04,07:47:00,93.4
2021-08-04,07:57:00,93.3
2021-08-04,08:07:00,96
2021-08-04,08:17:00,90.3
2021-08-04,08:47:00,89.6
2021-08-04,09:07:00,92
2021-08-04,09:17:00,89.9
2021-08-04,09:27:00,94.2
2021-08-04,09:37:00,92.2
2021-08-04,09:47:00,92.3
2021-08-04,09:57:00,87.2
2021-08-04,10:07:00,92.3
2021-08-04,10:17:00,92
2021-08-04,10:27:00,94.9
2021-08-04,10:37:00,91.8
2021-08-04,10:47:00,93.2
2021-08-04,10:57:00,91.7
2021-08-04,11:07:00,91.7
2021-08-04,11:17:00,92.6
2021-08-04,11:27:00,94.5
2021-08-04,11:37:00,92
2021-08-04,11:47:00,92.6
2021-08-04,11:57:00,92.1
2021-08-04,12:07:00,97
2021-08-04,12:17:00,92.1
2021-08-04,12:37:00,91.4
2021-08-04,12:47:00,92.5
2021-08-04,13:07:00,93.6
2021-08-04,13:17:00,92.1
2021-08-04,13:27:00,92
2021-08-04,13:37:00,92.7
2021-08-04,13:47:00,95.2
2021-08-04,13:57:00,93.1
2021-08-04,14:07:00,92.8
2021-08-04,14:17:00,92.6
2021-08-04,14:27:00,93.4
2021-08-04,14:57:00,88
2021-08-04,15:07:00,94.1
2021-08-04,15:17:00,93.2
2021-08-04,15:27:00,93.1
2021-08-04,15:37:00,90.1
2021-08-04,15:47:00,97.5
2021-08-04,15:57:00,93.7
2021-08-04,16:07:00,92.5
2021-08-04,16:17:00,90.6
2021-08-04,16:27:00,95.1
2021-08-04,16:37:00,94.5
2021-08-04,16:47:00,89.9
2021-08-04,16:57:00,94.7
2021-08-04,17:07:00,89.2
2021-08-04,17:17:00,91.9
2021-08-04,17:27:00,90.8
2021-08-04,17:37:00,96.9
2021-08-04,17:47:00,94
2021-08-04,17:57:00,96.7
2021-08-04,18:07:00,94.7
2021-08-04,18:17:00,93.1
2021-08-04,18:27:00,91.6
2021-08-04,18:37:00,90.3
2021-08-04,18:47:00,92.8
2021-08-04,18:57:00,93.7
2021-08-04,19:07:00,92
2021-08-04,19:17:00,92.8
2021-08-04,19:27:00,91.2
2021-08-04,19:37:00,93.4
2021-08-04,19:47:00,91.5
2021-08-04,19:57:00,92.3
2021-08-04,20:07:00,92.5
2021-08-04,20:17:00,95.6
2021-08-04,20:27:00,92
2021-08-04,20:37:00,92.8
2021-08-04,20:47:00,90.7
2021-08-04,20:57:00,94.7
2021-08-04,21:07:00,95.8
2021-08-04,21:17:00,92.9
2021-08-04,21:27:00,91.4
2021-08-04,21:47:00,92.4
2021-08-04,21:57:00,93.9
2021-08-04,22:07:00,89.5
2021-08-04,22:17:00,93.4
2021-08-04,22:27:00,95.4
2021-08-04,22:37:00,93.7
2021-08-04,22:47:00,94.6
2021-08-04,22:57:00,94.9
2021-08-04,23:07:00,92.5
2021-08-04,23:17:00,93.6
2021-08-04,23:37:00,88.5
2021-08-04,23:47:00,92.2
2021-08-05,00:07:00,92.5
2021-08-05,00:17:00,91.8
2021-08-05,00:27:00,94.1
2021-08-05,00:37:00,93.2
2021-08-05,00:47:00,96.1
2021-08-05,00:57:00,94.7
2021-08-05,01:07:00,93.4
2021-08-05,01:17:00,92.3
2021-08-05,01:27:00,94.1
2021-08-05,01:37:00,92.6
2021-08-05,01:47:00,90.5
2021-08-05,01:57:00,95.2
2021-08-05,02:07:00,97.5
2021-08-05,02:27:00,94.5
2021-08-05,02:37:00,93
2021-08-05,02:47:00,94.7
2021-08-05,02:57:00,93
2021-08-05,03:07:00,96.3
2021-08-05,03:17:00,92.2
2021-08-05,03:27:00,93.5
2021-08-05,03:37:00,92
2021-08-05,03:47:00,95.6
2021-08-05,03:57:00,95.8
2021-08-05,04:07:00,91.9
2021-08-05,04:17:00,91.1
2021-08-05,04:27:00,95.1
2021-08-05,04:37:00,96.2
2021-08-05,04:47:00,93.9
2021-08-05,04:57:00,94.3
2021-08-05,05:07:00,94
2021-08-05,05:17:00,90.8
2021-08-05,05:27:00,98.3
2021-08-05,05:37:00,95.1
2021-08-05,05:47:00,95.5
2021-08-05,05:57:00,97.2
2021-08-05,06:17:00,94.7
2021-08-05,06:27:00,92.7
2021-08-05,06:37:00,95.8
2021-08-05,06:47:00,96
2021-08-05,07:07:00,96.1
2021-08-05,07:17:00,95.4
2021-08-05,07:37:00,95.2
2021-08-05,07:47:00,98.3
2021-08-05,08:07:00,98.1
2021-08-05,08:17:00,97.2
2021-08-05,08:27:00,93
2021-08-05,08:37:00,98.2
2021-08-05,08:47:00,95.9
2021-08-05,08:57:00,97.2
2021-08-05,09:07:00,96.7
2021-08-05,09:17:00,95.3
2021-08-05,09:27:00,96.1
2021-08-05,09:37:00,96.4
2021-08-05,09:47:00,98.2
2021-08-05,09:57:00,94.7
2021-08-05,10:07:00,100
2021-08-05,10:17:00,98
2021-08-05,10:27:00,98.9
2021-08-05,10:37:00,97
2021-08-05,10:47:00,96.5
2021-08-05,10:57:00,97
2021-08-05,11:07:00,98.7
2021-08-05,11:27:00,105
2021-08-05,11:37:00,109
2021-08-05,11:47:00,109
2021-08-05,11:57:00,111
2021-08-05,12:07:00,109
2021-08-05,12:17:00,114
2021-08-05,12:37:00,107
2021-08-05,12:47:00,103
2021-08-05,12:57:00,103
2021-08-05,13:07:00,104
2021-08-05,13:17:00,104
2021-08-05,13:27:00,101
2021-08-05,13:37:00,100
2021-08-05,13:47:00,97
2021-08-05,13:57:00,99.8
2021-08-05,14:07:00,99.5
2021-08-05,14:17:00,100
2021-08-05,14:27:00,105
2021-08-05,14:37:00,104
2021-08-05,14:47:00,105
2021-08-05,14:57:00,100
2021-08-05,15:07:00,102
2021-08-05,15:17:00,102
2021-08-05,15:27:00,98.3
2021-08-05,15:37:00,96.7
2021-08-05,15:47:00,97.1
2021-08-05,15:57:00,94.9
2021-08-05,16:07:00,95.2
2021-08-05,16:17:00,96.9
2021-08-05,16:27:00,95.9
2021-08-05,16:37:00,94.8
2021-08-05,16:47:00,96.9
2021-08-05,16:57:00,100
2021-08-05,17:07:00,95.7
2021-08-05,17:17:00,94.6
2021-08-05,17:27:00,92.6
2021-08-05,17:37:00,90.7
2021-08-05,17:47:00,91.8
2021-08-05,18:07:00,94.9
2021-08-05,18:17:00,93.9
2021-08-05,18:37:00,92.5
2021-08-05,18:47:00,93.3
2021-08-05,18:57:00,95.9
2021-08-05,19:17:00,94.6
2021-08-05,19:27:00,93
2021-08-05,19:37:00,93.4
2021-08-05,19:47:00,90.8
2021-08-05,19:57:00,91.8
2021-08-05,20:07:00,92.7
2021-08-05,20:17:00,92.4
2021-08-05,20:27:00,97.8
2021-08-05,20:37:00,92.8
2021-08-05,20:47:00,95
2021-08-05,20:57:00,94.2
2021-08-05,21:07:00,93.2
2021-08-05,21:17:00,92.9
2021-08-05,21:27:00,94
2021-08-05,21:37:00,93.5
2021-08-05,22:07:00,94.2
2021-08-05,22:17:00,94.4
2021-08-05,22:27:00,94.6
2021-08-05,22:37:00,93.7
2021-08-05,22:47:00,94.8
2021-08-05,22:57:00,93.5
2021-08-05,23:17:00,96.2
2021-08-05,23:27:00,92.7
2021-08-05,23:37:00,92
2021-08-06,00:07:00,94.8
2021-08-06,00:17:00,94.2
2021-08-06,00:27:00,93.8
2021-08-06,00:37:00,93.5
2021-08-06,00:47:00,90.8
2021-08-06,00:57:00,92.8
2021-08-06,01:07:00,91.9
2021-08-06,01:17:00,96.6
2021-08-06,01:27:00,95.5
2021-08-06,01:37:00,92.7
2021-08-06,01:47:00,94.1
2021-08-06,01:57:00,91.8
2021-08-06,02:07:00,92.4
2021-08-06,02:17:00,92.7
2021-08-06,02:27:00,91.7
2021-08-06,02:37:00,94.8
2021-08-06,02:47:00,94.9
2021-08-06,02:57:00,91.8
2021-08-06,03:07:00,94.1
2021-08-06,03:17:00,96.4
2021-08-06,03:27:00,91.8
2021-08-06,03:37:00,92.6
2021-08-06,03:47:00,92.1
2021-08-06,03:57:00,92.2
2021-08-06,04:07:00,92.5
2021-08-06,04:27:00,91.9
2021-08-06,04:37:00,92.7
2021-08-06,04:47:00,93.4
2021-08-06,04:57:00,92.2
2021-08-06,05:07:00,94.8
2021-08-06,05:17:00,93.9
2021-08-06,05:27:00,92.1
2021-08-06,05:37:00,94.2
2021-08-06,05:47:00,94.2
2021-08-06,05:57:00,92.4
2021-08-06,06:07:00,93.3
2021-08-06,06:17:00,94.6
2021-08-06,06:27:00,93.4
2021-08-06,06:37:00,96.3
2021-08-06,06:47:00,96.2
2021-08-06,06:57:00,92.4
2021-08-06,07:07:00,94.9
2021-08-06,07:17:00,92
2021-08-06,07:27:00,92.7
2021-08-06,07:37:00,93.1
2021-08-06,07:57:00,90.7
2021-08-06,08:07:00,92.4
2021-08-06,08:17:00,91.9
2021-08-06,08:27:00,93.3
2021-08-06,08:37:00,93.8
2021-08-06,08:47:00,96.9
2021-08-06,08:57:00,94.2
2021-08-06,09:07:00,95.1
2021-08-06,09:17:00,95
2021-08-06,09:27:00,89
2021-08-06,09:37:00,91.1
2021-08-06,09:47:00,93.9
2021-08-06,10:07:00,95.3
2021-08-06,10:17:00,93.1
2021-08-06,10:27:00,95.7
2021-08-06,10:37:00,96.9
2021-08-06,10:47:00,91.5
2021-08-06,10:57:00,94.8
2021-08-06,11:07:00,94.6
2021-08-06,11:17:00,96
2021-08-06,11:27:00,92.8
2021-08-06,11:37:00,92.5
2021-08-06,11:47:00,92.8
2021-08-06,11:57:00,96.2
2021-08-06,12:07:00,93.7
2021-08-06,12:17:00,93.4
2021-08-06,12:27:00,93.1
2021-08-06,12:37:00,93.7
2021-08-06,12:47:00,93.5
2021-08-06,12:57:00,90.9
2021-08-06,13:07:00,93.7
2021-08-06,13:27:00,91.2
2021-08-06,13:37:00,94.9
2021-08-06,13:47:00,90.7
2021-08-06,13:57:00,90.6
2021-08-06,14:07:00,92.8
2021-08-06,14:17:00,91.1
2021-08-06,14:27:00,93.2
2021-08-06,14:37:00,93.1
2021-08-06,14:57:00,93.9
2021-08-06,15:07:00,93.1
2021-08-06,15:17:00,92.7
2021-08-06,15:27:00,92.6
2021-08-06,15:37:00,92.8
2021-08-06,15:47:00,96.1
2021-08-06,15:57:00,91.6
2021-08-06,16:07:00,93
2021-08-06,16:17:00,93.2
2021-08-06,16:27:00,92
2021-08-06,16:37:00,91.5
2021-08-06,16:47:00,93.8
2021-08-06,17:07:00,92.4
2021-08-06,17:17:00,91.8
2021-08-06,17:27:00,93.9
2021-08-06,17:37:00,96.9
2021-08-06,17:47:00,92.7
2021-08-06,17:57:00,92.8
2021-08-06,18:07:00,95.2
2021-08-06,18:17:00,92.4
2021-08-06,18:27:00,93.7
2021-08-06,18:37:00,94.4
2021-08-06,18:47:00,91.4
2021-08-06,18:57:00,92.8
2021-08-06,19:07:00,94.5
2021-08-06,19:17:00,92
2021-08-06,19:27:00,93.1
2021-08-06,19:37:00,93.6
2021-08-06,19:47:00,91.6
2021-08-06,19:57:00,93
2021-08-06,20:07:00,96.5
2021-08-06,20:27:00,91.6
2021-08-06,20:47:00,90.7
2021-08-06,20:57:00,90.7
2021-08-06,21:07:00,94.3
2021-08-06,21:27:00,94.6
2021-08-06,21:37:00,90.1
2021-08-06,21:57:00,92.5
2021-08-06,22:07:00,96.2
2021-08-06,22:17:00,97
2021-08-06,22:27:00,94.2
2021-08-06,22:37:00,95.9
2021-08-06,22:57:00,96.3
2021-08-06,23:17:00,90.2
2021-08-06,23:27:00,95.9
2021-08-06,23:37:00,94.2
2021-08-06,23:57:00,95.1
2021-08-07,00:07:00,92.8
2021-08-07,00:17:00,90.3
2021-08-07,00:37:00,91
2021-08-07,00:47:00,94.2
2021-08-07,00:57:00,95.6
2021-08-07,01:07:00,94.2
2021-08-07,01:17:00,94.5
2021-08-07,01:27:00,95.3
2021-08-07,01:37:00,96.2
2021-08-07,01:47:00,94
2021-08-07,01:57:00,97.2
2021-08-07,02:17:00,93.1
2021-08-07,02:27:00,94.7
2021-08-07,02:37:00,94.5
2021-08-07,02:57:00,94
2021-08-07,03:07:00,94
2021-08-07,03:17:00,94
2021-08-07,03:27:00,93.5
2021-08-07,03:37:00,96.6
2021-08-07,03:47:00,93.6
2021-08-07,03:57:00,95.3
2021-08-07,04:07:00,91.3
2021-08-07,04:27:00,89.5
2021-08-07,04:37:00,92.8
2021-08-07,04:47:00,93.7
2021-08-07,04:57:00,92.4
2021-08-07,05:07:00,92.3
2021-08-07,05:17:00,90.4
2021-08-07,05:27:00,94.1
2021-08-07,05:37:00,93.6
2021-08-07,05:47:00,93.3
2021-08-07,06:07:00,94.4
2021-08-07,06:17:00,90.7
2021-08-07,06:27:00,92.8
2021-08-07,06:37:00,91.3
2021-08-07,06:47:00,92.9
2021-08-07,06:57:00,91.5
2021-08-07,07:07:00,96
2021-08-07,07:17:00,92.4
2021-08-07,07:27:00,91.4
2021-08-07,07:37:00,93.7
2021-08-07,07:47:00,91.7
2021-08-07,07:57:00,94.8
2021-08-07,08:07:00,94.3
2021-08-07,08:17:00,93.5
2021-08-07,08:27:00,92.7
2021-08-07,08:47:00,94.9
2021-08-07,08:57:00,92.2
2021-08-07,09:07:00,96.2
2021-08-07,09:17:00,91.6
2021-08-07,09:27:00,94.3
2021-08-07,09:37:00,94
2021-08-07,09:47:00,93.1
2021-08-07,09:57:00,92.2
2021-08-07,10:17:00,93
2021-08-07,10:27:00,92.1
2021-08-07,10:37:00,89.9
2021-08-07,10:47:00,91.4
2021-08-07,10:57:00,92.3
2021-08-07,11:07:00,95.4
2021-08-07,11:17:00,91.2
2021-08-07,11:37:00,92.5
2021-08-07,11:47:00,92.3
2021-08-07,11:57:00,93.1
2021-08-07,12:07:00,89.4
2021-08-07,12:17:00,94
2021-08-07,12:37:00,95
2021-08-07,12:47:00,91.6
2021-08-07,12:57:00,90.7
2021-08-07,13:17:00,94.8
2021-08-07,13:27:00,94.6
2021-08-07,13:37:00,94
2021-08-07,13:47:00,89.8
2021-08-07,13:57:00,90.4
2021-08-07,14:17:00,93.7
2021-08-07,14:27:00,92.1
2021-08-07,14:37:00,96.1
2021-08-07,14:47:00,95.2
2021-08-07,14:57:00,93.8
2021-08-07,15:17:00,94.6
2021-08-07,15:27:00,95.8
2021-08-07,15:47:00,94
2021-08-07,15:57:00,90.6
2021-08-07,16:17:00,94.1
2021-08-07,16:27:00,95
2021-08-07,16:37:00,95
2021-08-07,16:47:00,90.7
2021-08-07,16:57:00,92.4
2021-08-07,17:07:00,88.4
2021-08-07,17:17:00,94.1
2021-08-07,17:27:00,93.9
2021-08-07,17:37:00,95.2
2021-08-07,17:47:00,97.8
2021-08-07,18:07:00,90
2021-08-07,18:17:00,92.7
2021-08-07,18:27:00,93.6
2021-08-07,18:37:00,91.9
2021-08-07,18:47:00,92
2021-08-07,18:57:00,95.6
2021-08-07,19:07:00,95.3
2021-08-07,19:17:00,92.7
2021-08-07,19:27:00,92
2021-08-07,19:37:00,96.9
2021-08-07,19:47:00,93.6
2021-08-07,19:57:00,92.5
2021-08-07,20:07:00,92.3
2021-08-07,20:17:00,93.8
2021-08-07,20:27:00,92.3
2021-08-07,20:37:00,89.9
2021-08-07,20:47:00,92.6
2021-08-07,20:57:00,92.6
2021-08-07,21:07:00,91.9
2021-08-07,21:17:00,92.9
2021-08-07,21:27:00,95.2
2021-08-07,21:37:00,95.5
2021-08-07,21:47:00,95.2
2021-08-07,21:57:00,92.3
2021-08-07,22:07:00,91.9
2021-08-07,22:17:00,93.7
2021-08-07,22:27:00,91.7
2021-08-07,22:37:00,91.7
2021-08-07,22:47:00,92.9
2021-08-07,22:57:00,92
2021-08-07,23:07:00,94.8
2021-08-07,23:17:00,92.9
2021-08-07,23:27:00,95.6
2021-08-07,23:37:00,94.3
2021-08-07,23:47:00,92.1
2021-08-07,23:57:00,92.1
2021-08-08,00:07:00,90.2
2021-08-08,00:17:00,90.6
2021-08-08,00:27:00,92.8
2021-08-08,00:37:00,91.1
2021-08-08,00:47:00,92.5
2021-08-08,00:57:00,94.2
2021-08-08,01:07:00,97.1
2021-08-08,01:17:00,91.9
2021-08-08,01:27:00,97.6
2021-08-08,01:37:00,93.2
2021-08-08,01:47:00,92.7
2021-08-08,01:57:00,92.9
2021-08-08,02:07:00,91.9
2021-08-08,02:17:00,96.3
2021-08-08,02:27:00,95.3
2021-08-08,02:37:00,95
2021-08-08,02:47:00,90.2
2021-08-08,02:57:00,95.5
2021-08-08,03:07:00,92.5
2021-08-08,03:17:00,92.4
2021-08-08,03:27:00,89.2
2021-08-08,03:37:00,93
2021-08-08,03:47:00,92.6
2021-08-08,03:57:00,95.2
2021-08-08,04:07:00,94.4
2021-08-08,04:17:00,95.3
2021-08-08,04:37:00,95.1
2021-08-08,04:47:00,95.2
2021-08-08,04:57:00,95
2021-08-08,05:07:00,91.4
2021-08-08,05:17:00,94.2
2021-08-08,05:27:00,92.3
2021-08-08,05:37:00,93.8
2021-08-08,05:47:00,94.3
2021-08-08,05:57:00,92.7
2021-08-08,06:07:00,91.1
2021-08-08,06:17:00,92.1
2021-08-08,06:27:00,94
2021-08-08,06:37:00,93.8
2021-08-08,06:47:00,95
2021-08-08,06:57:00,92.9
2021-08-08,07:07:00,96.4
2021-08-08,07:17:00,95.6
2021-08-08,07:27:00,95.4
2021-08-08,07:37:00,91.3
2021-08-08,07:47:00,94.9
2021-08-08,07:57:00,93.8
2021-08-08,08:07:00,96.3
2021-08-08,08:17:00,93
2021-08-08,08:27:00,96.6
2021-08-08,08:37:00,96.3
2021-08-08,08:47:00,95
2021-08-08,08:57:00,96
2021-08-08,09:07:00,95.9
2021-08-08,09:17:00,94.4
2021-08-08,09:27:00,91.6
2021-08-08,09:37:00,92.3
2021-08-08,09:47:00,95.6
2021-08-08,09:57:00,94.8
2021-08-08,10:17:00,94.1
2021-08-08,10:27:00,94.5
2021-08-08,10:37:00,93.9
2021-08-08,10:47:00,94.9
2021-08-08,11:07:00,92.3
2021-08-08,11:17:00,92.7
2021-08-08,11:27:00,94.7
2021-08-08,11:37:00,92.3
2021-08-08,11:47:00,89.9
2021-08-08,11:57:00,92.6
2021-08-08,12:07:00,96.7
2021-08-08,12:17:00,98.9
2021-08-08,12:37:00,91.6
2021-08-08,12:57:00,91.4
2021-08-08,13:07:00,90.4
2021-08-08,13:17:00,93.7
2021-08-08,13:27:00,93.5
2021-08-08,13:37:00,88.5
2021-08-08,13:47:00,93.6
2021-08-08,13:57:00,93.6
2021-08-08,14:07:00,97.2
2021-08-08,14:17:00,94.7
2021-08-08,14:27:00,90.6
2021-08-08,14:37:00,92.5
2021-08-08,14:47:00,92.2
2021-08-08,15:07:00,97.8
2021-08-08,15:17:00,91
2021-08-08,15:27:00,90.3
2021-08-08,15:37:00,90.2
2021-08-08,15:57:00,93.4
2021-08-08,16:07:00,92.8
2021-08-08,16:17:00,93.4
2021-08-08,16:27:00,94.8
2021-08-08,16:37:00,92.8
2021-08-08,16:57:00,92
2021-08-08,17:07:00,89.7
2021-08-08,17:17:00,92.6
2021-08-08,17:37:00,94.5
2021-08-08,17:47:00,91.3
2021-08-08,17:57:00,89.7
2021-08-08,18:07:00,93.7
2021-08-08,18:17:00,94.4
2021-08-08,18:27:00,92.2
2021-08-08,18:37:00,90.8
2021-08-08,18:47:00,91.4
2021-08-08,18:57:00,90.7
2021-08-08,19:07:00,93.2
2021-08-08,19:27:00,91.2
2021-08-08,19:47:00,90
2021-08-08,19:57:00,91
2021-08-08,20:07:00,92.3
2021-08-08,20:17:00,91.4
2021-08-08,20:27:00,93.5
2021-08-08,20:37:00,96.4
2021-08-08,20:47:00,92.1
2021-08-08,21:07:00,91.4
2021-08-08,21:17:00,91.7
2021-08-08,21:27:00,94
2021-08-08,21:37:00,95.2
2021-08-08,21:47:00,94.4
2021-08-08,21:57:00,93
2021-08-08,22:07:00,94.6
2021-08-08,22:17:00,92.8
2021-08-08,22:27:00,92.7
2021-08-08,22:37:00,90.9
2021-08-08,22:47:00,91
2021-08-08,22:57:00,96.1
2021-08-08,23:17:00,94.7
2021-08-08,23:27:00,94.5
2021-08-08,23:57:00,106
2021-08-09,00:07:00,104
2021-08-09,00:17:00,104
2021-08-09,00:27:00,106
2021-08-09,00:37:00,102
2021-08-09,00:47:00,99.7
2021-08-09,01:07:00,102
2021-08-09,01:17:00,99.4
2021-08-09,01:27:00,98
2021-08-09,01:37:00,99.7
2021-08-09,01:47:00,99.5
2021-08-09,01:57:00,94.1
2021-08-09,02:17:00,99.1
2021-08-09,02:27:00,97.8
2021-08-09,02:37:00,93.8
2021-08-09,02:47:00,93.3
2021-08-09,03:07:00,93.7
2021-08-09,03:17:00,93.1
2021-08-09,03:27:00,92.6
2021-08-09,03:37:00,90.1
2021-08-09,03:47:00,93.5
2021-08-09,03:57:00,93.7
2021-08-09,04:17:00,92.7
2021-08-09,04:27:00,94.5
2021-08-09,04:47:00,95.2
2021-08-09,04:57:00,93.4
2021-08-09,05:07:00,92.4
2021-08-09,05:17:00,94.5
2021-08-09,05:27:00,95.1
2021-08-09,05:37:00,89.7
2021-08-09,05:47:00,95.2
2021-08-09,05:57:00,92.7
2021-08-09,06:07:00,95
2021-08-09,06:17:00,92.6
2021-08-09,06:27:00,90.8
2021-08-09,06:37:00,89.5
2021-08-09,06:47:00,90.3
2021-08-09,06:57:00,95.2
2021-08-09,07:07:00,92.9
2021-08-09,07:17:00,91.5
2021-08-09,07:37:00,91
2021-08-09,07:47:00,96.4
2021-08-09,07:57:00,91.8
2021-08-09,08:07:00,94.3
2021-08-09,08:17:00,94.6
2021-08-09,08:27:00,93.7
2021-08-09,08:37:00,92.4
2021-08-09,08:47:00,93.2
2021-08-09,08:57:00,91.4
2021-08-09,09:07:00,92.9
2021-08-09,09:17:00,95
2021-08-09,09:27:00,91.6
2021-08-09,09:37:00,95.6
2021-08-09,09:47:00,93.9
2021-08-09,09:57:00,93.9
2021-08-09,10:07:00,91.7
2021-08-09,10:17:00,92.3
2021-08-09,10:27:00,92.5
2021-08-09,10:37:00,94.4
2021-08-09,10:57:00,94.2
2021-08-09,11:07:00,87.4
2021-08-09,11:17:00,94.6
2021-08-09,11:27:00,93.5
2021-08-09,11:37:00,88.6
2021-08-09,11:47:00,92
2021-08-09,11:57:00,92.7
2021-08-09,12:17:00,93.5
2021-08-09,12:27:00,93.5
2021-08-09,12:37:00,96.4
2021-08-09,12:47:00,93.8
2021-08-09,13:07:00,93.5
2021-08-09,13:27:00,92.8
2021-08-09,13:37:00,92.3
2021-08-09,13:47:00,92.4
2021-08-09,13:57:00,95.3
2021-08-09,14:07:00,95.5
2021-08-09,14:17:00,90.9
2021-08-09,14:27:00,90.5
2021-08-09,14:47:00,91.9
2021-08-09,14:57:00,92.1
2021-08-09,15:07:00,95
2021-08-09,15:17:00,90.7
2021-08-09,15:27:00,90.1
2021-08-09,15:37:00,92.9
2021-08-09,15:47:00,88.5
2021-08-09,15:57:00,90.3
2021-08-09,16:07:00,94.6
2021-08-09,16:17:00,94.1
2021-08-09,16:27:00,93.1
2021-08-09,16:37:00,88.8
2021-08-09,16:47:00,91.8
2021-08-09,17:07:00,92.7
2021-08-09,17:17:00,92.1
2021-08-09,17:27:00,93.8
2021-08-09,17:37:00,91
2021-08-09,17:47:00,94
2021-08-09,17:57:00,93
2021-08-09,18:07:00,91.2
2021-08-09,18:17:00,92
2021-08-09,18:27:00,94.3
2021-08-09,18:37:00,93.3
2021-08-09,18:47:00,93.2
2021-08-09,18:57:00,93.3
2021-08-09,19:27:00,95.1
2021-08-09,19:37:00,89.7
2021-08-09,19:47:00,92.1
2021-08-09,19:57:00,94.7
2021-08-09,20:07:00,94.8
2021-08-09,20:17:00,92.2
2021-08-09,20:27:00,92.8
2021-08-09,20:37:00,92.6
2021-08-09,20:47:00,92.6
2021-08-09,20:57:00,89.2
2021-08-09,21:07:00,92.1
2021-08-09,21:17:00,90.7
2021-08-09,21:27:00,91.6
2021-08-09,21:37:00,91.9
2021-08-09,21:47:00,89.9
2021-08-09,21:57:00,89.9
2021-08-09,22:07:00,93.3
2021-08-09,22:17:00,93.5
2021-08-09,22:27:00,92.8
2021-08-09,22:37:00,91.7
2021-08-09,22:47:00,91.8
2021-08-09,22:57:00,94.2
2021-08-09,23:07:00,91.1
2021-08-09,23:17:00,94
2021-08-09,23:27:00,91.9
2021-08-09,23:37:00,89.4
2021-08-09,23:47:00,94.3
2021-08-09,23:57:00,94.3
2021-08-10,00:17:00,92.6
2021-08-10,00:27:00,93
2021-08-10,00:37:00,94.1
2021-08-10,00:47:00,91.2
2021-08-10,00:57:00,91.3
2021-08-10,01:07:00,92.1
2021-08-10,01:17:00,94.1
2021-08-10,01:27:00,94.3
2021-08-10,01:37:00,95.8
2021-08-10,01:47:00,92.1
2021-08-10,01:57:00,90.5
2021-08-10,02:17:00,91
2021-08-10,02:27:00,95.1
2021-08-10,02:37:00,92.4
2021-08-10,02:47:00,92.8
2021-08-10,02:57:00,91.7
2021-08-10,03:07:00,89.2
2021-08-10,03:17:00,91.1
2021-08-10,03:27:00,89.5
2021-08-10,03:37:00,89.1
2021-08-10,03:47:00,91.6
2021-08-10,03:57:00,91.5
2021-08-10,04:07:00,91.4
2021-08-10,04:17:00,90.8
2021-08-10,04:27:00,94.4
2021-08-10,04:37:00,91.2
2021-08-10,04:47:00,92.4
2021-08-10,04:57:00,93.3
2021-08-10,05:07:00,91.9
2021-08-10,05:27:00,91.6
2021-08-10,05:37:00,92.3
2021-08-10,05:47:00,92.4
2021-08-10,06:07:00,91.7
2021-08-10,06:17:00,94.7
2021-08-10,06:27:00,92.4
2021-08-10,06:37:00,92.9
2021-08-10,06:47:00,92.7
2021-08-10,06:57:00,90.3
2021-08-10,07:17:00,92.1
2021-08-10,07:27:00,92.9
2021-08-10,07:37:00,93.9
2021-08-10,07:47:00,93.3
2021-08-10,07:57:00,91.7
2021-08-10,08:07:00,89.3
2021-08-10,08:27:00,89.8
2021-08-10,08:37:00,93.1
2021-08-10,08:47:00,93.5
2021-08-10,08:57:00,93.7
2021-08-10,09:07:00,92
2021-08-10,09:17:00,93.4
2021-08-10,09:27:00,91.6
2021-08-10,09:37:00,91.8
2021-08-10,09:47:00,92.4
2021-08-10,09:57:00,93.8
2021-08-10,10:07:00,89.3
2021-08-10,10:17:00,91.4
2021-08-10,10:27:00,90.6
2021-08-10,10:37:00,91.3
2021-08-10,10:47:00,93.9
2021-08-10,10:57:00,93.2
2021-08-10,11:07:00,93.9
2021-08-10,11:17:00,93.2
2021-08-10,11:27:00,95.5
2021-08-10,11:37:00,90
2021-08-10,11:47:00,94.1
2021-08-10,11:57:00,90.5
2021-08-10,12:07:00,89.4
2021-08-10,12:17:00,94.8
2021-08-10,12:27:00,90.9
2021-08-10,12:37:00,89.6
2021-08-10,12:47:00,91.8
2021-08-10,12:57:00,92.5
2021-08-10,13:07:00,92.2
2021-08-10,13:17:00,89.1
2021-08-10,13:37:00,93.8
2021-08-10,13:47:00,91.3
2021-08-10,13:57:00,96.6
2021-08-10,14:07:00,94.6
2021-08-10,14:17:00,92.6
2021-08-10,14:27:00,92
2021-08-10,14:47:00,90.8
2021-08-10,14:57:00,93.7
2021-08-10,15:07:00,92.2
2021-08-10,15:17:00,92.5
2021-08-10,15:27:00,93.2
2021-08-10,15:37:00,92.4
2021-08-10,15:47:00,91.1
2021-08-10,15:57:00,94.4
2021-08-10,16:27:00,93.2
2021-08-10,16:37:00,92.9
2021-08-10,16:47:00,90.4
2021-08-10,16:57:00,91.5
2021-08-10,17:07:00,92.1
2021-08-10,17:17:00,94.5
2021-08-10,17:27:00,89.7
2021-08-10,17:37:00,94
2021-08-10,17:47:00,93.4
2021-08-10,18:07:00,93.7
2021-08-10,18:17:00,91.6
2021-08-10,18:27:00,93.6
2021-08-10,18:37:00,94.3
2021-08-10,18:47:00,93.2
2021-08-10,18:57:00,93.3
2021-08-10,19:07:00,93.7
2021-08-10,19:17:00,94.2
2021-08-10,19:27:00,93.6
2021-08-10,19:37:00,92.2
2021-08-10,19:47:00,92.3
2021-08-10,19:57:00,94.6
2021-08-10,20:07:00,95.4
2021-08-10,20:17:00,93.6
2021-08-10,20:27:00,89.3
2021-08-10,20:37:00,90.9
2021-08-10,20:47:00,90.6
2021-08-10,20:57:00,91.8
2021-08-10,21:07:00,93
2021-08-10,21:27:00,89.7
2021-08-10,21:47:00,94.4
2021-08-10,21:57:00,92.8
2021-08-10,22:07:00,91.7
2021-08-10,22:17:00,94.3
2021-08-10,22:27:00,94.5
2021-08-10,22:37:00,92
2021-08-10,22:47:00,93.3
2021-08-10,22:57:00,92.8
2021-08-10,23:07:00,92
2021-08-10,23:17:00,93.9
2021-08-10,23:27:00,92.1
2021-08-10,23:37:00,92.2
2021-08-10,23:47:00,94.3
2021-08-10,23:57:00,96.1
2021-08-11,00:27:00,97.5
2021-08-11,00:37:00,96.9
2021-08-11,00:47:00,92.1
2021-08-11,01:07:00,93.1
2021-08-11,01:17:00,91.1
2021-08-11,01:27:00,94.8
2021-08-11,01:37:00,91.9
2021-08-11,01:47:00,92.4
2021-08-11,01:57:00,93.3
2021-08-11,02:07:00,91.7
2021-08-11,02:17:00,94.1
2021-08-11,02:37:00,93.2
2021-08-11,02:47:00,93.5
2021-08-11,02:57:00,90.4
2021-08-11,03:17:00,98.3
2021-08-11,03:27:00,90
2021-08-11,03:37:00,91.5
2021-08-11,03:47:00,90.1
2021-08-11,03:57:00,91
2021-08-11,04:07:00,90.2
2021-08-11,04:27:00,93.6
2021-08-11,04:37:00,95.1
2021-08-11,04:47:00,94.5
2021-08-11,04:57:00,91.9
2021-08-11,05:27:00,91.5
2021-08-11,05:37:00,91.5
2021-08-11,05:47:00,90.1
2021-08-11,05:57:00,93.1
2021-08-11,06:07:00,92.8
2021-08-11,06:17:00,95.7
2021-08-11,06:27:00,92.4
2021-08-11,06:37:00,95.6
2021-08-11,06:47:00,96
2021-08-11,06:57:00,96.9
2021-08-11,07:07:00,93.4
2021-08-11,07:17:00,95.6
2021-08-11,07:27:00,91.2
2021-08-11,07:37:00,89.1
2021-08-11,07:47:00,93
2021-08-11,07:57:00,91.7
2021-08-11,08:07:00,95.8
2021-08-11,08:17:00,94.4
2021-08-11,08:27:00,91.5
2021-08-11,08:37:00,94.2
2021-08-11,08:47:00,96.2
2021-08-11,08:57:00,93.7
2021-08-11,09:07:00,91.9
2021-08-11,09:17:00,93.8
2021-08-11,09:37:00,92.6
2021-08-11,09:47:00,93
2021-08-11,09:57:00,92
2021-08-11,10:07:00,93.8
2021-08-11,10:17:00,94.1
2021-08-11,10:27:00,93.7
2021-08-11,10:47:00,93.9
2021-08-11,10:57:00,94.6
2021-08-11,11:07:00,93.2
2021-08-11,11:27:00,92.3
2021-08-11,11:37:00,93.2
2021-08-11,11:47:00,93.2
2021-08-11,11:57:00,93.6
2021-08-11,12:07:00,92.5
2021-08-11,12:17:00,91.8
2021-08-11,12:27:00,93.3
2021-08-11,12:37:00,94.5
2021-08-11,12:47:00,95.5
2021-08-11,12:57:00,93.1
2021-08-11,13:07:00,92.9
2021-08-11,13:17:00,91.5
2021-08-11,13:27:00,91.9
2021-08-11,13:37:00,95.1
2021-08-11,13:47:00,91.3
2021-08-11,14:07:00,92.4
2021-08-11,14:17:00,91.4
2021-08-11,14:27:00,93.9
2021-08-11,14:37:00,93.9
2021-08-11,14:47:00,92.3
2021-08-11,14:57:00,94.9
2021-08-11,15:17:00,95
2021-08-11,15:27:00,92.6
2021-08-11,15:37:00,97.2
2021-08-11,15:47:00,95.4
2021-08-11,16:17:00,92.7
2021-08-11,16:27:00,92.9
2021-08-11,16:37:00,96.1
2021-08-11,16:47:00,91.7
2021-08-11,17:17:00,93
2021-08-11,17:27:00,94
2021-08-11,17:37:00,92.4
2021-08-11,17:47:00,91.5
2021-08-11,17:57:00,92
2021-08-11,18:07:00,90.7
2021-08-11,18:17:00,92.2
2021-08-11,18:27:00,94.4
2021-08-11,18:37:00,91.7
2021-08-11,19:17:00,93
2021-08-11,19:27:00,91.7
2021-08-11,19:37:00,91.6
2021-08-11,19:47:00,94.1
2021-08-11,19:57:00,89.6
2021-08-11,20:17:00,94.6
2021-08-11,20:27:00,91.4
2021-08-11,20:37:00,92.5
2021-08-11,20:47:00,92.9
2021-08-11,20:57:00,90.1
2021-08-11,21:07:00,90.9
2021-08-11,21:17:00,88.4
2021-08-11,21:27:00,93
2021-08-11,21:37:00,90.4
2021-08-11,21:47:00,94.9
2021-08-11,21:57:00,94.4
2021-08-11,22:07:00,93.3
2021-08-11,22:17:00,89
2021-08-11,22:27:00,91.3
2021-08-11,22:37:00,92.7
2021-08-11,22:47:00,96.3
2021-08-11,22:57:00,92.5
2021-08-11,23:17:00,90.6
2021-08-11,23:27:00,94
2021-08-11,23:37:00,93.4
2021-08-11,23:47:00,95.9
2021-08-11,23:57:00,90.5
2021-08-12,00:07:00,90.6
2021-08-12,00:17:00,91.1
2021-08-12,00:27:00,90
2021-08-12,00:37:00,93.6
2021-08-12,00:47:00,94.6
2021-08-12,00:57:00,92.6
2021-08-12,01:07:00,91.6
2021-08-12,01:17:00,93.8
2021-08-12,01:27:00,90.5
2021-08-12,01:47:00,89.5
2021-08-12,01:57:00,92.9
2021-08-12,02:07:00,89.5
2021-08-12,02:17:00,90.5
2021-08-12,02:27:00,90.7
2021-08-12,02:37:00,92
2021-08-12,02:47:00,92.5
2021-08-12,02:57:00,92.8
2021-08-12,03:07:00,92.7
2021-08-12,03:17:00,94.9
2021-08-12,03:27:00,92.3
2021-08-12,03:37:00,93.2
2021-08-12,03:47:00,93.8
2021-08-12,03:57:00,90.9
2021-08-12,04:07:00,94.1
2021-08-12,04:17:00,90.6
2021-08-12,04:27:00,92.5
2021-08-12,04:37:00,90.6
2021-08-12,04:47:00,92.2
2021-08-12,04:57:00,92.4
2021-08-12,05:07:00,93
2021-08-12,05:17:00,90.8
2021-08-12,05:37:00,90.5
2021-08-12,05:47:00,94.4
2021-08-12,05:57:00,88.6
2021-08-12,06:07:00,90.6
2021-08-12,06:17:00,94
2021-08-12,06:27:00,88.7
2021-08-12,06:37:00,92.6
2021-08-12,06:47:00,91.6
2021-08-12,06:57:00,89.7
2021-08-12,07:07:00,93.8
2021-08-12,07:27:00,93.9
2021-08-12,07:47:00,92.8
2021-08-12,07:57:00,92.6
2021-08-12,08:07:00,91.1
2021-08-12,08:17:00,89.2
2021-08-12,08:27:00,91.2
2021-08-12,08:37:00,93.3
2021-08-12,08:47:00,90.1
2021-08-12,08:57:00,92.9
2021-08-12,09:07:00,92.8
2021-08-12,09:17:00,95.3
2021-08-12,09:37:00,93.1
2021-08-12,09:47:00,89.3
2021-08-12,09:57:00,90.8
2021-08-12,10:07:00,93
2021-08-12,10:17:00,91
2021-08-12,10:27:00,92.8
2021-08-12,10:37:00,91
2021-08-12,10:47:00,89.4
2021-08-12,10:57:00,90.8
2021-08-12,11:07:00,89.8
2021-08-12,11:27:00,89.1
2021-08-12,11:37:00,91.3
2021-08-12,11:47:00,92.1
2021-08-12,11:57:00,90.2
2021-08-12,12:07:00,91.8
2021-08-12,12:17:00,95
2021-08-12,12:27:00,94.7
2021-08-12,12:37:00,92.6
2021-08-12,12:47:00,92.8
2021-08-12,12:57:00,95.5
2021-08-12,13:07:00,92.4
2021-08-12,13:17:00,93.2
2021-08-12,13:27:00,93.3
2021-08-12,13:37:00,92.1
2021-08-12,13:47:00,93.9
2021-08-12,13:57:00,88.9
2021-08-12,14:07:00,92
2021-08-12,14:17:00,91.3
2021-08-12,14:27:00,94.2
2021-08-12,14:37:00,94.9
2021-08-12,14:47:00,93.7
2021-08-12,15:07:00,90.9
2021-08-12,15:27:00,93.4
2021-08-12,15:37:00,89.1
2021-08-12,15:57:00,93.6
2021-08-12,16:07:00,92.5
2021-08-12,16:17:00,95
2021-08-12,16:27:00,95.2
2021-08-12,16:37:00,91.3
2021-08-12,16:47:00,90.4
2021-08-12,17:17:00,91.8
2021-08-12,17:27:00,89.9
2021-08-12,17:37:00,95
2021-08-12,17:47:00,91.1
2021-08-12,17:57:00,91.9
2021-08-12,18:07:00,95.2
2021-08-12,18:17:00,93.5
2021-08-12,18:27:00,91.4
2021-08-12,18:37:00,90.7
2021-08-12,18:47:00,91.6
2021-08-12,18:57:00,93.7
2021-08-12,19:17:00,90.8
2021-08-12,19:27:00,90.5
2021-08-12,19:37:00,90.9
2021-08-12,19:47:00,93.9
2021-08-12,19:57:00,92.9
2021-08-12,20:07:00,91.5
2021-08-12,20:17:00,88.9
2021-08-12,20:27:00,89.7
2021-08-12,20:37:00,94.2
2021-08-12,20:47:00,94.9
2021-08-12,20:57:00,92.6
2021-08-12,21:07:00,93.6
2021-08-12,21:17:00,93.1
2021-08-12,21:27:00,92.7
2021-08-12,21:37:00,90.8
2021-08-12,21:47:00,89.7
2021-08-12,21:57:00,93.8
2021-08-12,22:07:00,93
2021-08-12,22:17:00,88.3
2021-08-12,22:27:00,90.9
2021-08-12,22:47:00,91.9
2021-08-12,23:07:00,90.1
2021-08-12,23:27:00,92.8
2021-08-12,23:37:00,92.1
2021-08-12,23:47:00,90
2021-08-12,23:57:00,90.9
2021-08-13,00:07:00,93.5
2021-08-13,00:27:00,91.8
2021-08-13,00:47:00,88.9
2021-08-13,00:57:00,90.5
2021-08-13,01:07:00,91.8
2021-08-13,01:17:00,94.9
2021-08-13,01:27:00,94.3
2021-08-13,01:37:00,92.2
2021-08-13,01:47:00,93.7
2021-08-13,02:07:00,92.7
2021-08-13,02:17:00,91.9
2021-08-13,02:27:00,90.2
2021-08-13,02:37:00,92.4
2021-08-13,02:47:00,88.6
2021-08-13,02:57:00,95
2021-08-13,03:07:00,92.5
2021-08-13,03:17:00,90.9
2021-08-13,03:27:00,98.1
2021-08-13,03:37:00,90.9
2021-08-13,03:47:00,94.4
2021-08-13,03:57:00,95.4
2021-08-13,04:07:00,94.6
2021-08-13,04:17:00,91
2021-08-13,04:27:00,90.7
2021-08-13,04:37:00,91.1
2021-08-13,04:47:00,91.2
2021-08-13,04:57:00,90.1
2021-08-13,05:07:00,95.1
2021-08-13,05:17:00,90.7
2021-08-13,05:27:00,91.5
2021-08-13,05:37:00,92.4
2021-08-13,05:57:00,93
2021-08-13,06:07:00,90.3
2021-08-13,06:17:00,92
2021-08-13,06:27:00,91.1
2021-08-13,06:37:00,95.8
2021-08-13,06:47:00,93.2
2021-08-13,06:57:00,90.6
2021-08-13,07:17:00,91.2
2021-08-13,07:27:00,93.1
2021-08-13,07:37:00,94.4
2021-08-13,07:57:00,93.4
2021-08-13,08:07:00,87.2
2021-08-13,08:17:00,89.6
2021-08-13,08:27:00,89.5
2021-08-13,08:37:00,90.9
2021-08-13,08:47:00,92.1
2021-08-13,08:57:00,89.9
2021-08-13,09:07:00,91.3
2021-08-13,09:17:00,94.4
2021-08-13,09:27:00,95.2
2021-08-13,09:37:00,93.4
2021-08-13,09:47:00,86.7
2021-08-13,09:57:00,92.7
2021-08-13,10:07:00,97.7
2021-08-13,10:17:00,90.5
2021-08-13,10:27:00,91.1
2021-08-13,10:37:00,90.6
2021-08-13,10:47:00,90.2
2021-08-13,10:57:00,96.8
2021-08-13,11:07:00,88.9
2021-08-13,11:17:00,93.8
2021-08-13,11:27:00,93
2021-08-13,11:57:00,92.3
2021-08-13,12:27:00,90.9
2021-08-13,12:37:00,91.3
2021-08-13,12:57:00,96.4
2021-08-13,13:17:00,92.1
2021-08-13,13:27:00,90.9
2021-08-13,13:37:00,92.7
2021-08-13,13:47:00,90.8
2021-08-13,13:57:00,91.8
2021-08-13,14:07:00,87.7
2021-08-13,14:17:00,91.3
2021-08-13,14:27:00,91.3
2021-08-13,14:37:00,91.4
2021-08-13,15:07:00,93.3
2021-08-13,15:17:00,93
2021-08-13,15:27:00,90.2
2021-08-13,15:37:00,93.1
2021-08-13,15:47:00,92.6
2021-08-13,15:57:00,90.2
2021-08-13,16:07:00,92.1
2021-08-13,16:17:00,93.8
2021-08-13,16:27:00,94.4
2021-08-13,16:37:00,94.9
2021-08-13,16:47:00,90.9
2021-08-13,17:07:00,91.1
2021-08-13,17:17:00,90.9
2021-08-13,17:37:00,92.8
2021-08-13,17:47:00,92
2021-08-13,17:57:00,91
2021-08-13,18:17:00,94.9
2021-08-13,18:27:00,92
2021-08-13,18:47:00,94.2
2021-08-13,18:57:00,91.4
2021-08-13,19:07:00,89.9
2021-08-13,19:17:00,94.2
2021-08-13,19:27:00,92
2021-08-13,19:37:00,92.9
2021-08-13,19:47:00,95.1
2021-08-13,19:57:00,93.5
2021-08-13,20:07:00,92.3
2021-08-13,20:27:00,92.5
2021-08-13,20:37:00,90.9
2021-08-13,20:47:00,93
2021-08-13,20:57:00,93.5
2021-08-13,21:07:00,92.8
2021-08-13,21:27:00,92.5
2021-08-13,21:37:00,94.3
2021-08-13,21:47:00,95.1
2021-08-13,21:57:00,92.2
2021-08-13,22:07:00,90.9
2021-08-13,22:17:00,94.3
2021-08-13,22:27:00,90.9
2021-08-13,22:37:00,90.5
2021-08-13,22:47:00,92.8
2021-08-13,22:57:00,92.5
2021-08-13,23:07:00,93
2021-08-13,23:17:00,89.7
2021-08-13,23:37:00,95.5
2021-08-13,23:47:00,92.9
2021-08-13,23:57:00,92.2
2021-08-14,00:07:00,92.7
2021-08-14,00:17:00,94.1
2021-08-14,00:27:00,91.3
2021-08-14,00:37:00,94.3
2021-08-14,00:47:00,93.8
2021-08-14,00:57:00,96.6
2021-08-14,01:17:00,93.3
2021-08-14,01:27:00,92.6
2021-08-14,01:37:00,93.7
2021-08-14,01:57:00,93.6
2021-08-14,02:07:00,94.7
2021-08-14,02:17:00,95.7
2021-08-14,02:27:00,94.7
2021-08-14,02:37:00,94.7
2021-08-14,02:57:00,92.1
2021-08-14,03:07:00,91.2
2021-08-14,03:17:00,91.7
2021-08-14,03:27:00,93.2
2021-08-14,03:37:00,94.4
2021-08-14,03:47:00,95.4
2021-08-14,03:57:00,92.9
2021-08-14,04:07:00,95.7
2021-08-14,04:17:00,94.1
2021-08-14,04:27:00,92.4
2021-08-14,04:37:00,92.9
2021-08-14,04:47:00,91.7
2021-08-14,04:57:00,93.8
2021-08-14,05:27:00,96.3
2021-08-14,05:37:00,96.6
2021-08-14,05:47:00,92.7
2021-08-14,05:57:00,93
2021-08-14,06:07:00,91.3
2021-08-14,06:17:00,93.9
2021-08-14,06:27:00,94.1
2021-08-14,06:37:00,90.3
2021-08-14,06:47:00,94.6
2021-08-14,06:57:00,92.2
2021-08-14,07:07:00,93.4
2021-08-14,07:17:00,93.4
2021-08-14,07:27:00,93.7
2021-08-14,07:37:00,96.2
2021-08-14,07:47:00,92.9
2021-08-14,07:57:00,95.7
2021-08-14,08:07:00,92.3
2021-08-14,08:17:00,92.4
2021-08-14,08:27:00,94
2021-08-14,08:37:00,92.1
2021-08-14,08:47:00,93.6
2021-08-14,08:57:00,95.2
2021-08-14,09:07:00,92.6
2021-08-14,09:17:00,92.5
2021-08-14,09:27:00,91.8
2021-08-14,09:37:00,91.1
2021-08-14,09:47:00,91.6
2021-08-14,10:07:00,96.3
2021-08-14,10:17:00,95.1
2021-08-14,10:27:00,94.1
2021-08-14,10:37:00,92.6
2021-08-14,10:47:00,92.1
2021-08-14,11:07:00,91.8
2021-08-14,11:17:00,92.7
2021-08-14,11:27:00,93.2
2021-08-14,11:37:00,93.8
2021-08-14,11:47:00,92.9
2021-08-14,11:57:00,94.5
2021-08-14,12:07:00,93
2021-08-14,12:17:00,93.8
2021-08-14,12:27:00,92.8
2021-08-14,12:37:00,91
2021-08-14,13:07:00,91
2021-08-14,13:27:00,93
2021-08-14,13:37:00,92
2021-08-14,13:47:00,91.6
2021-08-14,13:57:00,97.4
2021-08-14,14:07:00,92.5
2021-08-14,14:17:00,93.9
2021-08-14,14:27:00,90.1
2021-08-14,14:37:00,92.3
2021-08-14,14:47:00,91.8
2021-08-14,14:57:00,89.2
2021-08-14,15:07:00,92.5
2021-08-14,15:17:00,94.6
2021-08-14,15:27:00,95.3
2021-08-14,15:37:00,92.6
2021-08-14,15:47:00,92.8
2021-08-14,15:57:00,93.3
2021-08-14,16:07:00,90.9
2021-08-14,16:17:00,89.4
2021-08-14,16:27:00,90.7
2021-08-14,16:37:00,93
2021-08-14,16:47:00,91.5
2021-08-14,16:57:00,95.6
2021-08-14,17:07:00,93.2
2021-08-14,17:17:00,91.3
2021-08-14,17:27:00,92.4
2021-08-14,17:37:00,94.4
2021-08-14,17:47:00,94
2021-08-14,17:57:00,93.9
2021-08-14,18:07:00,92.4
2021-08-14,18:17:00,91.8
2021-08-14,18:27:00,89.1
2021-08-14,18:47:00,96
2021-08-14,18:57:00,93.3
2021-08-14,19:07:00,93.4
2021-08-14,19:27:00,91
2021-08-14,19:37:00,91.8
2021-08-14,19:47:00,93.3
2021-08-14,19:57:00,93.4
2021-08-14,20:07:00,92.4
2021-08-14,20:17:00,96.3
2021-08-14,20:37:00,91.1
2021-08-14,20:47:00,93.7
2021-08-14,20:57:00,92.6
2021-08-14,21:07:00,95.2
2021-08-14,21:17:00,92
2021-08-14,21:27:00,90.2
2021-08-14,21:37:00,95.2
2021-08-14,21:47:00,92.4
2021-08-14,21:57:00,91.8
2021-08-14,22:07:00,89.4
2021-08-14,22:17:00,93.3
2021-08-14,22:27:00,94.9
2021-08-14,22:37:00,93.9
2021-08-14,22:47:00,96.9
2021-08-14,23:07:00,91.9
2021-08-14,23:17:00,92.3
2021-08-14,23:27:00,94.1
2021-08-14,23:37:00,93.6
2021-08-14,23:47:00,93.9
2021-08-14,23:57:00,92.8
2021-08-15,00:07:00,95.3
2021-08-15,00:17:00,91.1
2021-08-15,00:27:00,95
2021-08-15,00:37:00,89.9
2021-08-15,00:47:00,90.8
2021-08-15,01:07:00,93.9
2021-08-15,01:17:00,95.1
2021-08-15,01:27:00,92.5
2021-08-15,01:37:00,92.4
2021-08-15,01:47:00,93.4
2021-08-15,01:57:00,99.4
2021-08-15,02:07:00,94.7
2021-08-15,02:17:00,93.3
2021-08-15,02:27:00,95.1
2021-08-15,02:37:00,92.2
2021-08-15,02:57:00,91.2
2021-08-15,03:07:00,94.6
2021-08-15,03:17:00,92.1
2021-08-15,03:27:00,92.4
2021-08-15,03:37:00,92.2
2021-08-15,03:57:00,94.1
2021-08-15,04:17:00,94.2
2021-08-15,04:27:00,94.5
2021-08-15,04:37:00,94.4
2021-08-15,04:47:00,92.9
2021-08-15,04:57:00,89.2
2021-08-15,05:17:00,92.7
2021-08-15,05:27:00,92.3
2021-08-15,05:37:00,96.9
2021-08-15,05:47:00,94.8
2021-08-15,05:57:00,93.8
2021-08-15,06:07:00,96.8
2021-08-15,06:17:00,92.7
2021-08-15,06:27:00,93.2
2021-08-15,06:37:00,94.5
2021-08-15,06:47:00,94.2
2021-08-15,06:57:00,94.6
2021-08-15,07:07:00,90.8
2021-08-15,07:17:00,95
2021-08-15,07:27:00,97.1
2021-08-15,07:37:00,89.7
2021-08-15,07:47:00,96.4
2021-08-15,08:07:00,94.3
2021-08-15,08:17:00,92.7
2021-08-15,08:27:00,95.9
2021-08-15,08:37:00,94.2
2021-08-15,08:47:00,94.4
2021-08-15,08:57:00,95.3
2021-08-15,09:27:00,94.9
2021-08-15,09:37:00,98
2021-08-15,09:47:00,94.6
2021-08-15,09:57:00,92.5
2021-08-15,10:07:00,94.6
2021-08-15,10:17:00,94.6
2021-08-15,10:27:00,97.5
2021-08-15,10:37:00,95.2
2021-08-15,10:47:00,92.5
2021-08-15,10:57:00,92.8
2021-08-15,11:07:00,95.4
2021-08-15,11:17:00,93.7
2021-08-15,11:27:00,95.9
2021-08-15,11:47:00,96.3
2021-08-15,11:57:00,93.4
2021-08-15,12:17:00,92.3
2021-08-15,12:27:00,89.7
2021-08-15,12:37:00,92.8
2021-08-15,12:47:00,92
2021-08-15,12:57:00,90.7
2021-08-15,13:17:00,94.5
2021-08-15,13:27:00,95.9
2021-08-15,13:37:00,92.8
2021-08-15,13:47:00,93.9
2021-08-15,13:57:00,93.5
2021-08-15,14:07:00,92.3
2021-08-15,14:17:00,96.2
2021-08-15,14:27:00,93.2
2021-08-15,14:37:00,92.9
2021-08-15,14:47:00,96
2021-08-15,14:57:00,94.8
2021-08-15,15:07:00,92
2021-08-15,15:27:00,89.7
2021-08-15,15:37:00,90.6
2021-08-15,15:47:00,92.8
2021-08-15,15:57:00,95.6
2021-08-15,16:07:00,96.9
2021-08-15,16:17:00,94.6
2021-08-15,16:27:00,91.8
2021-08-15,16:37:00,91.8
2021-08-15,16:47:00,92.5
2021-08-15,17:07:00,94
2021-08-15,17:17:00,93.2
2021-08-15,17:27:00,92.1
2021-08-15,17:37:00,95.2
2021-08-15,17:47:00,93.9
2021-08-15,17:57:00,96.7
2021-08-15,18:07:00,96.6
2021-08-15,18:27:00,91
2021-08-15,18:37:00,93.1
2021-08-15,18:47:00,92.5
2021-08-15,18:57:00,91.7
2021-08-15,19:07:00,96.5
2021-08-15,19:27:00,95.1
2021-08-15,19:37:00,95.9
2021-08-15,19:57:00,93.9
2021-08-15,20:07:00,91
2021-08-15,20:17:00,94.2
2021-08-15,20:47:00,93
2021-08-15,20:57:00,92.8
2021-08-15,21:07:00,93.2
2021-08-15,21:17:00,93
2021-08-15,21:27:00,93.5
2021-08-15,21:37:00,94
2021-08-15,21:47:00,93.8
2021-08-15,21:57:00,92.4
2021-08-15,22:17:00,92.4
2021-08-15,22:27:00,95.6
2021-08-15,22:37:00,92.8
2021-08-15,22:47:00,95.2
2021-08-15,22:57:00,95
2021-08-15,23:07:00,93.9
2021-08-15,23:17:00,92.9
2021-08-15,23:27:00,94.8
2021-08-15,23:37:00,99.8
2021-08-15,23:47:00,99.8
2021-08-15,23:57:00,102
2021-08-16,00:07:00,99.3
2021-08-16,00:17:00,102
2021-08-16,00:27:00,101
2021-08-16,00:47:00,101
2021-08-16,00:57:00,105
2021-08-16,01:17:00,111
2021-08-16,01:27:00,114
2021-08-16,01:37:00,113
2021-08-16,01:47:00,116
2021-08-16,01:57:00,121
2021-08-16,02:07:00,122
2021-08-16,02:17:00,119
2021-08-16,02:27:00,123
2021-08-16,02:37:00,122
2021-08-16,02:47:00,123
2021-08-16,02:57:00,114
2021-08-16,03:07:00,113
2021-08-16,03:17:00,111
2021-08-16,03:27:00,106
2021-08-16,03:37:00,106
2021-08-16,03:47:00,101
2021-08-16,03:57:00,100
2021-08-16,04:07:00,99
2021-08-16,04:17:00,98.4
2021-08-16,04:27:00,96.8
2021-08-16,04:47:00,97.8
2021-08-16,04:57:00,91.7
2021-08-16,05:07:00,94.2
2021-08-16,05:17:00,92.5
2021-08-16,05:27:00,91.7
2021-08-16,05:37:00,90.7
2021-08-16,05:47:00,92.4
2021-08-16,05:57:00,92.7
2021-08-16,06:07:00,94.5
2021-08-16,06:17:00,94.4
2021-08-16,06:27:00,90.5
2021-08-16,06:37:00,92.9
2021-08-16,06:47:00,90.2
2021-08-16,06:57:00,99.5
2021-08-16,07:07:00,97
2021-08-16,07:17:00,92.3
2021-08-16,07:27:00,93
2021-08-16,07:37:00,90.1
2021-08-16,07:47:00,92.3
2021-08-16,07:57:00,94.2
2021-08-16,08:07:00,94.6
2021-08-16,08:17:00,93.4
2021-08-16,08:27:00,94.8
2021-08-16,08:37:00,90.3
2021-08-16,08:47:00,91.9
2021-08-16,08:57:00,93
2021-08-16,09:07:00,92.8
2021-08-16,09:27:00,98.3
2021-08-16,09:37:00,92.7
2021-08-16,09:47:00,89.6
2021-08-16,09:57:00,94.5
2021-08-16,10:07:00,92.5
2021-08-16,10:17:00,89.3
2021-08-16,10:27:00,93.4
2021-08-16,10:47:00,94.5
2021-08-16,11:07:00,91
2021-08-16,11:17:00,91.9
2021-08-16,11:27:00,94.2
2021-08-16,11:37:00,93.6
2021-08-16,11:47:00,95.8
2021-08-16,11:57:00,94.7
2021-08-16,12:07:00,95.9
2021-08-16,12:17:00,94.4
2021-08-16,12:27:00,91.5
2021-08-16,12:37:00,91.5
2021-08-16,12:47:00,90.8
2021-08-16,12:57:00,93.8
2021-08-16,13:07:00,97.1
2021-08-16,13:17:00,92
2021-08-16,13:27:00,93.2
2021-08-16,13:37:00,93.8
2021-08-16,13:47:00,96.8
2021-08-16,13:57:00,94.5
2021-08-16,14:07:00,94
2021-08-16,14:17:00,92.7
2021-08-16,14:27:00,92
2021-08-16,14:47:00,93
2021-08-16,14:57:00,92.6
2021-08-16,15:07:00,93
2021-08-16,15:17:00,92.2
2021-08-16,15:27:00,91.5
2021-08-16,15:37:00,91.7
2021-08-16,15:47:00,94.2
2021-08-16,15:57:00,94.5
2021-08-16,16:07:00,90.9
2021-08-16,16:17:00,89.1
2021-08-16,16:27:00,93.2
2021-08-16,16:37:00,94.3
2021-08-16,16:47:00,92.3
2021-08-16,16:57:00,93.7
2021-08-16,17:07:00,98.3
2021-08-16,17:17:00,90.4
2021-08-16,17:27:00,91.5
2021-08-16,17:37:00,93.6
2021-08-16,17:47:00,91.5
2021-08-16,17:57:00,92.4
2021-08-16,18:07:00,95.9
2021-08-16,18:17:00,91.5
2021-08-16,18:27:00,91.6
2021-08-16,18:37:00,92.2
2021-08-16,18:47:00,94.2
2021-08-16,18:57:00,96.7
2021-08-16,19:07:00,94.1
2021-08-16,19:17:00,95
2021-08-16,19:27:00,96.4
2021-08-16,19:47:00,94.3
2021-08-16,19:57:00,96.2
2021-08-16,20:07:00,93.1
2021-08-16,20:17:00,89
2021-08-16,20:27:00,93.3
2021-08-16,20:47:00,94.3
2021-08-16,20:57:00,96.1
2021-08-16,21:07:00,95.2
2021-08-16,21:27:00,96.5
2021-08-16,21:37:00,92
2021-08-16,21:47:00,93.3
2021-08-16,21:57:00,95.2
2021-08-16,22:07:00,92.9
2021-08-16,22:27:00,94.7
2021-08-16,22:37:00,89.2
2021-08-16,22:47:00,93.4
2021-08-16,22:57:00,93.7
2021-08-16,23:07:00,96.5
2021-08-16,23:17:00,93.5
2021-08-16,23:27:00,95.4
2021-08-16,23:47:00,90.1
2021-08-16,23:57:00,96.1
2021-08-17,00:07:00,95.5
2021-08-17,00:17:00,95.4
2021-08-17,00:27:00,93.2
2021-08-17,00:37:00,96.1
2021-08-17,00:47:00,92.5
2021-08-17,00:57:00,94.8
2021-08-17,01:07:00,90.5
2021-08-17,01:17:00,97.4
2021-08-17,01:27:00,99.6
2021-08-17,01:37:00,98
2021-08-17,01:47:00,98.9
2021-08-17,01:57:00,106
2021-08-17,02:07:00,110
2021-08-17,02:17:00,110
2021-08-17,02:27:00,112
2021-08-17,02:37:00,103
2021-08-17,02:47:00,105
2021-08-17,02:57:00,102
2021-08-17,03:17:00,107
2021-08-17,03:27:00,98.9
2021-08-17,03:37:00,101
2021-08-17,03:57:00,94.1
2021-08-17,04:07:00,99.8
2021-08-17,04:27:00,96.4
2021-08-17,04:47:00,92.2
2021-08-17,05:07:00,94.8
2021-08-17,05:27:00,94.3
2021-08-17,05:37:00,91.8
2021-08-17,05:47:00,92
2021-08-17,05:57:00,96
2021-08-17,06:07:00,93.4
2021-08-17,06:17:00,94.1
2021-08-17,06:27:00,92
2021-08-17,06:37:00,93.5
2021-08-17,06:47:00,95.4
2021-08-17,06:57:00,95.8
2021-08-17,07:07:00,94
2021-08-17,07:17:00,96
2021-08-17,07:27:00,94.6
2021-08-17,07:37:00,92.9
2021-08-17,07:47:00,95.2
2021-08-17,07:57:00,96.3
2021-08-17,08:07:00,98.3
2021-08-17,08:17:00,96.8
2021-08-17,08:27:00,93.2
2021-08-17,08:37:00,95.2
2021-08-17,08:47:00,94.1
2021-08-17,08:57:00,91
2021-08-17,09:07:00,94.2
2021-08-17,09:17:00,94.2
2021-08-17,09:27:00,91
2021-08-17,09:37:00,90.6
2021-08-17,09:47:00,89.1
2021-08-17,09:57:00,92.5
2021-08-17,10:17:00,88.4
2021-08-17,10:27:00,88.6
2021-08-17,10:37:00,92.3
2021-08-17,10:47:00,95.4
2021-08-17,10:57:00,93
2021-08-17,11:07:00,93.8
2021-08-17,11:17:00,92.7
2021-08-17,11:27:00,90.7
2021-08-17,11:37:00,91.2
2021-08-17,11:57:00,92.5
2021-08-17,12:07:00,92
2021-08-17,12:17:00,92.9
2021-08-17,12:27:00,92.5
2021-08-17,12:37:00,92.7
2021-08-17,12:47:00,93.4
2021-08-17,13:07:00,93.1
2021-08-17,13:27:00,94
2021-08-17,13:37:00,93.3
2021-08-17,13:57:00,94.3
2021-08-17,14:07:00,91.1
2021-08-17,14:17:00,91.9
2021-08-17,14:27:00,93.1
2021-08-17,14:37:00,93.1
2021-08-17,14:47:00,89.2
2021-08-17,14:57:00,92.3
2021-08-17,15:07:00,93.4
2021-08-17,15:17:00,91.1
2021-08-17,15:27:00,89.8
2021-08-17,15:37:00,90.2
2021-08-17,15:47:00,92.8
2021-08-17,15:57:00,91.2
2021-08-17,16:07:00,94.5
2021-08-17,16:17:00,94
2021-08-17,16:27:00,91.2
2021-08-17,16:37:00,94.8
2021-08-17,16:47:00,93.9
2021-08-17,16:57:00,94.8
2021-08-17,17:07:00,90.8
2021-08-17,17:17:00,96.3
2021-08-17,17:27:00,93.2
2021-08-17,17:37:00,89.3
2021-08-17,17:47:00,93.3
2021-08-17,17:57:00,92.5
2021-08-17,18:07:00,92
2021-08-17,18:17:00,95
2021-08-17,18:27:00,95.1
2021-08-17,18:37:00,95.4
2021-08-17,18:47:00,97.3
2021-08-17,18:57:00,93
2021-08-17,19:07:00,92.7
2021-08-17,19:37:00,92.1
2021-08-17,19:57:00,92.7
2021-08-17,20:07:00,88.7
2021-08-17,20:17:00,95.4
2021-08-17,20:27:00,95.7
2021-08-17,20:37:00,93.7
2021-08-17,20:47:00,93.1
2021-08-17,20:57:00,93.6
2021-08-17,21:07:00,91.6
2021-08-17,21:17:00,91.8
2021-08-17,21:27:00,90.3
2021-08-17,21:47:00,94
2021-08-17,21:57:00,93.1
2021-08-17,22:07:00,94.2
2021-08-17,22:17:00,93.9
2021-08-17,22:27:00,92.3
2021-08-17,22:47:00,91
2021-08-17,22:57:00,91.2
2021-08-17,23:07:00,90.9
2021-08-17,23:17:00,95.2
2021-08-17,23:27:00,93.8
2021-08-17,23:47:00,94.2
2021-08-17,23:57:00,91.4
2021-08-18,00:07:00,94.4
2021-08-18,00:27:00,90.7
2021-08-18,00:37:00,90.9
2021-08-18,00:47:00,94.4
2021-08-18,00:57:00,90.5
2021-08-18,01:07:00,93.4
2021-08-18,01:17:00,93.4
2021-08-18,01:27:00,90.5
2021-08-18,01:37:00,91.9
2021-08-18,01:47:00,93.4
2021-08-18,01:57:00,92.1
2021-08-18,02:07:00,90.5
2021-08-18,02:17:00,93.5
2021-08-18,02:27:00,91.8
2021-08-18,02:37:00,90.6
2021-08-18,02:47:00,91.8
2021-08-18,02:57:00,94.8
2021-08-18,03:07:00,92.8
2021-08-18,03:27:00,90.3
2021-08-18,03:37:00,92
2021-08-18,03:47:00,90.6
2021-08-18,03:57:00,91.4
2021-08-18,04:07:00,90.7
2021-08-18,04:17:00,92
2021-08-18,04:27:00,93.6
2021-08-18,04:37:00,93.3
2021-08-18,04:47:00,93
2021-08-18,04:57:00,92.7
2021-08-18,05:07:00,91.3
2021-08-18,05:17:00,92.9
2021-08-18,05:27:00,94
2021-08-18,05:37:00,93.9
2021-08-18,05:47:00,92.6
2021-08-18,05:57:00,93.2
2021-08-18,06:07:00,90.8
2021-08-18,06:27:00,92.3
2021-08-18,06:37:00,93.7
2021-08-18,06:47:00,90.3
2021-08-18,06:57:00,92.7
2021-08-18,07:07:00,95.8
2021-08-18,07:17:00,93
2021-08-18,07:37:00,92.3
2021-08-18,07:47:00,88.1
2021-08-18,07:57:00,93.8
2021-08-18,08:17:00,91.7
2021-08-18,08:27:00,94.7
2021-08-18,08:37:00,92.8
2021-08-18,08:47:00,92.4
2021-08-18,09:07:00,90.1
2021-08-18,09:17:00,91.1
2021-08-18,09:37:00,89.9
2021-08-18,09:47:00,88
2021-08-18,09:57:00,93.8
2021-08-18,10:07:00,91.5
2021-08-18,10:17:00,90.7
2021-08-18,10:27:00,92.2
2021-08-18,10:37:00,95.3
2021-08-18,10:47:00,92.5
2021-08-18,10:57:00,93.3
2021-08-18,11:07:00,88.4
2021-08-18,11:17:00,92.1
2021-08-18,11:27:00,90.7
2021-08-18,11:37:00,93.6
2021-08-18,11:47:00,96
2021-08-18,11:57:00,93
2021-08-18,12:07:00,91.9
2021-08-18,12:27:00,92.2
2021-08-18,12:37:00,92.8
2021-08-18,12:47:00,95.8
2021-08-18,12:57:00,93.2
2021-08-18,13:07:00,93.6
2021-08-18,13:17:00,92.5
2021-08-18,13:27:00,91.5
2021-08-18,13:37:00,94.9
2021-08-18,13:47:00,91.3
2021-08-18,13:57:00,93.3
2021-08-18,14:07:00,91.7
2021-08-18,14:17:00,92
2021-08-18,14:27:00,93.3
2021-08-18,14:37:00,92.5
2021-08-18,14:47:00,94.5
2021-08-18,15:07:00,94.3
2021-08-18,15:17:00,90.5
2021-08-18,15:27:00,94.8
2021-08-18,15:37:00,94.3
2021-08-18,15:47:00,94.7
2021-08-18,15:57:00,92.4
2021-08-18,16:07:00,91.7
2021-08-18,16:17:00,94.2
2021-08-18,16:27:00,90.7
2021-08-18,16:37:00,91.9
2021-08-18,16:47:00,88.8
2021-08-18,16:57:00,91.4
2021-08-18,17:17:00,91
2021-08-18,17:27:00,92.3
2021-08-18,17:37:00,91.3
2021-08-18,17:47:00,90.5
2021-08-18,17:57:00,92.6
2021-08-18,18:07:00,92.4
2021-08-18,18:17:00,91
2021-08-18,18:37:00,92.2
2021-08-18,18:47:00,94
2021-08-18,18:57:00,94.6
2021-08-18,19:07:00,94
2021-08-18,19:17:00,93.2
2021-08-18,19:27:00,94.5
2021-08-18,19:37:00,92.9
2021-08-18,19:47:00,92.9
2021-08-18,19:57:00,90.9
2021-08-18,20:07:00,91.5
2021-08-18,20:17:00,92.2
2021-08-18,20:27:00,92.5
2021-08-18,20:37:00,94.7
2021-08-18,20:47:00,95.9
2021-08-18,20:57:00,91.9
2021-08-18,21:07:00,92.2
2021-08-18,21:17:00,90.1
2021-08-18,21:27:00,92.1
2021-08-18,21:37:00,98
2021-08-18,21:47:00,91.8
2021-08-18,21:57:00,93.1
2021-08-18,22:07:00,97.4
2021-08-18,22:17:00,89.7
2021-08-18,22:37:00,91
2021-08-18,22:47:00,93.8
2021-08-18,22:57:00,91.3
2021-08-18,23:07:00,90
2021-08-18,23:17:00,95.2
2021-08-18,23:27:00,92
2021-08-18,23:37:00,91.8
2021-08-18,23:47:00,90.8
2021-08-18,23:57:00,93.4
2021-08-19,00:07:00,93.7
2021-08-19,00:17:00,93
2021-08-19,00:27:00,95.4
2021-08-19,00:37:00,92.5
2021-08-19,00:47:00,91.6
2021-08-19,00:57:00,94.2
2021-08-19,01:07:00,90.3
2021-08-19,01:17:00,91.7
2021-08-19,01:27:00,91.9
2021-08-19,01:37:00,93.2
2021-08-19,01:47:00,93.3
2021-08-19,01:57:00,93.6
2021-08-19,02:07:00,90.8
2021-08-19,02:17:00,92.5
2021-08-19,02:27:00,92.5
2021-08-19,02:37:00,97.1
2021-08-19,02:47:00,93.3
2021-08-19,02:57:00,93.1
2021-08-19,03:17:00,94.9
2021-08-19,03:27:00,93.7
2021-08-19,03:37:00,96.4
2021-08-19,04:07:00,93.2
2021-08-19,04:17:00,92.4
2021-08-19,04:27:00,91
2021-08-19,04:37:00,89.2
2021-08-19,04:57:00,95.3
2021-08-19,05:07:00,92.8
2021-08-19,05:17:00,94.4
2021-08-19,05:27:00,93.6
2021-08-19,05:37:00,95.6
2021-08-19,05:47:00,97.5
2021-08-19,06:07:00,90.6
2021-08-19,06:17:00,92.6
2021-08-19,06:27:00,93
2021-08-19,06:37:00,94.3
2021-08-19,06:47:00,93.6
2021-08-19,06:57:00,92.1
2021-08-19,07:07:00,94
2021-08-19,07:17:00,96.9
2021-08-19,07:27:00,93.6
2021-08-19,07:37:00,91.7
2021-08-19,07:47:00,92.9
2021-08-19,07:57:00,93.8
2021-08-19,08:07:00,93.5
2021-08-19,08:17:00,91.3
2021-08-19,08:27:00,92.9
2021-08-19,08:37:00,89.9
2021-08-19,08:47:00,94.1
2021-08-19,08:57:00,95.2
2021-08-19,09:07:00,93.8
2021-08-19,09:17:00,97.3
2021-08-19,09:27:00,94.1
2021-08-19,09:37:00,95.2
2021-08-19,09:47:00,93.2
2021-08-19,09:57:00,94.7
2021-08-19,10:27:00,89.6
2021-08-19,10:37:00,91.8
2021-08-19,10:47:00,94.7
2021-08-19,10:57:00,90.6
2021-08-19,11:07:00,94.9
2021-08-19,11:17:00,95.7
2021-08-19,11:27:00,92.5
2021-08-19,11:37:00,89
2021-08-19,11:47:00,91.6
2021-08-19,11:57:00,91.7
2021-08-19,12:07:00,90.7
2021-08-19,12:17:00,90
2021-08-19,12:37:00,91.8
2021-08-19,12:47:00,91.4
2021-08-19,12:57:00,91.5
2021-08-19,13:07:00,91.4
2021-08-19,13:17:00,93.3
2021-08-19,13:27:00,91.7
2021-08-19,13:37:00,90.6
2021-08-19,13:47:00,92.9
2021-08-19,13:57:00,93.1
2021-08-19,14:07:00,90.4
2021-08-19,14:17:00,93.1
2021-08-19,14:27:00,93.3
2021-08-19,14:37:00,89
2021-08-19,14:47:00,90.9
2021-08-19,14:57:00,89.3
2021-08-19,15:07:00,95.7
2021-08-19,15:27:00,90.8
2021-08-19,15:37:00,91.9
2021-08-19,15:47:00,95.8
2021-08-19,15:57:00,92.7
2021-08-19,16:07:00,87.7
2021-08-19,16:27:00,91.5
2021-08-19,16:37:00,91.8
2021-08-19,16:47:00,91.9
2021-08-19,16:57:00,93.4
2021-08-19,17:07:00,92.2
2021-08-19,17:17:00,95.8
2021-08-19,17:27:00,94
2021-08-19,17:37:00,95.2
2021-08-19,17:47:00,95
2021-08-19,17:57:00,90.9
2021-08-19,18:07:00,91.2
2021-08-19,18:17:00,93.6
2021-08-19,18:27:00,93.2
2021-08-19,18:37:00,92.8
2021-08-19,18:47:00,93.8
2021-08-19,18:57:00,93.8
2021-08-19,19:07:00,92.3
2021-08-19,19:27:00,93
2021-08-19,19:37:00,89.9
2021-08-19,19:47:00,92.4
2021-08-19,19:57:00,90.8
2021-08-19,20:07:00,89.9
2021-08-19,20:17:00,94
2021-08-19,20:27:00,93.8
2021-08-19,20:37:00,95.4
2021-08-19,20:47:00,96.6
2021-08-19,20:57:00,97.4
2021-08-19,21:07:00,89.3
2021-08-19,21:17:00,90.2
2021-08-19,21:27:00,95
2021-08-19,21:37:00,92.2
2021-08-19,21:47:00,93.5
2021-08-19,21:57:00,94.4
2021-08-19,22:07:00,90.6
2021-08-19,22:17:00,91.6
2021-08-19,22:27:00,91
2021-08-19,22:47:00,96.3
2021-08-19,22:57:00,91.8
2021-08-19,23:07:00,93.7
2021-08-19,23:17:00,94.2
2021-08-19,23:27:00,95.6
2021-08-19,23:37:00,93.8
2021-08-19,23:47:00,91.8
2021-08-19,23:57:00,93.1
2021-08-20,00:07:00,93.2
2021-08-20,00:27:00,95
2021-08-20,00:37:00,93.7
2021-08-20,00:47:00,95
2021-08-20,00:57:00,90.1
2021-08-20,01:07:00,92.3
2021-08-20,01:17:00,92.9
2021-08-20,01:27:00,90.9
2021-08-20,01:37:00,94.6
2021-08-20,01:47:00,91.8
2021-08-20,02:07:00,94
2021-08-20,02:17:00,90.3
2021-08-20,02:27:00,92.8
2021-08-20,02:37:00,92.1
2021-08-20,02:47:00,91.9
2021-08-20,02:57:00,90.9
2021-08-20,03:17:00,92.5
2021-08-20,03:27:00,93
2021-08-20,03:37:00,93.7
2021-08-20,03:47:00,94
2021-08-20,04:07:00,92.5
2021-08-20,04:17:00,93.3
2021-08-20,04:27:00,91.5
2021-08-20,04:37:00,92.4
2021-08-20,04:47:00,92.7
2021-08-20,04:57:00,90.6
2021-08-20,05:07:00,93.7
2021-08-20,05:17:00,90.4
2021-08-20,05:27:00,94.7
2021-08-20,05:37:00,95.1
2021-08-20,05:47:00,90.8
2021-08-20,05:57:00,94.2
2021-08-20,06:07:00,95.2
2021-08-20,06:17:00,95.1
2021-08-20,06:47:00,94.3
2021-08-20,06:57:00,93.2
2021-08-20,07:07:00,91.1
2021-08-20,07:17:00,93.6
2021-08-20,07:27:00,94.4
2021-08-20,07:37:00,95.5
2021-08-20,07:47:00,95.4
2021-08-20,07:57:00,94.4
2021-08-20,08:07:00,91.6
2021-08-20,08:17:00,92.4
2021-08-20,08:27:00,92.9
2021-08-20,08:37:00,94.5
2021-08-20,08:47:00,92.8
2021-08-20,08:57:00,93.8
2021-08-20,09:07:00,95.3
2021-08-20,09:17:00,92.3
2021-08-20,09:27:00,93
2021-08-20,09:37:00,93.9
2021-08-20,09:47:00,90.3
2021-08-20,09:57:00,91.6
2021-08-20,10:07:00,91.1
2021-08-20,10:17:00,94.9
2021-08-20,10:27:00,93.3
2021-08-20,10:37:00,92.5
2021-08-20,10:47:00,94.6
2021-08-20,10:57:00,91.9
2021-08-20,11:07:00,94.4
2021-08-20,11:17:00,90.6
2021-08-20,11:27:00,89.2
2021-08-20,11:37:00,96
2021-08-20,11:47:00,94.7
2021-08-20,11:57:00,92.9
2021-08-20,12:07:00,90.4
2021-08-20,12:17:00,91.6
2021-08-20,12:27:00,91.3
2021-08-20,12:37:00,92.7
2021-08-20,12:47:00,95.8
2021-08-20,12:57:00,88.9
2021-08-20,13:17:00,93.1
2021-08-20,13:27:00,91.8
2021-08-20,13:37:00,93
2021-08-20,13:47:00,95.8
2021-08-20,13:57:00,92.4
2021-08-20,14:07:00,90.3
2021-08-20,14:17:00,92.3
2021-08-20,14:27:00,93
2021-08-20,14:37:00,93.1
2021-08-20,14:57:00,94.3
2021-08-20,15:07:00,91.7
2021-08-20,15:17:00,91.8
2021-08-20,15:27:00,90.8
2021-08-20,15:37:00,90.5
2021-08-20,15:47:00,93.3
2021-08-20,15:57:00,90.7
2021-08-20,16:07:00,94.1
2021-08-20,16:17:00,92.3
2021-08-20,16:27:00,93.3
2021-08-20,16:37:00,90.3
2021-08-20,16:47:00,91.6
2021-08-20,16:57:00,90.5
2021-08-20,17:07:00,93.6
2021-08-20,17:17:00,92.1
2021-08-20,17:27:00,90.1
2021-08-20,17:47:00,93.5
2021-08-20,17:57:00,94.5
2021-08-20,18:07:00,90.8
2021-08-20,18:17:00,91.7
2021-08-20,18:27:00,95.1
2021-08-20,18:37:00,92.2
2021-08-20,18:47:00,91.7
2021-08-20,18:57:00,90.5
2021-08-20,19:07:00,92.8
2021-08-20,19:17:00,96.1
2021-08-20,19:27:00,93.1
2021-08-20,19:37:00,90.6
2021-08-20,19:47:00,89.8
2021-08-20,19:57:00,94.2
2021-08-20,20:07:00,92
2021-08-20,20:17:00,95.5
2021-08-20,20:37:00,91.1
2021-08-20,20:47:00,92.2
2021-08-20,20:57:00,94.9
2021-08-20,21:07:00,95.3
2021-08-20,21:17:00,95.3
2021-08-20,21:37:00,92.4
2021-08-20,21:47:00,95
2021-08-20,21:57:00,92
2021-08-20,22:07:00,92.7
2021-08-20,22:17:00,90.5
2021-08-20,22:37:00,96.6
2021-08-20,22:47:00,93
2021-08-20,23:07:00,92.5
2021-08-20,23:17:00,93.7
2021-08-20,23:27:00,92.8
2021-08-20,23:37:00,95
2021-08-20,23:47:00,92.6
2021-08-20,23:57:00,93.6
2021-08-21,00:07:00,95.7
2021-08-21,00:17:00,96
2021-08-21,00:27:00,92
2021-08-21,00:37:00,94
2021-08-21,00:47:00,93.2
2021-08-21,00:57:00,94.4
2021-08-21,01:07:00,93
2021-08-21,01:27:00,95.1
2021-08-21,01:37:00,98
2021-08-21,01:47:00,93.1
2021-08-21,01:57:00,90.8
2021-08-21,02:07:00,89.9
2021-08-21,02:27:00,97.7
2021-08-21,02:37:00,93.3
2021-08-21,02:47:00,92.5
2021-08-21,02:57:00,90.2
2021-08-21,03:07:00,93.9
2021-08-21,03:17:00,91.8
2021-08-21,03:27:00,93.9
2021-08-21,03:37:00,98.5
2021-08-21,03:47:00,94.5
2021-08-21,03:57:00,92.3
2021-08-21,04:07:00,91.5
2021-08-21,04:17:00,93.5
2021-08-21,04:37:00,91.6
2021-08-21,04:47:00,92.5
2021-08-21,04:57:00,93
2021-08-21,05:07:00,92.2
2021-08-21,05:27:00,92.7
2021-08-21,05:37:00,95.2
2021-08-21,05:47:00,97.6
2021-08-21,05:57:00,91.1
2021-08-21,06:07:00,93.3
2021-08-21,06:17:00,95
2021-08-21,06:27:00,94.2
2021-08-21,06:37:00,94.8
2021-08-21,06:47:00,96.1
2021-08-21,06:57:00,93.3
2021-08-21,07:07:00,92.3
2021-08-21,07:17:00,90.8
2021-08-21,07:27:00,91.8
2021-08-21,07:37:00,86.8
2021-08-21,07:47:00,95.5
2021-08-21,07:57:00,92.1
2021-08-21,08:07:00,93.9
2021-08-21,08:17:00,95.8
2021-08-21,08:27:00,95
2021-08-21,08:37:00,93.8
2021-08-21,08:47:00,93.1
2021-08-21,08:57:00,90.9
2021-08-21,09:07:00,89.3
2021-08-21,09:17:00,90.7
2021-08-21,09:47:00,90.7
2021-08-21,09:57:00,92.4
2021-08-21,10:07:00,94.6
2021-08-21,10:17:00,92.5
2021-08-21,10:27:00,88.7
2021-08-21,10:37:00,93.6
2021-08-21,10:47:00,95.8
2021-08-21,10:57:00,94.9
2021-08-21,11:07:00,92.3
2021-08-21,11:27:00,92.6
2021-08-21,11:37:00,91.6
2021-08-21,11:57:00,94
2021-08-21,12:07:00,95.8
2021-08-21,12:17:00,91
2021-08-21,12:27:00,92.6
2021-08-21,12:37:00,91
2021-08-21,12:47:00,96
2021-08-21,12:57:00,91.6
2021-08-21,13:07:00,91.8
2021-08-21,13:17:00,94
2021-08-21,13:27:00,94.4
2021-08-21,13:37:00,95.1
2021-08-21,13:47:00,94.4
2021-08-21,13:57:00,94.2
2021-08-21,14:07:00,90.3
2021-08-21,14:17:00,93.8
2021-08-21,14:27:00,92.4
2021-08-21,14:37:00,95.2
2021-08-21,14:47:00,91
2021-08-21,15:07:00,92.9
2021-08-21,15:17:00,91.7
2021-08-21,15:27:00,96.2
2021-08-21,15:37:00,90.1
2021-08-21,15:47:00,92.5
2021-08-21,15:57:00,93.1
2021-08-21,16:07:00,93.9
2021-08-21,16:17:00,94.9
2021-08-21,16:27:00,93.3
2021-08-21,16:37:00,92.3
2021-08-21,16:47:00,97.6
2021-08-21,16:57:00,93
2021-08-21,17:07:00,95.8
2021-08-21,17:17:00,98.3
2021-08-21,17:27:00,92.1
2021-08-21,17:37:00,93.1
2021-08-21,17:47:00,93.1
2021-08-21,17:57:00,94.5
2021-08-21,18:07:00,96.1
2021-08-21,18:17:00,94.1
2021-08-21,18:27:00,92.5
2021-08-21,18:37:00,90.3
2021-08-21,18:47:00,90.6
2021-08-21,18:57:00,91.7
2021-08-21,19:07:00,90.9
2021-08-21,19:17:00,91.1
2021-08-21,19:27:00,94.2
2021-08-21,19:37:00,93.2
2021-08-21,19:47:00,92.7
2021-08-21,19:57:00,94.7
2021-08-21,20:07:00,92
2021-08-21,20:17:00,95.7
2021-08-21,20:27:00,90.1
2021-08-21,20:37:00,93.6
2021-08-21,20:47:00,94
2021-08-21,20:57:00,90.4
2021-08-21,21:07:00,91.4
2021-08-21,21:17:00,90.8
2021-08-21,21:27:00,93.6
2021-08-21,21:37:00,91.2
2021-08-21,21:47:00,90.4
2021-08-21,21:57:00,90.2
2021-08-21,22:07:00,95.4
2021-08-21,22:17:00,93.6
2021-08-21,22:27:00,92.3
2021-08-21,22:37:00,94.4
2021-08-21,22:47:00,90.9
2021-08-21,22:57:00,93.9
2021-08-21,23:07:00,95.8
2021-08-21,23:17:00,91
2021-08-21,23:27:00,93.6
2021-08-21,23:37:00,93.2
2021-08-21,23:47:00,91.8
2021-08-21,23:57:00,89.7
2021-08-22,00:07:00,89.2
2021-08-22,00:17:00,92.6
2021-08-22,00:27:00,92.3
2021-08-22,00:37:00,90.8
2021-08-22,00:57:00,91.3
2021-08-22,01:07:00,92.8
2021-08-22,01:17:00,92
2021-08-22,01:27:00,92
2021-08-22,01:47:00,93.8
2021-08-22,01:57:00,91.9
2021-08-22,02:07:00,93.8
2021-08-22,02:27:00,90.8
2021-08-22,02:37:00,91.5
2021-08-22,02:47:00,91.6
2021-08-22,02:57:00,93.6
2021-08-22,03:07:00,92.1
2021-08-22,03:17:00,95.3
2021-08-22,03:27:00,92.2
2021-08-22,03:37:00,92.8
2021-08-22,03:47:00,92.5
2021-08-22,03:57:00,95.3
2021-08-22,04:17:00,92.6
2021-08-22,04:27:00,93
2021-08-22,04:37:00,91.4
2021-08-22,04:57:00,92.8
2021-08-22,05:07:00,92.7
2021-08-22,05:27:00,92.2
2021-08-22,05:37:00,95.3
2021-08-22,05:47:00,94.9
2021-08-22,05:57:00,95.7
2021-08-22,06:07:00,94.3
2021-08-22,06:17:00,94.3
2021-08-22,06:27:00,96.1
2021-08-22,06:37:00,94.2
2021-08-22,06:47:00,92.5
2021-08-22,06:57:00,90.3
2021-08-22,07:07:00,93.5
2021-08-22,07:27:00,91.8
2021-08-22,07:37:00,90.9
2021-08-22,07:47:00,92.3
2021-08-22,07:57:00,91.7
2021-08-22,08:07:00,88.7
2021-08-22,08:17:00,93.2
2021-08-22,08:27:00,95.8
2021-08-22,08:37:00,98.2
2021-08-22,08:47:00,91.9
2021-08-22,08:57:00,93.3
2021-08-22,09:07:00,93.3
2021-08-22,09:17:00,87.8
2021-08-22,09:27:00,94.9
2021-08-22,09:37:00,93.9
2021-08-22,09:47:00,91.5
2021-08-22,09:57:00,88.8
2021-08-22,10:07:00,92.7
2021-08-22,10:17:00,91.5
2021-08-22,10:27:00,94.4
2021-08-22,10:37:00,94.7
2021-08-22,10:47:00,100
2021-08-22,10:57:00,95.4
2021-08-22,11:07:00,96.6
2021-08-22,11:17:00,91.2
2021-08-22,11:27:00,96
2021-08-22,11:37:00,90
2021-08-22,11:47:00,91.2
2021-08-22,11:57:00,95.4
2021-08-22,12:07:00,91.4
2021-08-22,12:27:00,98.8
2021-08-22,12:37:00,92.9
2021-08-22,12:47:00,97
2021-08-22,12:57:00,92.3
2021-08-22,13:07:00,94.6
2021-08-22,13:17:00,93.7
2021-08-22,13:27:00,89.9
2021-08-22,13:37:00,91.5
2021-08-22,13:47:00,91.8
2021-08-22,14:07:00,92.9
2021-08-22,14:17:00,94.4
2021-08-22,14:27:00,93.3
2021-08-22,14:37:00,91.8
2021-08-22,14:47:00,93.5
2021-08-22,14:57:00,92.9
2021-08-22,15:07:00,90
2021-08-22,15:17:00,93
2021-08-22,15:27:00,96.3
2021-08-22,15:37:00,94.4
2021-08-22,15:47:00,93.8
2021-08-22,15:57:00,94.3
2021-08-22,16:07:00,97.1
2021-08-22,16:17:00,94.4
2021-08-22,16:27:00,88.1
2021-08-22,16:37:00,94.9
2021-08-22,16:47:00,90.3
2021-08-22,16:57:00,92.7
2021-08-22,17:07:00,94.4
2021-08-22,17:27:00,96
2021-08-22,17:37:00,87.4
2021-08-22,17:47:00,96.4
2021-08-22,18:07:00,92
2021-08-22,18:17:00,91.6
2021-08-22,18:27:00,92.2
2021-08-22,18:37:00,94.1
2021-08-22,18:47:00,93.6
2021-08-22,18:57:00,96.3
2021-08-22,19:07:00,91.4
2021-08-22,19:17:00,92.6
2021-08-22,19:27:00,92
2021-08-22,19:37:00,90.5
2021-08-22,19:47:00,92.5
2021-08-22,19:57:00,93.4
2021-08-22,20:07:00,89.7
2021-08-22,20:17:00,89.4
2021-08-22,20:27:00,94.3
2021-08-22,20:37:00,90.6
2021-08-22,20:47:00,93.9
2021-08-22,20:57:00,92.6
2021-08-22,21:17:00,93.4
2021-08-22,21:27:00,93.1
2021-08-22,21:37:00,94.1
2021-08-22,21:47:00,94.3
2021-08-22,21:57:00,89.1
2021-08-22,22:07:00,93.2
2021-08-22,22:17:00,92.2
2021-08-22,22:27:00,95.3
2021-08-22,22:37:00,91.1
2021-08-22,22:47:00,93.3
2021-08-22,22:57:00,94.6
2021-08-22,23:07:00,93.4
2021-08-22,23:17:00,91.2
2021-08-22,23:37:00,93.3
2021-08-22,23:47:00,95.3
2021-08-22,23:57:00,92.7
2021-08-23,00:07:00,93.2
2021-08-23,00:17:00,87.3
2021-08-23,00:27:00,93.9
2021-08-23,00:37:00,93.4
2021-08-23,00:57:00,96.8
2021-08-23,01:07:00,92.9
2021-08-23,01:17:00,92.1
2021-08-23,01:27:00,94.6
2021-08-23,01:37:00,95.6
2021-08-23,01:47:00,95.5
2021-08-23,01:57:00,91.6
2021-08-23,02:07:00,93.2
2021-08-23,02:17:00,91.4
2021-08-23,02:27:00,94.4
2021-08-23,02:37:00,95.2
2021-08-23,02:47:00,92.9
2021-08-23,02:57:00,96.9
2021-08-23,03:07:00,93.5
2021-08-23,03:17:00,93.2
2021-08-23,03:27:00,93.6
2021-08-23,03:37:00,94.2
2021-08-23,03:47:00,94.7
2021-08-23,04:07:00,95.8
2021-08-23,04:17:00,93.7
2021-08-23,04:27:00,94.8
2021-08-23,04:37:00,94.4
2021-08-23,04:47:00,94.8
2021-08-23,04:57:00,93.7
2021-08-23,05:07:00,94.7
2021-08-23,05:17:00,94.9
2021-08-23,05:27:00,96.4
2021-08-23,05:47:00,94.4
2021-08-23,05:57:00,95.5
2021-08-23,06:07:00,96
2021-08-23,06:17:00,95.7
2021-08-23,06:27:00,97.6
2021-08-23,06:37:00,95.6
2021-08-23,06:47:00,98
2021-08-23,06:57:00,94
2021-08-23,07:07:00,95.6
2021-08-23,07:27:00,95.6
2021-08-23,07:37:00,98.6
2021-08-23,07:47:00,93.5
2021-08-23,07:57:00,97.6
2021-08-23,08:07:00,95.8
2021-08-23,08:17:00,96.6
2021-08-23,08:27:00,98.4
2021-08-23,08:37:00,92.5
2021-08-23,08:47:00,96.2
2021-08-23,08:57:00,96.5
2021-08-23,09:07:00,97.1
2021-08-23,09:17:00,97.4
2021-08-23,09:27:00,93.3
2021-08-23,09:37:00,92.9
2021-08-23,09:47:00,94.4
2021-08-23,09:57:00,93.2
2021-08-23,10:07:00,94
2021-08-23,10:17:00,91.1
2021-08-23,10:27:00,95
2021-08-23,10:37:00,91.7
2021-08-23,10:47:00,94
2021-08-23,10:57:00,94
2021-08-23,11:07:00,95.1
2021-08-23,11:17:00,93.6
2021-08-23,11:27:00,95.9
2021-08-23,11:37:00,92
2021-08-23,11:47:00,91.9
2021-08-23,11:57:00,91.6
2021-08-23,12:07:00,95.4
2021-08-23,12:17:00,92.5
2021-08-23,12:27:00,93.9
2021-08-23,12:37:00,93.9
2021-08-23,12:47:00,94.8
2021-08-23,12:57:00,91.8
2021-08-23,13:07:00,94.2
2021-08-23,13:17:00,93.7
2021-08-23,13:27:00,92.9
2021-08-23,13:37:00,91.1
2021-08-23,13:47:00,91.8
2021-08-23,13:57:00,90.8
2021-08-23,14:07:00,93.7
2021-08-23,14:17:00,94.3
2021-08-23,14:27:00,94.4
2021-08-23,14:37:00,93.4
2021-08-23,14:57:00,93.7
2021-08-23,15:07:00,94.5
2021-08-23,15:17:00,92.4
2021-08-23,15:27:00,96.3
2021-08-23,15:37:00,89.5
2021-08-23,15:47:00,95.1
2021-08-23,15:57:00,94.3
2021-08-23,16:17:00,97.8
2021-08-23,16:27:00,95.7
2021-08-23,16:37:00,100
2021-08-23,16:47:00,96.3
2021-08-23,16:57:00,95.3
2021-08-23,17:07:00,94.5
2021-08-23,17:17:00,95.2
2021-08-23,17:27:00,92.2
2021-08-23,17:37:00,96.7
2021-08-23,17:57:00,93.4
2021-08-23,18:17:00,95.3
2021-08-23,18:27:00,97.1
2021-08-23,18:37:00,93.6
2021-08-23,18:47:00,89.1
2021-08-23,18:57:00,92.6
2021-08-23,19:07:00,97.2
2021-08-23,19:17:00,91.6
2021-08-23,19:27:00,93.9
2021-08-23,19:37:00,93.4
2021-08-23,19:47:00,91.8
2021-08-23,19:57:00,93.2
2021-08-23,20:07:00,93.5
2021-08-23,20:17:00,91.6
2021-08-23,20:27:00,97.2
2021-08-23,20:37:00,90.9
2021-08-23,20:47:00,95.4
2021-08-23,20:57:00,93.2
2021-08-23,21:07:00,90.2
2021-08-23,21:17:00,92.6
2021-08-23,21:27:00,97.1
2021-08-23,21:37:00,95.2
2021-08-23,21:47:00,94.1
2021-08-23,21:57:00,95.7
2021-08-23,22:17:00,89.6
2021-08-23,22:27:00,93.9
2021-08-23,22:37:00,95.9
2021-08-23,22:47:00,93.2
2021-08-23,22:57:00,95.4
2021-08-23,23:07:00,94.7
2021-08-23,23:17:00,92.7
2021-08-23,23:27:00,93
2021-08-23,23:37:00,95.1
2021-08-23,23:47:00,95.4
2021-08-23,23:57:00,94.5
2021-08-24,00:07:00,94
2021-08-24,00:17:00,92.9
2021-08-24,00:27:00,97.4
2021-08-24,00:37:00,92.8
2021-08-24,00:47:00,91
2021-08-24,00:57:00,92.1
2021-08-24,01:07:00,93.3
2021-08-24,01:17:00,93.7
2021-08-24,01:27:00,91.9
2021-08-24,01:37:00,91.4
2021-08-24,01:47:00,93.7
2021-08-24,01:57:00,93.9
2021-08-24,02:07:00,95.3
2021-08-24,02:17:00,93.1
2021-08-24,02:27:00,93.6
2021-08-24,02:37:00,91.2
2021-08-24,02:57:00,95.4
2021-08-24,03:07:00,89.7
2021-08-24,03:27:00,91.8
2021-08-24,03:37:00,92.6
2021-08-24,03:47:00,89
2021-08-24,03:57:00,89.3
2021-08-24,04:07:00,91.9
2021-08-24,04:17:00,92.2
2021-08-24,04:27:00,93.3
2021-08-24,04:37:00,94.4
2021-08-24,04:47:00,92.2
2021-08-24,04:57:00,92.8
2021-08-24,05:07:00,91.3
2021-08-24,05:17:00,92.8
2021-08-24,05:27:00,91
2021-08-24,05:37:00,92.5
2021-08-24,05:47:00,94.6
2021-08-24,05:57:00,93.2
2021-08-24,06:07:00,94.7
2021-08-24,06:17:00,93.4
2021-08-24,06:27:00,89.5
2021-08-24,06:37:00,91.1
2021-08-24,06:47:00,94.9
2021-08-24,06:57:00,95
2021-08-24,07:07:00,93.2
2021-08-24,07:17:00,94.6
2021-08-24,07:37:00,93.6
2021-08-24,07:47:00,91.3
2021-08-24,07:57:00,95.7
2021-08-24,08:07:00,93.2
2021-08-24,08:17:00,91.8
2021-08-24,08:27:00,95.5
2021-08-24,08:37:00,97.4
2021-08-24,08:47:00,94.5
2021-08-24,08:57:00,89.4
2021-08-24,09:07:00,92.1
2021-08-24,09:17:00,92.6
2021-08-24,09:27:00,92.3
2021-08-24,09:37:00,94.7
2021-08-24,09:47:00,92.5
2021-08-24,09:57:00,94.3
2021-08-24,10:07:00,95.9
2021-08-24,10:17:00,98.4
2021-08-24,10:27:00,92.5
2021-08-24,10:37:00,94.2
2021-08-24,10:47:00,93.2
2021-08-24,10:57:00,95.7
2021-08-24,11:07:00,92.7
2021-08-24,11:17:00,97.1
2021-08-24,11:27:00,97.3
2021-08-24,11:37:00,90.6
2021-08-24,11:47:00,94.3
2021-08-24,11:57:00,92.3
2021-08-24,12:07:00,91.6
2021-08-24,12:17:00,90.7
2021-08-24,12:27:00,91.2
2021-08-24,12:37:00,93.2
2021-08-24,12:47:00,94.4
2021-08-24,12:57:00,95
2021-08-24,13:07:00,93.3
2021-08-24,13:17:00,92.6
2021-08-24,13:37:00,89.5
2021-08-24,13:47:00,93
2021-08-24,13:57:00,95
2021-08-24,14:07:00,91.2
2021-08-24,14:17:00,93.2
2021-08-24,14:27:00,93.2
2021-08-24,14:37:00,94.9
2021-08-24,14:57:00,92.9
2021-08-24,15:07:00,95.1
2021-08-24,15:17:00,93.4
2021-08-24,15:27:00,92
2021-08-24,15:37:00,93
2021-08-24,15:47:00,91.2
2021-08-24,15:57:00,93.6
2021-08-24,16:17:00,89.4
2021-08-24,16:27:00,93.2
2021-08-24,16:37:00,94
2021-08-24,16:47:00,95.6
2021-08-24,16:57:00,93.1
2021-08-24,17:07:00,94.5
2021-08-24,17:17:00,93.3
2021-08-24,17:27:00,93.6
2021-08-24,17:37:00,93.2
2021-08-24,17:47:00,94.4
2021-08-24,18:07:00,89.3
2021-08-24,18:17:00,93.6
2021-08-24,18:27:00,90.3
2021-08-24,18:37:00,96.9
2021-08-24,18:47:00,96.3
2021-08-24,18:57:00,94.7
2021-08-24,19:17:00,96.1
2021-08-24,19:27:00,93.5
2021-08-24,19:37:00,93.2
2021-08-24,19:47:00,92.2
2021-08-24,19:57:00,91.6
2021-08-24,20:07:00,93.8
2021-08-24,20:17:00,96.6
2021-08-24,20:27:00,88.6
2021-08-24,20:37:00,92.6
2021-08-24,20:47:00,94.8
2021-08-24,20:57:00,90.1
2021-08-24,21:07:00,94.8
2021-08-24,21:17:00,93.9
2021-08-24,21:27:00,88.5
2021-08-24,21:37:00,92.1
2021-08-24,21:47:00,91
2021-08-24,22:07:00,94.4
2021-08-24,22:17:00,92.9
2021-08-24,22:27:00,89.7
2021-08-24,22:37:00,93.8
2021-08-24,22:47:00,93.4
2021-08-24,22:57:00,88.9
2021-08-24,23:07:00,89
2021-08-24,23:17:00,92
2021-08-24,23:27:00,92.3
2021-08-24,23:37:00,96.1
2021-08-24,23:47:00,92.8
2021-08-24,23:57:00,92.6
2021-08-25,00:07:00,94.2
2021-08-25,00:17:00,93.4
2021-08-25,00:27:00,92.3
2021-08-25,00:47:00,89.8
2021-08-25,00:57:00,93.4
2021-08-25,01:07:00,96.6
2021-08-25,01:17:00,94.6
2021-08-25,01:37:00,95.2
2021-08-25,01:47:00,89.6
2021-08-25,01:57:00,93.8
2021-08-25,02:07:00,94.1
2021-08-25,02:17:00,89.3
2021-08-25,02:27:00,96.8
2021-08-25,02:37:00,93.8
2021-08-25,02:47:00,93.9
2021-08-25,02:57:00,95.5
2021-08-25,03:17:00,92.6
2021-08-25,03:27:00,91.8
2021-08-25,03:47:00,93.5
2021-08-25,03:57:00,96
2021-08-25,04:07:00,92.5
2021-08-25,04:27:00,96.6
2021-08-25,04:37:00,96.1
2021-08-25,04:47:00,97.9
2021-08-25,04:57:00,90.5
2021-08-25,05:07:00,93.8
2021-08-25,05:17:00,93.6
2021-08-25,05:27:00,88.8
2021-08-25,05:37:00,93
2021-08-25,05:57:00,92.5
2021-08-25,06:07:00,92.3
2021-08-25,06:17:00,94.6
2021-08-25,06:27:00,95.4
2021-08-25,06:37:00,93.7
2021-08-25,06:47:00,89
2021-08-25,06:57:00,93.7
2021-08-25,07:07:00,88.9
2021-08-25,07:27:00,91.7
2021-08-25,07:47:00,95.7
2021-08-25,07:57:00,95.8
2021-08-25,08:07:00,95.7
2021-08-25,08:17:00,92
2021-08-25,08:27:00,95.5
2021-08-25,08:37:00,92.2
2021-08-25,08:47:00,92.3
2021-08-25,09:07:00,90.6
2021-08-25,09:17:00,92.8
2021-08-25,09:27:00,91.4
2021-08-25,09:37:00,93.4
2021-08-25,09:47:00,90
2021-08-25,09:57:00,91.6
2021-08-25,10:07:00,95.9
2021-08-25,10:17:00,90.7
2021-08-25,10:27:00,93.1
2021-08-25,10:37:00,91.1
2021-08-25,10:47:00,90.6
2021-08-25,11:07:00,92.2
2021-08-25,11:17:00,91.5
2021-08-25,11:37:00,90.5
2021-08-25,11:47:00,90.6
2021-08-25,11:57:00,93
2021-08-25,12:07:00,95.3
2021-08-25,12:17:00,92.6
2021-08-25,12:27:00,90.3
2021-08-25,12:37:00,91.9
2021-08-25,12:47:00,93.2
2021-08-25,12:57:00,96.8
2021-08-25,13:07:00,89.7
2021-08-25,13:17:00,95.7
2021-08-25,13:27:00,95.1
2021-08-25,13:47:00,89.8
2021-08-25,13:57:00,92.2
2021-08-25,14:07:00,90.4
2021-08-25,14:17:00,91
2021-08-25,14:27:00,94.9
2021-08-25,14:37:00,90.9
2021-08-25,14:47:00,93.1
2021-08-25,14:57:00,94.4
2021-08-25,15:07:00,92
2021-08-25,15:17:00,94
2021-08-25,15:27:00,92.3
2021-08-25,15:47:00,92.3
2021-08-25,15:57:00,93.8
2021-08-25,16:07:00,93.1
2021-08-25,16:17:00,94
2021-08-25,16:47:00,92.4
2021-08-25,16:57:00,94.7
2021-08-25,17:07:00,91.7
2021-08-25,17:17:00,92.6
2021-08-25,17:37:00,95.4
2021-08-25,17:47:00,93.5
2021-08-25,17:57:00,96.5
2021-08-25,18:07:00,94.8
2021-08-25,18:17:00,90.7
2021-08-25,18:37:00,92.3
2021-08-25,18:47:00,91.1
2021-08-25,18:57:00,92.6
2021-08-25,19:07:00,94.2
2021-08-25,19:17:00,89.9
2021-08-25,19:27:00,93.1
2021-08-25,19:37:00,93.4
2021-08-25,19:47:00,93.5
2021-08-25,19:57:00,93.7
2021-08-25,20:07:00,90.9
2021-08-25,20:17:00,94.9
2021-08-25,20:27:00,94
2021-08-25,20:47:00,91.6
2021-08-25,20:57:00,97.5
2021-08-25,21:07:00,94.9
2021-08-25,21:17:00,90.6
2021-08-25,21:27:00,91.4
2021-08-25,21:37:00,93.6
2021-08-25,21:47:00,96.2
2021-08-25,21:57:00,92.7
2021-08-25,22:07:00,93.9
2021-08-25,22:17:00,95.6
2021-08-25,22:27:00,95.1
2021-08-25,22:37:00,95.6
2021-08-25,22:47:00,93.1
2021-08-25,22:57:00,92
2021-08-25,23:17:00,93.3
2021-08-25,23:27:00,93.6
2021-08-25,23:37:00,91.2
2021-08-25,23:47:00,91
2021-08-25,23:57:00,93.3
2021-08-26,00:07:00,92.3
2021-08-26,00:17:00,91.7
2021-08-26,00:27:00,90.6
2021-08-26,00:37:00,94.7
2021-08-26,00:57:00,89.8
2021-08-26,01:07:00,93.3
2021-08-26,01:17:00,94.9
2021-08-26,01:27:00,91.2
2021-08-26,01:37:00,90.5
2021-08-26,01:47:00,90.8
2021-08-26,01:57:00,93.7
2021-08-26,02:27:00,90.8
2021-08-26,02:47:00,90.4
2021-08-26,02:57:00,96.5
2021-08-26,03:07:00,93.5
2021-08-26,03:17:00,92.9
2021-08-26,03:37:00,96
2021-08-26,03:47:00,98.1
2021-08-26,03:57:00,94.4
2021-08-26,04:07:00,95.6
2021-08-26,04:17:00,94.2
2021-08-26,04:27:00,97.2
2021-08-26,04:37:00,94.8
2021-08-26,04:47:00,93
2021-08-26,04:57:00,97
2021-08-26,05:07:00,91.8
2021-08-26,05:17:00,92.3
2021-08-26,05:27:00,91.5
2021-08-26,05:37:00,92.1
2021-08-26,05:47:00,97.6
2021-08-26,05:57:00,95.6
2021-08-26,06:07:00,92
2021-08-26,06:17:00,92.4
2021-08-26,06:27:00,92.1
2021-08-26,06:37:00,94.6
2021-08-26,06:47:00,93.7
2021-08-26,07:07:00,91.9
2021-08-26,07:17:00,95.7
2021-08-26,07:27:00,91.2
2021-08-26,07:37:00,92.4
2021-08-26,07:47:00,95.5
2021-08-26,07:57:00,95
2021-08-26,08:07:00,91.4
2021-08-26,08:17:00,92.5
2021-08-26,08:27:00,93.6
2021-08-26,08:37:00,93.3
2021-08-26,08:47:00,89.9
2021-08-26,08:57:00,91.3
2021-08-26,09:07:00,90.8
2021-08-26,09:17:00,96.3
2021-08-26,09:27:00,93.2
2021-08-26,09:37:00,97.2
2021-08-26,09:47:00,95.5
2021-08-26,09:57:00,93.1
2021-08-26,10:07:00,95.2
2021-08-26,10:17:00,93.4
2021-08-26,10:27:00,93.6
2021-08-26,10:37:00,91
2021-08-26,10:47:00,92.8
2021-08-26,11:07:00,91.8
2021-08-26,11:17:00,92.6
2021-08-26,11:27:00,93
2021-08-26,11:37:00,94.6
2021-08-26,11:47:00,95.8
2021-08-26,11:57:00,93.1
2021-08-26,12:07:00,96.1
2021-08-26,12:17:00,91.6
2021-08-26,12:27:00,92.8
2021-08-26,12:37:00,94.5
2021-08-26,12:47:00,90.6
2021-08-26,12:57:00,94.4
2021-08-26,13:17:00,93.8
2021-08-26,13:27:00,92.8
2021-08-26,13:37:00,95.4
2021-08-26,13:47:00,91.5
2021-08-26,13:57:00,89
2021-08-26,14:07:00,88.6
2021-08-26,14:17:00,94.4
2021-08-26,14:27:00,97.2
2021-08-26,14:37:00,91
2021-08-26,14:47:00,94.4
2021-08-26,14:57:00,91.4
2021-08-26,15:07:00,92.6
2021-08-26,15:17:00,93.5
2021-08-26,15:27:00,93.4
2021-08-26,15:37:00,93.9
2021-08-26,15:47:00,95
2021-08-26,15:57:00,92.9
2021-08-26,16:07:00,93.1
2021-08-26,16:17:00,93.7
2021-08-26,16:27:00,92.9
2021-08-26,16:37:00,94.5
2021-08-26,16:47:00,92.7
2021-08-26,17:07:00,92
2021-08-26,17:27:00,92.6
2021-08-26,17:37:00,94.6
2021-08-26,17:47:00,94.4
2021-08-26,17:57:00,91.6
2021-08-26,18:07:00,92
2021-08-26,18:17:00,96
2021-08-26,18:27:00,93.9
2021-08-26,18:37:00,94.6
2021-08-26,18:47:00,92.4
2021-08-26,19:07:00,94.1
2021-08-26,19:17:00,93.5
2021-08-26,19:27:00,94.1
2021-08-26,19:37:00,92.8
2021-08-26,19:47:00,93.5
2021-08-26,19:57:00,97.4
2021-08-26,20:07:00,94.6
2021-08-26,20:17:00,93.3
2021-08-26,20:37:00,92.4
2021-08-26,20:47:00,92.5
2021-08-26,20:57:00,93.4
2021-08-26,21:07:00,94.1
2021-08-26,21:17:00,92.6
2021-08-26,21:27:00,93.3
2021-08-26,21:37:00,96.7
2021-08-26,21:47:00,93.8
2021-08-26,21:57:00,94.8
2021-08-26,22:07:00,91.5
2021-08-26,22:17:00,94.1
2021-08-26,22:27:00,94.8
2021-08-26,22:37:00,93.8
2021-08-26,22:47:00,93
2021-08-26,22:57:00,96.8
2021-08-26,23:07:00,93.3
2021-08-26,23:17:00,92.6
2021-08-26,23:27:00,94.2
2021-08-26,23:37:00,93.7
2021-08-26,23:47:00,92.5
2021-08-26,23:57:00,92.9
2021-08-27,00:07:00,90.5
2021-08-27,00:27:00,95.6
2021-08-27,00:37:00,90.4
2021-08-27,00:47:00,99.1
2021-08-27,00:57:00,94.5
2021-08-27,01:07:00,93.5
2021-08-27,01:17:00,91.1
2021-08-27,01:27:00,95.3
2021-08-27,01:37:00,92.4
2021-08-27,01:47:00,96.7
2021-08-27,01:57:00,95.4
2021-08-27,02:07:00,97.9
2021-08-27,02:17:00,93.4
2021-08-27,02:27:00,96.6
2021-08-27,02:37:00,94.3
2021-08-27,02:47:00,96.8
2021-08-27,02:57:00,95.7
2021-08-27,03:07:00,93.5
2021-08-27,03:17:00,91.6
2021-08-27,03:27:00,95.1
2021-08-27,03:37:00,95.3
2021-08-27,03:47:00,93.4
2021-08-27,03:57:00,93.3
2021-08-27,04:07:00,92.4
2021-08-27,04:27:00,93.5
2021-08-27,04:37:00,93.8
2021-08-27,04:47:00,92.4
2021-08-27,04:57:00,93.7
2021-08-27,05:07:00,95.4
2021-08-27,05:17:00,94.5
2021-08-27,05:27:00,93.1
2021-08-27,05:37:00,92.2
2021-08-27,05:47:00,93.9
2021-08-27,05:57:00,97.1
2021-08-27,06:07:00,94.1
2021-08-27,06:17:00,97.2
2021-08-27,06:27:00,96.7
2021-08-27,06:37:00,92.8
2021-08-27,06:47:00,97.1
2021-08-27,06:57:00,94
2021-08-27,07:07:00,94.1
2021-08-27,07:17:00,93.8
2021-08-27,07:37:00,94.5
2021-08-27,07:47:00,94.4
2021-08-27,07:57:00,93.3
2021-08-27,08:07:00,92.8
2021-08-27,08:17:00,96.2
2021-08-27,08:27:00,94.6
2021-08-27,08:37:00,94.5
2021-08-27,08:47:00,92
2021-08-27,08:57:00,92.8
2021-08-27,09:07:00,93.7
2021-08-27,09:17:00,94.6
2021-08-27,09:27:00,96.2
2021-08-27,09:37:00,94.7
2021-08-27,09:47:00,92.6
2021-08-27,09:57:00,90.4
2021-08-27,10:07:00,92.9
2021-08-27,10:17:00,91.2
2021-08-27,10:27:00,93.9
2021-08-27,10:37:00,94
2021-08-27,10:47:00,91.7
2021-08-27,10:57:00,91.7
2021-08-27,11:07:00,95.9
2021-08-27,11:17:00,93
2021-08-27,11:27:00,96.1
2021-08-27,11:37:00,93.6
2021-08-27,11:47:00,91.1
2021-08-27,11:57:00,92.8
2021-08-27,12:07:00,90.9
2021-08-27,12:17:00,95
2021-08-27,12:27:00,94.2
2021-08-27,12:37:00,92.2
2021-08-27,12:57:00,94
2021-08-27,13:07:00,94.9
2021-08-27,13:17:00,95.4
2021-08-27,13:27:00,92.3
2021-08-27,13:37:00,91.2
2021-08-27,13:47:00,93.5
2021-08-27,13:57:00,92
2021-08-27,14:07:00,94.6
2021-08-27,14:17:00,93.5
2021-08-27,14:27:00,95
2021-08-27,14:37:00,94.1
2021-08-27,14:47:00,91.6
2021-08-27,14:57:00,94.5
2021-08-27,15:07:00,95.9
2021-08-27,15:17:00,94.1
2021-08-27,15:27:00,96
2021-08-27,15:37:00,92.8
2021-08-27,15:47:00,91.7
2021-08-27,15:57:00,89.8
2021-08-27,16:07:00,96.2
2021-08-27,16:17:00,90
2021-08-27,16:27:00,95.7
2021-08-27,16:37:00,92.7
2021-08-27,16:47:00,93.2
2021-08-27,16:57:00,93.6
2021-08-27,17:17:00,93.3
2021-08-27,17:27:00,95
2021-08-27,17:37:00,92.7
2021-08-27,17:47:00,90.6
2021-08-27,17:57:00,93.6
2021-08-27,18:07:00,91
2021-08-27,18:17:00,91.2
2021-08-27,18:27:00,94.1
2021-08-27,18:37:00,92.9
2021-08-27,18:47:00,92.6
2021-08-27,18:57:00,91.8
2021-08-27,19:07:00,91.6
2021-08-27,19:17:00,94.5
2021-08-27,19:27:00,96.9
2021-08-27,19:47:00,92.5
2021-08-27,19:57:00,90.6
2021-08-27,20:07:00,93.5
2021-08-27,20:17:00,90.4
2021-08-27,20:27:00,90.6
2021-08-27,20:37:00,92
2021-08-27,20:47:00,95.2
2021-08-27,20:57:00,94
2021-08-27,21:07:00,91
2021-08-27,21:17:00,89.6
2021-08-27,21:27:00,95.9
2021-08-27,21:37:00,93.7
2021-08-27,21:47:00,92.4
2021-08-27,21:57:00,93.8
2021-08-27,22:07:00,92.1
2021-08-27,22:17:00,90.9
2021-08-27,22:27:00,94.7
2021-08-27,22:37:00,93.3
2021-08-27,22:47:00,93.2
2021-08-27,22:57:00,94.8
2021-08-27,23:17:00,94.2
2021-08-27,23:27:00,91
2021-08-27,23:37:00,92.4
2021-08-27,23:57:00,95.4
2021-08-28,00:07:00,92.6
2021-08-28,00:17:00,94.8
2021-08-28,00:27:00,93.1
2021-08-28,00:37:00,93.6
2021-08-28,00:47:00,96.8
2021-08-28,00:57:00,91.1
2021-08-28,01:07:00,92.4
2021-08-28,01:27:00,91.6
2021-08-28,01:37:00,95.4
2021-08-28,01:47:00,92.7
2021-08-28,01:57:00,93.7
2021-08-28,02:07:00,92.9
2021-08-28,02:17:00,92.7
2021-08-28,02:27:00,95.2
2021-08-28,02:37:00,92.1
2021-08-28,02:47:00,95.7
2021-08-28,02:57:00,94.3
2021-08-28,03:07:00,95.2
2021-08-28,03:17:00,93.3
2021-08-28,03:27:00,96.6
2021-08-28,03:37:00,92.8
2021-08-28,03:47:00,94.1
2021-08-28,03:57:00,91.9
2021-08-28,04:17:00,94.6
2021-08-28,04:27:00,97.4
2021-08-28,04:37:00,94.7
2021-08-28,04:47:00,96.1
2021-08-28,04:57:00,96.6
2021-08-28,05:07:00,93.6
2021-08-28,05:27:00,90.8
2021-08-28,05:37:00,91.3
2021-08-28,05:47:00,91.4
2021-08-28,05:57:00,95
2021-08-28,06:07:00,91.9
2021-08-28,06:27:00,92.1
2021-08-28,06:37:00,92.2
2021-08-28,06:47:00,90.8
2021-08-28,06:57:00,94.8
2021-08-28,07:07:00,92.1
2021-08-28,07:17:00,93.6
2021-08-28,07:27:00,88.8
2021-08-28,07:37:00,90.3
2021-08-28,07:47:00,90.8
2021-08-28,07:57:00,90.6
2021-08-28,08:07:00,94.3
2021-08-28,08:17:00,94.7
2021-08-28,08:27:00,94.7
2021-08-28,08:47:00,93.6
2021-08-28,08:57:00,93.9
2021-08-28,09:07:00,94.4
2021-08-28,09:17:00,91.9
2021-08-28,09:27:00,93.7
2021-08-28,09:37:00,92.2
2021-08-28,09:47:00,93.1
2021-08-28,09:57:00,93
2021-08-28,10:07:00,93.6
2021-08-28,10:17:00,95
2021-08-28,10:37:00,94
2021-08-28,10:47:00,90
2021-08-28,10:57:00,89.5
2021-08-28,11:07:00,93.8
2021-08-28,11:17:00,92.8
2021-08-28,11:27:00,91.9
2021-08-28,11:37:00,90.6
2021-08-28,11:47:00,95.8
2021-08-28,11:57:00,95.2
2021-08-28,12:07:00,91.9
2021-08-28,12:27:00,90.2
2021-08-28,12:37:00,93.3
2021-08-28,13:07:00,92.9
2021-08-28,13:17:00,89.9
2021-08-28,13:27:00,93.4
2021-08-28,13:37:00,94.2
2021-08-28,13:47:00,91.1
2021-08-28,13:57:00,94
2021-08-28,14:07:00,90.8
2021-08-28,14:17:00,91.2
2021-08-28,14:27:00,94.5
2021-08-28,14:47:00,91.6
2021-08-28,14:57:00,93.3
2021-08-28,15:07:00,96.3
2021-08-28,15:17:00,94.9
2021-08-28,15:27:00,91
2021-08-28,15:37:00,93.7
2021-08-28,15:57:00,92.8
2021-08-28,16:07:00,95.8
2021-08-28,16:17:00,92.3
2021-08-28,16:27:00,94.5
2021-08-28,16:37:00,89.2
2021-08-28,16:47:00,96.1
2021-08-28,16:57:00,91
2021-08-28,17:07:00,92.3
2021-08-28,17:27:00,93.2
2021-08-28,17:37:00,96.1
2021-08-28,17:47:00,90.9
2021-08-28,17:57:00,91.2
2021-08-28,18:07:00,93.7
2021-08-28,18:17:00,93.7
2021-08-28,18:27:00,93.9
2021-08-28,18:37:00,93.6
2021-08-28,18:47:00,92.3
2021-08-28,19:07:00,92
2021-08-28,19:17:00,93.3
2021-08-28,19:27:00,92.1
2021-08-28,19:37:00,93.5
2021-08-28,19:47:00,96.1
2021-08-28,19:57:00,95.1
2021-08-28,20:07:00,97.6
2021-08-28,20:17:00,95.1
2021-08-28,20:37:00,95.6
2021-08-28,20:47:00,93
2021-08-28,20:57:00,97.5
2021-08-28,21:07:00,92.4
2021-08-28,21:17:00,94
2021-08-28,21:27:00,93.5
2021-08-28,21:37:00,92.8
2021-08-28,21:47:00,94.1
2021-08-28,21:57:00,91.9
2021-08-28,22:07:00,94.2
2021-08-28,22:17:00,93.8
2021-08-28,22:27:00,92.4
2021-08-28,22:37:00,92.4
2021-08-28,22:47:00,93.9
2021-08-28,22:57:00,92.1
2021-08-28,23:07:00,95.8
2021-08-28,23:17:00,97.3
2021-08-28,23:27:00,99.8
2021-08-28,23:37:00,101
2021-08-28,23:47:00,98.7
2021-08-28,23:57:00,102
2021-08-29,00:07:00,101
2021-08-29,00:17:00,100
2021-08-29,00:27:00,99.2
2021-08-29,00:37:00,100
2021-08-29,00:47:00,100
2021-08-29,00:57:00,96.5
2021-08-29,01:07:00,95.1
2021-08-29,01:17:00,97.6
2021-08-29,01:27:00,100
2021-08-29,01:37:00,94.2
2021-08-29,01:47:00,96.6
2021-08-29,01:57:00,93.4
2021-08-29,02:07:00,96.1
2021-08-29,02:17:00,94
2021-08-29,02:27:00,93.2
2021-08-29,02:37:00,96.7
2021-08-29,02:47:00,90.9
2021-08-29,02:57:00,91.6
2021-08-29,03:07:00,95.8
2021-08-29,03:27:00,90.5
2021-08-29,03:37:00,90.2
2021-08-29,03:47:00,91.3
2021-08-29,03:57:00,95.7
2021-08-29,04:07:00,92.8
2021-08-29,04:17:00,90.5
2021-08-29,04:27:00,93.1
2021-08-29,04:37:00,94.6
2021-08-29,04:47:00,89.5
2021-08-29,04:57:00,88.2
2021-08-29,05:07:00,90.9
2021-08-29,05:17:00,93.4
2021-08-29,05:27:00,93.9
2021-08-29,05:37:00,94.7
2021-08-29,05:47:00,95
2021-08-29,05:57:00,95.2
2021-08-29,06:07:00,94.8
2021-08-29,06:17:00,89.8
2021-08-29,06:27:00,94
2021-08-29,06:37:00,98.1
2021-08-29,06:47:00,91.9
2021-08-29,06:57:00,92.4
2021-08-29,07:07:00,94.2
2021-08-29,07:27:00,91.6
2021-08-29,07:37:00,94.5
2021-08-29,07:47:00,93.1
2021-08-29,07:57:00,91.6
2021-08-29,08:07:00,90.9
2021-08-29,08:17:00,94.8
2021-08-29,08:37:00,93
2021-08-29,08:47:00,95.2
2021-08-29,08:57:00,95.1
2021-08-29,09:07:00,91.8
2021-08-29,09:17:00,94.4
2021-08-29,09:27:00,91.2
2021-08-29,09:37:00,98.8
2021-08-29,09:47:00,94.9
2021-08-29,10:07:00,95.9
2021-08-29,10:17:00,97.1
2021-08-29,10:27:00,90.5
2021-08-29,10:37:00,93.1
2021-08-29,10:47:00,94.5
2021-08-29,11:07:00,94.3
2021-08-29,11:17:00,94.3
2021-08-29,11:27:00,93.6
2021-08-29,11:47:00,94.6
2021-08-29,11:57:00,95.4
2021-08-29,12:07:00,91.5
2021-08-29,12:17:00,92.9
2021-08-29,12:27:00,93.2
2021-08-29,12:37:00,92.7
2021-08-29,12:47:00,93.4
2021-08-29,12:57:00,94.2
2021-08-29,13:07:00,94
2021-08-29,13:17:00,94
2021-08-29,13:47:00,93
2021-08-29,13:57:00,92.3
2021-08-29,14:07:00,92.3
2021-08-29,14:17:00,93.9
2021-08-29,14:37:00,91.9
2021-08-29,14:47:00,92
2021-08-29,14:57:00,94.2
2021-08-29,15:07:00,96
2021-08-29,15:37:00,93.1
2021-08-29,15:47:00,94.1
2021-08-29,15:57:00,93.4
2021-08-29,16:07:00,94.6
2021-08-29,16:17:00,93
2021-08-29,16:27:00,92.1
2021-08-29,16:37:00,92.2
2021-08-29,16:47:00,93.7
2021-08-29,16:57:00,95.8
2021-08-29,17:17:00,99.5
2021-08-29,17:27:00,102
2021-08-29,17:37:00,108
2021-08-29,17:47:00,105
2021-08-29,17:57:00,108
2021-08-29,18:17:00,108
2021-08-29,18:27:00,111
2021-08-29,18:37:00,114
2021-08-29,18:47:00,114
2021-08-29,18:57:00,119
2021-08-29,19:27:00,115
2021-08-29,19:37:00,111
2021-08-29,19:47:00,110
2021-08-29,20:07:00,111
2021-08-29,20:17:00,106
2021-08-29,20:27:00,107
2021-08-29,20:37:00,102
2021-08-29,20:47:00,105
2021-08-29,20:57:00,99.6
2021-08-29,21:07:00,97.6
2021-08-29,21:17:00,102
2021-08-29,21:27:00,96.2
2021-08-29,21:37:00,103
2021-08-29,21:47:00,98
2021-08-29,21:57:00,97
2021-08-29,22:07:00,99.9
2021-08-29,22:17:00,96.3
2021-08-29,22:27:00,99
2021-08-29,22:37:00,95.8
2021-08-29,22:47:00,95.7
2021-08-29,22:57:00,99.7
2021-08-29,23:07:00,96.1
2021-08-29,23:17:00,93.4
2021-08-29,23:27:00,94.7
2021-08-29,23:37:00,95
2021-08-29,23:47:00,92.9
2021-08-29,23:57:00,95.9
2021-08-30,00:07:00,92.5
2021-08-30,00:17:00,94
2021-08-30,00:27:00,94.7
2021-08-30,00:37:00,92.8
2021-08-30,00:47:00,95
2021-08-30,00:57:00,95.7
2021-08-30,01:07:00,89.7
2021-08-30,01:17:00,95.6
2021-08-30,01:27:00,94.9
2021-08-30,01:37:00,92.6
2021-08-30,01:47:00,91.1
2021-08-30,01:57:00,90.9
2021-08-30,02:07:00,93.8
2021-08-30,02:17:00,92.6
2021-08-30,02:27:00,93
2021-08-30,02:37:00,97.8
2021-08-30,02:47:00,92
2021-08-30,02:57:00,93
2021-08-30,03:07:00,93.9
2021-08-30,03:17:00,94.1
2021-08-30,03:27:00,92.6
2021-08-30,03:37:00,93.7
2021-08-30,03:47:00,96.7
2021-08-30,03:57:00,94.2
2021-08-30,04:07:00,97
2021-08-30,04:27:00,94.6
2021-08-30,04:37:00,94.4
2021-08-30,04:57:00,94.3
2021-08-30,05:07:00,94.4
2021-08-30,05:17:00,95.9
2021-08-30,05:27:00,95
2021-08-30,05:37:00,91.1
2021-08-30,05:47:00,92.1
2021-08-30,05:57:00,94.8
2021-08-30,06:07:00,94.4
2021-08-30,06:17:00,92.9
2021-08-30,06:27:00,98.5
2021-08-30,06:37:00,93.9
2021-08-30,06:47:00,94.4
2021-08-30,06:57:00,94.3
2021-08-30,07:07:00,93.2
2021-08-30,07:17:00,96
2021-08-30,07:27:00,96.1
2021-08-30,07:37:00,94.3
2021-08-30,07:47:00,92.1
2021-08-30,07:57:00,92.3
2021-08-30,08:07:00,90.4
2021-08-30,08:17:00,91
2021-08-30,08:27:00,91.1
2021-08-30,08:37:00,94
2021-08-30,08:47:00,93.5
2021-08-30,08:57:00,93.8
2021-08-30,09:07:00,94
2021-08-30,09:17:00,94
2021-08-30,09:27:00,90.3
2021-08-30,09:37:00,96.2
2021-08-30,09:47:00,97.7
2021-08-30,09:57:00,94.8
2021-08-30,10:07:00,92.5
2021-08-30,10:17:00,94.1
2021-08-30,10:27:00,94.7
2021-08-30,10:37:00,95.4
2021-08-30,10:47:00,95.5
2021-08-30,10:57:00,91.8
2021-08-30,11:07:00,92.5
2021-08-30,11:17:00,92.8
2021-08-30,11:27:00,94.1
2021-08-30,11:37:00,92.2
2021-08-30,11:47:00,92.9
2021-08-30,11:57:00,92.9
2021-08-30,12:07:00,96.6
2021-08-30,12:17:00,95
2021-08-30,12:27:00,92.2
2021-08-30,12:47:00,91.7
2021-08-30,12:57:00,95.9
2021-08-30,13:07:00,94.3
2021-08-30,13:17:00,90.8
2021-08-30,13:27:00,93.1
2021-08-30,13:37:00,92.5
2021-08-30,13:47:00,94.1
2021-08-30,13:57:00,90.2
2021-08-30,14:07:00,93.2
2021-08-30,14:17:00,92.3
2021-08-30,14:47:00,93.6
2021-08-30,14:57:00,95.6
2021-08-30,15:17:00,91.9
2021-08-30,15:27:00,92.8
2021-08-30,15:37:00,94.6
2021-08-30,15:47:00,94
2021-08-30,15:57:00,92.5
2021-08-30,16:07:00,94.3
2021-08-30,16:17:00,91.9
2021-08-30,16:27:00,91.3
2021-08-30,16:37:00,94.4
2021-08-30,16:47:00,93.6
2021-08-30,16:57:00,91.5
2021-08-30,17:07:00,91.7
2021-08-30,17:17:00,88.9
2021-08-30,17:27:00,92.6
2021-08-30,17:37:00,96.3
2021-08-30,17:47:00,92.5
2021-08-30,17:57:00,90
2021-08-30,18:07:00,88.8
2021-08-30,18:17:00,93.8
2021-08-30,18:27:00,91
2021-08-30,18:37:00,92.2
2021-08-30,18:47:00,91.1
2021-08-30,18:57:00,93.8
2021-08-30,19:07:00,95.1
2021-08-30,19:17:00,92.3
2021-08-30,19:27:00,91.9
2021-08-30,19:37:00,86.8
2021-08-30,19:47:00,91.4
2021-08-30,19:57:00,95.2
2021-08-30,20:07:00,93.7
2021-08-30,20:17:00,94
2021-08-30,20:27:00,89.2
2021-08-30,20:37:00,96
2021-08-30,20:47:00,91.5
2021-08-30,20:57:00,94.8
2021-08-30,21:17:00,90.9
2021-08-30,21:27:00,92.7
2021-08-30,21:37:00,93.5
2021-08-30,21:47:00,92.4
2021-08-30,21:57:00,93.2
2021-08-30,22:07:00,93
2021-08-30,22:27:00,92.7
2021-08-30,22:37:00,94.2
2021-08-30,22:47:00,93.5
2021-08-30,23:07:00,95
2021-08-30,23:17:00,92.7
2021-08-30,23:27:00,91.9
2021-08-30,23:37:00,91.9
2021-08-30,23:47:00,92.6
2021-08-30,23:57:00,93.1
