2017-01-07,17:54:00,94.3
2017-01-07,18:04:00,94.8
2017-01-07,18:14:00,91.6
2017-01-07,18:24:00,92.2
2017-01-07,18:34:00,94.8
2017-01-07,18:44:00,95.3
2017-01-07,18:54:00,94.2
2017-01-07,19:04:00,96.4
2017-01-07,19:14:00,97.4
2017-01-07,19:24:00,95
2017-01-07,19:34:00,98.5
2017-01-07,19:44:00,93.8
2017-01-07,19:54:00,94.1
2017-01-07,20:04:00,95.3
2017-01-07,20:14:00,96.9
2017-01-07,20:24:00,94.3
2017-01-07,20:34:00,93.7
2017-01-07,20:44:00,94.1
2017-01-07,20:54:00,92.3
2017-01-07,21:04:00,94.2
2017-01-07,21:14:00,91.7
2017-01-07,21:24:00,94.1
2017-01-07,21:34:00,93.8
2017-01-07,21:44:00,95
2017-01-07,21:54:00,94.1
2017-01-07,22:04:00,92.3
2017-01-07,22:14:00,90.7
2017-01-07,22:24:00,92.9
2017-01-07,22:34:00,92.8
2017-01-07,22:44:00,92.4
2017-01-07,22:54:00,90.7
2017-01-07,23:04:00,95.2
2017-01-07,23:14:00,95.6
2017-01-07,23:24:00,94.2
2017-01-07,23:34:00,92.9
2017-01-07,23:44:00,91.7
2017-01-07,23:54:00,90.6
2017-01-08,00:04:00,92.7
2017-01-08,00:14:00,95.2
2017-01-08,00:24:00,93.1
2017-01-08,00:34:00,96.6
2017-01-08,00:44:00,94.3
2017-01-08,00:54:00,93.4
2017-01-08,01:04:00,94.3
2017-01-08,01:14:00,92
2017-01-08,01:24:00,91.3
2017-01-08,01:34:00,92.7
2017-01-08,01:44:00,93.4
2017-01-08,01:54:00,94.7
2017-01-08,02:04:00,93.6
2017-01-08,02:14:00,95.6
2017-01-08,02:24:00,93.5
2017-01-08,02:34:00,93
2017-01-08,02:44:00,90.8
2017-01-08,02:54:00,97
2017-01-08,03:04:00,91.7
2017-01-08,03:14:00,92
2017-01-08,03:24:00,90.5
2017-01-08,03:34:00,91.2
2017-01-08,03:44:00,92.1
2017-01-08,03:54:00,91.2
2017-01-08,04:04:00,97.2
2017-01-08,04:14:00,95.3
2017-01-08,04:24:00,93.4
2017-01-08,04:34:00,95
2017-01-08,04:44:00,95.4
2017-01-08,04:54:00,95.4
2017-01-08,05:04:00,94.5
2017-01-08,05:14:00,97.2
2017-01-08,05:24:00,94.9
2017-01-08,05:34:00,92.7
2017-01-08,05:44:00,93.1
2017-01-08,05:54:00,94.9
2017-01-08,06:04:00,95.5
2017-01-08,06:14:00,94.9
2017-01-08,06:24:00,95.6
2017-01-08,06:34:00,96.8
2017-01-08,06:44:00,92.7
2017-01-08,06:54:00,97.8
2017-01-08,07:04:00,96.7
2017-01-08,07:14:00,93.1
2017-01-08,07:24:00,95.1
2017-01-08,07:34:00,95.5
2017-01-08,07:44:00,96.7
2017-01-08,07:54:00,95.6
2017-01-08,08:04:00,92.5
2017-01-08,08:14:00,94.2
2017-01-08,08:24:00,98.8
2017-01-08,08:34:00,95.2
2017-01-08,08:44:00,94.5
2017-01-08,08:54:00,94.5
2017-01-08,09:04:00,96.9
2017-01-08,09:14:00,94.6
2017-01-08,09:24:00,92.4
2017-01-08,09:34:00,91.9
2017-01-08,09:44:00,96
2017-01-08,09:54:00,90.9
2017-01-08,10:04:00,92.2
2017-01-08,10:14:00,94.1
2017-01-08,10:24:00,95.6
2017-01-08,10:34:00,94.9
2017-01-08,10:44:00,96.5
2017-01-08,10:54:00,95.4
2017-01-08,11:04:00,93.8
2017-01-08,11:14:00,9700000000
2017-01-08,11:24:00,96.9
2017-01-08,11:34:00,97.6
2017-01-08,11:44:00,96.2
2017-01-08,11:54:00,94.5
2017-01-08,12:04:00,92.3
2017-01-08,12:14:00,96.3
2017-01-08,12:24:00,92.9
2017-01-08,12:34:00,96.4
2017-01-08,12:44:00,95.6
2017-01-08,12:54:00,92.7
2017-01-08,13:04:00,96.7
2017-01-08,13:14:00,95.5
2017-01-08,13:24:00,97
2017-01-08,13:34:00,97.1
2017-01-08,13:44:00,98.1
2017-01-08,13:54:00,95.4
2017-01-08,14:04:00,94.2
2017-01-08,14:14:00,91.2
2017-01-08,14:24:00,93
2017-01-08,14:34:00,95.5
2017-01-08,14:44:00,94.1
2017-01-08,14:54:00,95
2017-01-08,15:04:00,92.8
2017-01-08,15:14:00,95.3
2017-01-08,15:24:00,92.5
2017-01-08,15:34:00,96.3
2017-01-08,15:44:00,9400000000
2017-01-13,15:54:00,93.5
2017-01-13,16:04:00,90.6
2017-01-13,16:14:00,92.9
2017-01-13,16:24:00,96.9
2017-01-13,16:34:00,94.3
2017-01-13,16:44:00,96.5
2017-01-13,16:54:00,98.3
2017-01-13,17:04:00,94.1
2017-01-13,17:14:00,94.2
2017-01-13,17:24:00,94.4
2017-01-13,17:34:00,93.5
2017-01-13,17:44:00,93.8
2017-01-13,17:54:00,97.2
2017-01-13,18:04:00,93.5
2017-01-13,18:14:00,96
2017-01-13,18:24:00,96.8
2017-01-13,18:34:00,94.8
2017-01-13,18:44:00,96.7
2017-01-13,18:54:00,97.3
2017-01-13,19:04:00,93.5
2017-01-13,19:14:00,95.4
2017-01-13,19:24:00,94.6
2017-01-13,19:34:00,95.5
2017-01-13,19:44:00,91.3
2017-01-13,19:54:00,95.1
2017-01-13,20:04:00,93
2017-01-13,20:14:00,95
2017-01-13,20:24:00,94.6
2017-01-13,20:34:00,94
2017-01-13,20:44:00,93.6
2017-01-13,20:54:00,94.6
2017-01-13,21:04:00,95.5
2017-01-13,21:14:00,94.6
2017-01-13,21:24:00,93.2
2017-01-13,21:34:00,93.1
2017-01-13,21:44:00,94.7
2017-01-13,21:54:00,93.5
2017-01-13,22:04:00,94.5
2017-01-13,22:14:00,98
2017-01-13,22:24:00,93.2
2017-01-13,22:34:00,97.6
2017-01-13,22:44:00,94.8
2017-01-13,22:54:00,96.2
2017-01-13,23:04:00,94
2017-01-13,23:14:00,95.9
2017-01-13,23:24:00,93.2
2017-01-13,23:34:00,95.8
2017-01-13,23:44:00,91.2
2017-01-13,23:54:00,95.9
2017-01-14,00:04:00,94.8
2017-01-14,00:14:00,95.3
2017-01-14,00:24:00,91.7
2017-01-14,00:34:00,91.4
2017-01-14,00:44:00,92.8
2017-01-14,00:54:00,92.4
2017-01-14,01:04:00,92.3
2017-01-14,01:14:00,93.3
2017-01-14,01:24:00,91.5
2017-01-14,01:34:00,95.7
2017-01-14,01:44:00,95.3
2017-01-14,01:54:00,95.7
2017-01-14,02:04:00,95.1
2017-01-14,02:14:00,95
2017-01-14,02:24:00,94.3
2017-01-14,02:34:00,96.7
2017-01-14,02:44:00,93.6
2017-01-14,02:54:00,98.4
2017-01-14,03:04:00,91.7
2017-01-14,03:14:00,99.3
2017-01-14,03:24:00,90.6
2017-01-14,03:34:00,92.4
2017-01-14,03:44:00,95.9
2017-01-14,03:54:00,99.3
2017-01-14,04:04:00,96
2017-01-14,04:14:00,94.1
2017-01-14,04:24:00,94.1
2017-01-14,04:34:00,91.7
2017-01-14,04:44:00,95.8
2017-01-14,04:54:00,95.1
2017-01-14,05:04:00,98.3
2017-01-14,05:14:00,93.5
2017-01-14,05:24:00,97.6
2017-01-14,05:34:00,96.5
2017-01-14,05:44:00,94.7
2017-01-14,05:54:00,95
2017-01-14,06:04:00,93.2
2017-01-14,06:14:00,96.6
2017-01-14,06:24:00,95.6
2017-01-14,06:34:00,95
2017-01-14,06:44:00,93.4
2017-01-14,06:54:00,92.2
2017-01-14,07:04:00,91.9
2017-01-14,07:14:00,90.9
2017-01-14,07:24:00,92.1
2017-01-14,07:34:00,94.3
2017-01-14,07:44:00,91.4
2017-01-14,07:54:00,95.5
2017-01-14,08:04:00,94.1
2017-01-14,08:14:00,97
2017-01-14,08:24:00,94.3
2017-01-14,08:34:00,93.5
2017-01-14,08:44:00,94.7
2017-01-14,08:54:00,95.9
2017-01-14,09:04:00,95.4
2017-01-14,09:14:00,93
2017-01-14,09:24:00,96.4
2017-01-14,09:34:00,95
2017-01-14,09:44:00,97.6
2017-01-14,09:54:00,93.8
2017-01-14,10:04:00,96.2
2017-01-14,10:14:00,94.3
2017-01-14,10:24:00,95.8
2017-01-14,10:34:00,94.6
2017-01-14,10:44:00,93.7
2017-01-14,10:54:00,99.4
2017-01-14,11:04:00,90.1
2017-01-14,11:14:00,94.1
2017-01-14,11:24:00,94
2017-01-14,11:34:00,94.3
2017-01-14,11:44:00,97.5
2017-01-14,11:54:00,96.6
2017-01-14,12:04:00,92.2
2017-01-14,12:14:00,92.7
2017-01-14,12:24:00,92.5
2017-01-14,12:34:00,92.8
2017-01-14,12:44:00,94.6
2017-01-14,12:54:00,96.1
2017-01-14,13:04:00,91.4
2017-01-14,13:14:00,95.3
2017-01-14,13:24:00,95.9
2017-01-14,13:34:00,94.7
2017-01-14,13:44:00,97
2017-01-14,13:54:00,96.1
2017-01-14,14:04:00,97.1
2017-01-14,14:14:00,95.1
2017-01-14,14:24:00,98.3
2017-01-14,14:34:00,94.2
2017-01-14,14:44:00,97.5
2017-01-14,14:54:00,95.4
2017-01-14,15:04:00,93.9
2017-01-14,15:14:00,94.7
2017-01-14,15:24:00,95.1
2017-01-14,15:34:00,95.6
2017-01-14,15:44:00,91.4
2017-01-14,15:54:00,93.5
2017-01-14,16:04:00,94.5
2017-01-14,16:14:00,97.3
2017-01-14,16:24:00,97
2017-01-14,16:34:00,93.8
2017-01-14,16:44:00,92.4
2017-01-14,16:54:00,93.4
2017-01-14,17:04:00,95.4
2017-01-14,17:14:00,91.2
2017-01-14,17:24:00,95.6
2017-01-14,17:34:00,92.2
2017-01-14,17:44:00,90.9
2017-01-14,17:54:00,93.8
2017-01-14,18:04:00,95.5
2017-01-14,18:14:00,93.4
2017-01-14,18:24:00,93.1
2017-01-14,18:34:00,95.1
2017-01-14,18:44:00,93.1
2017-01-14,18:54:00,95.1
2017-01-14,19:04:00,94.7
2017-01-14,19:14:00,92.9
2017-01-14,19:24:00,93.3
2017-01-14,19:34:00,94.4
2017-01-14,19:44:00,95.4
2017-01-14,19:54:00,95.3
2017-01-14,20:04:00,94.9
2017-01-14,20:14:00,96.1
2017-01-14,20:24:00,94
2017-01-14,20:34:00,94.4
2017-01-14,20:44:00,93.2
2017-01-14,20:54:00,91.8
2017-01-14,21:04:00,96.3
2017-01-14,21:14:00,94.2
2017-01-14,21:24:00,94.2
2017-01-14,21:34:00,94.4
2017-01-14,21:44:00,94.7
2017-01-14,21:54:00,94.6
2017-01-14,22:04:00,92.1
2017-01-14,22:14:00,95.3
2017-01-14,22:24:00,92.1
2017-01-14,22:34:00,94.9
2017-01-14,22:44:00,91
2017-01-14,22:54:00,93.5
2017-01-14,23:04:00,93.8
2017-01-14,23:14:00,95
2017-01-14,23:24:00,92.9
2017-01-14,23:34:00,92.9
2017-01-14,23:44:00,90.9
2017-01-14,23:54:00,94.7
2017-01-15,00:04:00,94
2017-01-15,00:14:00,94
2017-01-15,00:24:00,93.1
2017-01-15,00:34:00,97.9
2017-01-15,00:44:00,93
2017-01-15,00:54:00,95.6
2017-01-15,01:04:00,94.2
2017-01-15,01:14:00,93.2
2017-01-15,01:24:00,94.7
2017-01-15,01:34:00,98.4
2017-01-15,01:44:00,92.7
2017-01-15,01:54:00,95.1
2017-01-15,02:04:00,94.1
2017-01-15,02:14:00,95.2
2017-01-15,02:24:00,94.8
2017-01-15,02:34:00,93.7
2017-01-15,02:44:00,94.5
2017-01-15,02:54:00,96
2017-01-15,03:04:00,94.6
2017-01-15,03:14:00,94.8
2017-01-15,03:24:00,93.9
2017-01-15,03:34:00,93.6
2017-01-15,03:44:00,95.4
2017-01-15,03:54:00,94.4
2017-01-15,04:04:00,92.5
2017-01-15,04:14:00,91.4
2017-01-15,04:24:00,91
2017-01-15,04:34:00,91.4
2017-01-15,04:44:00,92.3
2017-01-15,04:54:00,94
2017-01-15,05:04:00,96.2
2017-01-15,05:14:00,97
2017-01-15,05:24:00,95.1
2017-01-15,05:34:00,92.7
2017-01-15,05:44:00,94.4
2017-01-15,05:54:00,95.5
2017-01-15,06:04:00,96.9
2017-01-15,06:14:00,92.5
2017-01-15,06:24:00,97.7
2017-01-15,06:34:00,96.5
2017-01-15,06:44:00,92.4
2017-01-15,06:54:00,92
2017-01-15,07:04:00,91.4
2017-01-15,07:14:00,91.1
2017-01-15,07:24:00,90
2017-01-18,11:04:00,91.3
2017-01-18,11:14:00,93.3
2017-01-18,11:24:00,89.7
2017-01-18,11:34:00,90.3
2017-01-18,11:44:00,91.5
2017-01-18,11:54:00,89.6
2017-01-18,12:04:00,88.7
2017-01-18,12:14:00,93.4
2017-01-18,12:24:00,94.5
2017-01-18,12:34:00,89.6
2017-01-18,12:44:00,89.2
2017-01-18,12:54:00,94.3
2017-01-18,13:04:00,92
2017-01-18,13:14:00,89.4
2017-01-18,13:24:00,92.8
2017-01-18,13:34:00,94.7
2017-01-18,13:44:00,90.3
2017-01-18,13:54:00,90.5
2017-01-18,14:04:00,91.7
2017-01-18,14:14:00,89.8
2017-01-18,14:24:00,90
2017-01-18,14:34:00,92.3
2017-01-18,14:44:00,93.2
2017-01-18,14:54:00,91.7
2017-01-18,15:04:00,91.4
2017-01-18,15:14:00,92.9
2017-01-18,15:24:00,92.9
2017-01-18,15:34:00,90.9
2017-01-18,15:44:00,88.8
2017-01-18,15:54:00,91.1
2017-01-18,16:04:00,93.5
2017-01-18,16:14:00,93.7
2017-01-18,16:24:00,92.7
2017-01-18,16:34:00,93
2017-01-18,16:44:00,89.7
2017-01-18,16:54:00,92.5
2017-01-18,17:04:00,92.2
2017-01-18,17:14:00,92.2
2017-01-18,17:24:00,92.7
2017-01-18,17:34:00,92.1
2017-01-18,17:44:00,89.9
2017-01-18,17:54:00,93.9
2017-01-18,18:04:00,93.9
2017-01-18,18:14:00,96.7
2017-01-18,18:24:00,88.7
2017-01-18,18:34:00,89.1
2017-01-18,18:44:00,92.6
2017-01-18,18:54:00,90.8
2017-01-18,19:04:00,94
2017-01-18,19:14:00,87.9
2017-01-18,19:24:00,93.7
2017-01-18,19:34:00,92.7
2017-01-18,19:44:00,87.2
2017-01-18,19:54:00,94.7
2017-01-18,20:04:00,94.8
2017-01-18,20:14:00,91.7
2017-01-18,20:24:00,90.9
2017-01-18,20:34:00,91.7
2017-01-18,20:44:00,91.4
2017-01-18,20:54:00,91.9
2017-01-18,21:04:00,91.7
2017-01-18,21:14:00,93.6
2017-01-18,21:24:00,87
2017-01-18,21:34:00,94.1
2017-01-18,21:44:00,94.7
2017-01-18,21:54:00,89.7
2017-01-18,22:04:00,92.5
2017-01-18,22:14:00,90.9
2017-01-18,22:24:00,90.3
2017-01-18,22:34:00,93.1
2017-01-18,22:44:00,88
2017-01-18,22:54:00,91.9
2017-01-18,23:04:00,90.7
2017-01-18,23:14:00,90.7
2017-01-18,23:24:00,89.9
2017-01-18,23:34:00,90.2
2017-01-18,23:44:00,92.6
2017-01-18,23:54:00,94.4
2017-01-19,00:04:00,95.8
2017-01-19,00:14:00,92
2017-01-19,00:24:00,92.9
2017-01-19,00:34:00,94.1
2017-01-19,00:44:00,92.1
2017-01-19,00:54:00,91.6
2017-01-19,01:04:00,95.3
2017-01-19,01:14:00,90.1
2017-01-19,01:24:00,92.5
2017-01-19,01:34:00,89.5
2017-01-19,01:44:00,90.4
2017-01-19,01:54:00,94
2017-01-19,02:04:00,89.1
2017-01-19,02:14:00,95.7
2017-01-19,02:24:00,89.2
2017-01-19,02:34:00,93
2017-01-19,02:44:00,91.7
2017-01-19,02:54:00,91.1
2017-01-19,03:04:00,92.8
2017-01-19,03:14:00,91
2017-01-19,03:24:00,90.7
2017-01-19,03:34:00,90.6
2017-01-19,03:44:00,92.3
2017-01-19,03:54:00,92.2
2017-01-19,04:04:00,88.2
2017-01-19,04:14:00,91.4
2017-01-19,04:24:00,91
2017-01-19,04:34:00,93
2017-01-19,04:44:00,92.2
2017-01-19,04:54:00,91.9
2017-01-19,05:04:00,91.8
2017-01-19,05:14:00,89.6
2017-01-19,05:24:00,91.6
2017-01-19,05:34:00,92.1
2017-01-19,05:44:00,91.6
2017-01-19,05:54:00,92.1
2017-01-19,06:04:00,89.2
2017-01-19,06:14:00,91.8
2017-01-19,06:24:00,89.6
2017-01-19,06:34:00,91.1
2017-01-19,06:44:00,94.4
2017-01-19,06:54:00,92
2017-01-19,07:04:00,93.9
2017-01-19,07:14:00,92.9
2017-01-19,07:24:00,95.1
2017-01-19,07:34:00,91.9
2017-01-19,07:44:00,91.2
2017-01-19,07:54:00,89.2
2017-01-19,08:04:00,92.9
2017-01-19,08:14:00,95.9
2017-01-19,08:24:00,91.6
2017-01-19,08:34:00,91.7
2017-01-19,08:44:00,90.4
2017-01-19,08:54:00,91.9
2017-01-19,09:04:00,90.5
2017-01-19,09:14:00,88.9
2017-01-19,09:24:00,91.3
2017-01-19,09:34:00,92.8
2017-01-19,09:44:00,92.7
2017-01-19,09:54:00,93.1
2017-01-19,10:04:00,92.1
2017-01-19,10:14:00,89.9
2017-01-19,10:24:00,92.5
2017-01-19,10:34:00,91.1
2017-01-19,10:44:00,92.4
2017-01-19,10:54:00,93.3
2017-01-19,11:04:00,92.5
2017-01-19,11:14:00,91.4
2017-01-19,11:24:00,91.2
2017-01-19,11:34:00,92
2017-01-19,11:44:00,90.5
2017-01-19,11:54:00,93.3
2017-01-19,12:04:00,88.9
2017-01-19,12:14:00,91.2
2017-01-19,12:24:00,92.1
2017-01-19,12:34:00,90.9
2017-01-19,12:44:00,91.6
2017-01-19,12:54:00,92.7
2017-01-19,13:04:00,91.7
2017-01-19,13:14:00,89.9
2017-01-19,13:24:00,89.4
2017-01-19,13:34:00,92.6
2017-01-19,13:44:00,91
2017-01-19,13:54:00,93.1
2017-01-19,14:04:00,90.2
2017-01-19,14:14:00,92.6
2017-01-19,14:24:00,93.6
2017-01-19,14:34:00,92.5
2017-01-19,14:44:00,93.9
2017-01-19,14:54:00,90.6
2017-01-19,15:04:00,93.7
2017-01-19,15:14:00,92.8
2017-01-19,15:24:00,93.8
2017-01-19,15:34:00,96.4
2017-01-19,15:44:00,91.9
2017-01-19,15:54:00,93.1
2017-01-19,16:04:00,91.3
2017-01-19,16:14:00,91.3
2017-01-19,16:24:00,89.7
2017-01-19,16:34:00,90.8
2017-01-19,16:44:00,91.8
2017-01-19,16:54:00,93
2017-01-19,17:04:00,89.7
2017-01-19,17:14:00,94.1
2017-01-19,17:24:00,93.1
2017-01-19,17:34:00,94.6
2017-01-19,17:44:00,94.1
2017-01-19,17:54:00,93.7
2017-01-19,18:04:00,91.9
2017-01-19,18:14:00,93.5
2017-01-19,18:24:00,92.3
2017-01-19,18:34:00,89
2017-01-19,18:44:00,92.2
2017-01-19,18:54:00,95.3
2017-01-19,19:04:00,93.6
2017-01-19,19:14:00,93.3
2017-01-19,19:24:00,93.8
2017-01-19,19:34:00,91.4
2017-01-19,19:44:00,91.6
2017-01-19,19:54:00,93.1
2017-01-19,20:04:00,93.1
2017-01-19,20:14:00,95.3
2017-01-19,20:24:00,91.6
2017-01-19,20:34:00,92.4
2017-01-19,20:44:00,93.7
2017-01-19,20:54:00,91.9
2017-01-19,21:04:00,95.8
2017-01-19,21:14:00,92.6
2017-01-19,21:24:00,93.4
2017-01-19,21:34:00,89.7
2017-01-19,21:44:00,93.9
2017-01-19,21:54:00,93.7
2017-01-19,22:04:00,96.8
2017-01-19,22:14:00,92.8
2017-01-19,22:24:00,91.6
2017-01-19,22:34:00,91.7
2017-01-19,22:44:00,93.7
2017-01-19,22:54:00,92.1
2017-01-19,23:04:00,94.7
2017-01-19,23:14:00,90.3
2017-01-19,23:24:00,90.6
2017-01-19,23:34:00,91.8
2017-01-19,23:44:00,93.2
2017-01-19,23:54:00,92.5
2017-01-20,00:04:00,92.4
2017-01-20,00:14:00,90.1
2017-01-20,00:24:00,94.9
2017-01-20,00:34:00,94.6
2017-01-20,00:44:00,91.9
2017-01-20,00:54:00,91.5
2017-01-20,01:04:00,92.7
2017-01-20,01:14:00,95.6
2017-01-20,01:24:00,97.3
2017-01-20,01:34:00,95
2017-01-20,01:44:00,94.9
2017-01-20,01:54:00,95.2
2017-01-20,02:04:00,96
2017-01-20,02:14:00,93.4
2017-01-20,02:24:00,93.3
2017-01-20,02:34:00,93.5
2017-01-20,02:44:00,93.6
2017-01-20,02:54:00,95
2017-01-20,03:04:00,95.5
2017-01-20,03:14:00,92.6
2017-01-20,03:24:00,94.9
2017-01-20,03:34:00,92
2017-01-20,03:44:00,95.3
2017-01-20,03:54:00,93.5
2017-01-20,04:04:00,92.5
2017-01-20,04:14:00,93.7
2017-01-20,04:24:00,92.6
2017-01-20,04:34:00,97.5
2017-01-20,04:44:00,93.2
2017-01-20,04:54:00,91.3
2017-01-20,05:04:00,95.3
2017-01-20,05:14:00,93.6
2017-01-20,05:24:00,94.1
2017-01-20,05:34:00,96.8
2017-01-20,05:44:00,97.5
2017-01-20,05:54:00,96
2017-01-20,06:04:00,94.5
2017-01-20,06:14:00,96.2
2017-01-20,06:24:00,95.4
2017-01-20,06:34:00,95.3
2017-01-20,06:44:00,96.6
2017-01-20,06:54:00,89.8
2017-01-20,07:04:00,90.3
2017-01-20,07:14:00,96.4
2017-01-20,07:24:00,93.6
2017-01-20,07:34:00,91
2017-01-20,07:44:00,91.5
2017-01-20,07:54:00,92.9
2017-01-20,08:04:00,95.8
2017-01-20,08:14:00,96.8
2017-01-20,08:24:00,92.6
2017-01-20,08:34:00,93.8
2017-01-20,08:44:00,96.7
2017-01-20,08:54:00,92.6
2017-01-20,09:04:00,90.8
2017-01-20,09:14:00,95.6
2017-01-20,09:24:00,91.2
2017-01-20,09:34:00,92.8
2017-01-20,09:44:00,96.7
2017-01-20,09:54:00,94
2017-01-20,10:04:00,97.3
2017-01-20,10:14:00,91.1
2017-01-20,10:24:00,95.9
2017-01-20,10:34:00,92.4
2017-01-20,10:44:00,93.7
2017-01-20,10:54:00,90.5
2017-01-20,11:04:00,92.5
2017-01-20,11:14:00,92.4
2017-01-20,11:24:00,93.4
2017-01-20,11:34:00,95.2
2017-01-20,11:44:00,88.8
2017-01-20,11:54:00,92.3
2017-01-20,12:04:00,91.2
2017-01-20,12:14:00,92.1
2017-01-20,12:24:00,92.9
2017-01-20,12:34:00,91.8
2017-01-20,12:44:00,93.9
2017-01-20,12:54:00,93.7
2017-01-20,13:04:00,92.8
2017-01-20,13:14:00,91.5
2017-01-20,13:24:00,94
2017-01-20,13:34:00,92.9
2017-01-20,13:44:00,93.3
2017-01-20,13:54:00,91.8
2017-01-20,14:04:00,91.8
2017-01-20,14:14:00,95.8
2017-01-20,14:24:00,93.6
2017-01-20,14:34:00,96.7
2017-01-20,14:44:00,91.8
2017-01-20,14:54:00,94.5
2017-01-20,15:04:00,93.6
2017-01-20,15:14:00,90
2017-01-20,15:24:00,94.1
2017-01-20,15:34:00,92
2017-01-20,15:44:00,94.6
2017-01-20,15:54:00,96.4
2017-01-20,16:04:00,96.3
2017-01-20,16:14:00,96.6
2017-01-20,16:24:00,93.9
2017-01-20,16:34:00,94.7
2017-01-20,16:44:00,96.8
2017-01-20,16:54:00,94.7
2017-01-20,17:04:00,97
2017-01-20,17:14:00,98.8
2017-01-20,17:24:00,96.5
2017-01-20,17:34:00,92
2017-01-20,17:44:00,91.7
2017-01-20,17:54:00,95.6
2017-01-20,18:04:00,96.3
2017-01-20,18:14:00,95.1
2017-01-20,18:24:00,94.7
2017-01-20,18:34:00,92.4
2017-01-20,18:44:00,92.2
2017-01-20,18:54:00,94.9
2017-01-20,19:04:00,94.1
2017-01-20,19:14:00,94.1
2017-01-20,19:24:00,93
2017-01-20,19:34:00,93.3
2017-01-20,19:44:00,97.4
2017-01-20,19:54:00,93.7
2017-01-20,20:04:00,96.5
2017-01-20,20:14:00,93.8
2017-01-20,20:24:00,92.2
2017-01-20,20:34:00,93.4
2017-01-20,20:44:00,89.5
2017-01-20,20:54:00,93.1
2017-01-20,21:04:00,91.9
2017-01-20,21:14:00,92.8
2017-01-20,21:24:00,96.9
2017-01-20,21:34:00,93.9
2017-01-20,21:44:00,93.3
2017-01-20,21:54:00,92.3
2017-01-20,22:04:00,94.2
2017-01-20,22:14:00,97.7
2017-01-20,22:24:00,96
2017-01-20,22:34:00,95.1
2017-01-20,22:44:00,96.3
2017-01-20,22:54:00,95.1
2017-01-20,23:04:00,93.8
2017-01-20,23:14:00,92.4
2017-01-20,23:24:00,95.9
2017-01-20,23:34:00,93.6
2017-01-20,23:44:00,96.6
2017-01-20,23:54:00,96.6
2017-01-21,00:04:00,94.6
2017-01-21,00:14:00,91.8
2017-01-21,00:24:00,95.2
2017-01-21,00:34:00,92.9
2017-01-21,00:44:00,92.6
2017-01-21,00:54:00,95.5
2017-01-21,01:04:00,96.3
2017-01-21,01:14:00,92.7
2017-01-21,01:24:00,93.9
2017-01-21,01:34:00,97
2017-01-21,01:44:00,96.3
2017-01-21,01:54:00,95.6
2017-01-21,02:04:00,95.6
2017-01-21,02:14:00,91.3
2017-01-21,02:24:00,94.6
2017-01-21,02:34:00,93.6
2017-01-21,02:44:00,95.7
2017-01-21,02:54:00,91.1
2017-01-21,03:04:00,94.8
2017-01-21,03:14:00,92.9
2017-01-21,03:24:00,95.6
2017-01-21,03:34:00,93.9
2017-01-21,03:44:00,96.3
2017-01-21,03:54:00,93.6
2017-01-21,04:04:00,94
2017-01-21,04:14:00,93.5
2017-01-21,04:24:00,99.4
2017-01-21,04:34:00,95.3
2017-01-21,04:44:00,95.1
2017-01-21,04:54:00,96.8
2017-01-21,05:04:00,91.8
2017-01-21,05:14:00,92.7
2017-01-21,05:24:00,94
2017-01-21,05:34:00,94.2
2017-01-21,05:44:00,89.8
2017-01-21,05:54:00,92.4
2017-01-21,06:04:00,93.8
2017-01-21,06:14:00,92.8
2017-01-21,06:24:00,95
2017-01-21,06:34:00,91.9
2017-01-21,06:44:00,93.9
2017-01-21,06:54:00,93.8
2017-01-21,07:04:00,96.5
2017-01-21,07:14:00,94.1
2017-01-21,07:24:00,92.3
2017-01-21,07:34:00,97.7
2017-01-21,07:44:00,96.9
2017-01-21,07:54:00,96.1
2017-01-21,08:04:00,94.6
2017-01-21,08:14:00,93.1
2017-01-21,08:24:00,94.2
2017-01-21,08:34:00,94.6
2017-01-21,08:44:00,95.7
2017-01-21,08:54:00,90.8
2017-01-21,09:04:00,91.4
2017-01-21,09:14:00,96
2017-01-21,09:24:00,93.8
2017-01-21,09:34:00,97.1
2017-01-21,09:44:00,96.5
2017-01-21,09:54:00,95.5
2017-01-21,10:04:00,96.4
2017-01-21,10:14:00,97.2
2017-01-21,10:24:00,91.7
2017-01-21,10:34:00,96.2
2017-01-21,10:44:00,93.7
2017-01-21,10:54:00,97.5
2017-01-21,11:04:00,94.7
2017-01-21,11:14:00,95.2
2017-01-21,11:24:00,89.8
2017-01-21,11:34:00,95
2017-01-21,11:44:00,97.3
2017-01-21,11:54:00,92.2
2017-01-21,12:04:00,92.6
2017-01-21,12:14:00,92.7
2017-01-21,12:24:00,92.8
2017-01-21,12:34:00,93
2017-01-21,12:44:00,94.6
2017-01-21,12:54:00,95.9
2017-01-21,13:04:00,91.3
2017-01-21,13:14:00,93
2017-01-21,13:24:00,92.3
2017-01-21,13:34:00,95.3
2017-01-21,13:44:00,92.7
2017-01-21,13:54:00,93.4
2017-01-21,14:04:00,97.2
2017-01-21,14:14:00,92.1
2017-01-21,14:24:00,94.8
2017-01-21,14:34:00,90.6
2017-01-21,14:44:00,92
2017-01-21,14:54:00,94.2
2017-01-21,15:04:00,94.2
2017-01-21,15:14:00,91.8
2017-01-21,15:24:00,90
2017-01-21,15:34:00,94.8
2017-01-21,15:44:00,91.5
2017-01-21,15:54:00,95.8
2017-01-21,16:04:00,97.3
2017-01-21,16:14:00,99.2
2017-01-21,16:24:00,97.8
2017-01-21,16:34:00,91.3
2017-01-21,16:44:00,94.1
2017-01-21,16:54:00,92.1
2017-01-21,17:04:00,94.7
2017-01-21,17:14:00,93
2017-01-21,17:24:00,95.2
2017-01-21,17:34:00,91.3
2017-01-21,17:44:00,95.8
2017-01-21,17:54:00,94.3
2017-01-21,18:04:00,96.5
2017-01-21,18:14:00,96.1
2017-01-21,18:24:00,95.8
2017-01-21,18:34:00,94.8
2017-01-21,18:44:00,93
2017-01-21,18:54:00,92.9
2017-01-21,19:04:00,97.8
2017-01-21,19:14:00,91
2017-01-21,19:24:00,93.7
2017-01-21,19:34:00,94.5
2017-01-21,19:44:00,99.4
2017-01-21,19:54:00,94.6
2017-01-21,20:04:00,92.7
2017-01-21,20:14:00,95.7
2017-01-21,20:24:00,94.9
2017-01-21,20:34:00,95.4
2017-01-21,20:44:00,97.2
2017-01-21,20:54:00,95.2
2017-01-21,21:04:00,98.1
2017-01-21,21:14:00,96.1
2017-01-21,21:24:00,95.7
2017-01-21,21:34:00,95.6
2017-01-21,21:44:00,93.5
2017-01-21,21:54:00,94.5
2017-01-21,22:04:00,96.5
2017-01-21,22:14:00,95.5
2017-01-21,22:24:00,95.6
2017-01-21,22:34:00,94
2017-01-21,22:44:00,94.6
2017-01-21,22:54:00,94
2017-01-21,23:04:00,94.4
2017-01-21,23:14:00,97.4
2017-01-21,23:24:00,94.3
2017-01-21,23:34:00,90.6
2017-01-21,23:44:00,97.4
2017-01-21,23:54:00,94.5
2017-01-22,00:04:00,95
2017-01-22,00:14:00,98.1
2017-01-22,00:24:00,95.8
2017-01-22,00:34:00,95.7
2017-01-22,00:44:00,93.8
2017-01-22,00:54:00,96.2
2017-01-22,01:04:00,97
2017-01-22,01:14:00,93.4
2017-01-22,01:24:00,95.6
2017-01-22,01:34:00,95.1
2017-01-22,01:44:00,96.7
2017-01-22,01:54:00,97.4
2017-01-22,02:04:00,95.7
2017-01-22,02:14:00,93.1
2017-01-22,02:24:00,98.1
2017-01-22,02:34:00,92.8
2017-01-22,02:44:00,94.6
2017-01-22,02:54:00,95.1
2017-01-22,03:04:00,93
2017-01-22,03:14:00,90.3
2017-01-22,03:24:00,93.4
2017-01-22,03:34:00,91.4
2017-01-22,03:44:00,91.8
2017-01-22,03:54:00,91.4
2017-01-22,04:04:00,93.5
2017-01-22,04:14:00,95.2
2017-01-22,04:24:00,94.2
2017-01-22,04:34:00,94.7
2017-01-22,04:44:00,92.9
2017-01-22,04:54:00,93.4
2017-01-22,05:04:00,95.9
2017-01-22,05:14:00,95.6
2017-01-22,05:24:00,92.7
2017-01-22,05:34:00,97.3
2017-01-22,05:44:00,95.8
2017-01-22,05:54:00,93.2
2017-01-22,06:04:00,95.6
2017-01-22,06:14:00,95.2
2017-01-22,06:24:00,96.6
2017-01-22,06:34:00,91.9
2017-01-22,06:44:00,96.6
2017-01-22,06:54:00,98.6
2017-01-22,07:04:00,94.3
2017-01-22,07:14:00,93.1
2017-01-22,07:24:00,92
2017-01-22,07:34:00,93.1
2017-01-22,07:44:00,91.4
2017-01-22,07:54:00,93.2
2017-01-22,08:04:00,96.9
2017-01-22,08:14:00,93.9
2017-01-22,08:24:00,90.6
2017-01-22,08:34:00,92.6
2017-01-22,08:44:00,95.3
2017-01-22,08:54:00,94.5
2017-01-22,09:04:00,94.9
2017-01-22,09:14:00,96.7
2017-01-22,09:24:00,90.2
2017-01-22,09:34:00,90.4
2017-01-22,09:44:00,93
2017-01-22,09:54:00,92.8
2017-01-22,10:04:00,92.1
2017-01-22,10:14:00,92.7
2017-01-22,10:24:00,94.5
2017-01-22,10:34:00,91.8
2017-01-22,10:44:00,92.3
2017-01-22,10:54:00,93
2017-01-22,11:04:00,93.4
2017-01-22,11:14:00,94.4
2017-01-22,11:24:00,95.6
2017-01-22,11:34:00,89.8
2017-01-22,11:44:00,90.8
2017-01-22,11:54:00,90.3
2017-01-22,12:04:00,91.8
2017-01-22,12:14:00,88.8
2017-01-22,12:24:00,91.3
2017-01-22,12:34:00,94.8
2017-01-22,12:44:00,93.6
2017-01-22,12:54:00,92.2
2017-01-22,13:04:00,93.8
2017-01-22,13:14:00,93.1
2017-01-22,13:24:00,98
2017-01-22,13:34:00,91.2
2017-01-22,13:44:00,93.8
2017-01-22,13:54:00,91
2017-01-22,14:04:00,93.8
2017-01-22,14:14:00,95
2017-01-22,14:24:00,94.5
2017-01-22,14:34:00,89.1
2017-01-22,14:44:00,90
2017-01-22,14:54:00,91.5
2017-01-22,15:04:00,93.6
2017-01-22,15:14:00,91.5
2017-01-22,15:24:00,92.3
2017-01-22,15:34:00,95.7
2017-01-22,15:44:00,90.5
2017-01-22,15:54:00,93
2017-01-22,16:04:00,91.5
2017-01-22,16:14:00,92.3
2017-01-22,16:24:00,94.1
2017-01-22,16:34:00,93.6
2017-01-22,16:44:00,89.9
2017-01-22,16:54:00,92.2
2017-01-22,17:04:00,96.8
2017-01-22,17:14:00,91.6
2017-01-22,17:24:00,93.5
2017-01-22,17:34:00,90.6
2017-01-22,17:44:00,93.3
2017-01-22,17:54:00,93.7
2017-01-22,18:04:00,90.5
2017-01-22,18:14:00,93.7
2017-01-22,18:24:00,91.7
2017-01-22,18:34:00,96.2
2017-01-22,18:44:00,91.4
2017-01-22,18:54:00,93.2
2017-01-22,19:04:00,94.8
2017-01-22,19:14:00,93.4
2017-01-22,19:24:00,93.3
2017-01-22,19:34:00,91.3
2017-01-22,19:44:00,88.6
2017-01-22,19:54:00,89.3
2017-01-22,20:04:00,90.9
2017-01-22,20:14:00,95.8
2017-01-22,20:24:00,95.1
2017-01-22,20:34:00,93.7
2017-01-22,20:44:00,91.9
2017-01-22,20:54:00,93
2017-01-22,21:04:00,91.1
2017-01-22,21:14:00,91.9
2017-01-22,21:24:00,92.3
2017-01-22,21:34:00,95.2
2017-01-22,21:44:00,96.3
2017-01-22,21:54:00,92.1
2017-01-22,22:04:00,96.1
2017-01-22,22:14:00,93.1
2017-01-22,22:24:00,92.8
2017-01-22,22:34:00,96.7
2017-01-22,22:44:00,95.7
2017-01-22,22:54:00,92.7
2017-01-22,23:04:00,93.7
2017-01-22,23:14:00,94
2017-01-22,23:24:00,96.7
2017-01-22,23:34:00,92.2
2017-01-22,23:44:00,94.4
2017-01-22,23:54:00,93.1
2017-01-23,00:04:00,93.2
2017-01-23,00:14:00,93.2
2017-01-23,00:24:00,93
2017-01-23,00:34:00,95.1
2017-01-23,00:44:00,92.6
2017-01-23,00:54:00,92.9
2017-01-23,01:04:00,92
2017-01-23,01:14:00,94.1
2017-01-23,01:24:00,90.1
2017-01-23,01:34:00,90.9
2017-01-23,01:44:00,91.4
2017-01-23,01:54:00,93.9
2017-01-23,02:04:00,93.8
2017-01-23,02:14:00,93.3
2017-01-23,02:24:00,91.4
2017-01-23,02:34:00,92.8
2017-01-23,02:44:00,95
2017-01-23,02:54:00,94.2
2017-01-23,03:04:00,94.3
2017-01-23,03:14:00,97.5
2017-01-23,03:24:00,93.7
2017-01-23,03:34:00,91.5
2017-01-23,03:44:00,97.1
2017-01-23,03:54:00,93.7
2017-01-23,04:04:00,92.7
2017-01-23,04:14:00,96.6
2017-01-23,04:24:00,96.9
2017-01-23,04:34:00,92
2017-01-23,04:44:00,93.3
2017-01-23,04:54:00,92.6
2017-01-23,05:04:00,95
2017-01-23,05:14:00,90.3
2017-01-23,05:24:00,94.6
2017-01-23,05:34:00,94
2017-01-23,05:44:00,92.9
2017-01-23,05:54:00,94.6
2017-01-23,06:04:00,93.4
2017-01-23,06:14:00,93
2017-01-23,06:24:00,94.7
2017-01-23,06:34:00,95
2017-01-23,06:44:00,90.2
2017-01-23,06:54:00,92.9
2017-01-23,07:04:00,95.7
2017-01-23,07:14:00,94.1
2017-01-23,07:24:00,93
2017-01-23,07:34:00,95.5
2017-01-23,07:44:00,93.1
2017-01-23,07:54:00,93.1
2017-01-23,08:04:00,90.9
2017-01-23,08:14:00,95.2
2017-01-23,08:24:00,95.8
2017-01-23,08:34:00,93.6
2017-01-23,08:44:00,93.6
2017-01-23,08:54:00,93
2017-01-23,09:04:00,92.2
2017-01-23,09:14:00,90.7
2017-01-23,09:24:00,92.1
2017-01-23,09:34:00,92
2017-01-23,09:44:00,94.2
2017-01-23,09:54:00,93.6
2017-01-23,10:04:00,91.1
2017-01-23,10:14:00,95.5
2017-01-23,10:24:00,93.8
2017-01-23,10:34:00,93
2017-01-23,10:44:00,91.9
2017-01-23,10:54:00,92.5
2017-01-23,11:04:00,92.9
2017-01-23,11:14:00,93.1
2017-01-23,11:24:00,92.9
2017-01-23,11:34:00,92.7
2017-01-23,11:44:00,95.3
2017-01-23,11:54:00,93.9
2017-01-23,12:04:00,91.3
2017-01-23,12:14:00,92.6
2017-01-23,12:24:00,89.4
2017-01-23,12:34:00,94.9
2017-01-23,12:44:00,95
2017-01-23,12:54:00,90.9
2017-01-23,13:04:00,92.2
2017-01-23,13:14:00,91.7
2017-01-23,13:24:00,95.2
2017-01-23,13:34:00,92.6
2017-01-23,13:44:00,97.3
2017-01-23,13:54:00,95.2
2017-01-23,14:04:00,92.9
2017-01-23,14:14:00,93.2
2017-01-23,14:24:00,97.1
2017-01-23,14:34:00,91.5
2017-01-23,14:44:00,90.6
2017-01-23,14:54:00,93.2
2017-01-23,15:04:00,95.3
2017-01-23,15:14:00,94.4
2017-01-23,15:24:00,93.5
2017-01-23,15:34:00,95.6
2017-01-23,15:44:00,93.6
2017-01-23,15:54:00,93.3
2017-01-23,16:04:00,95.9
2017-01-23,16:14:00,89.2
2017-01-23,16:24:00,91.6
2017-01-23,16:34:00,95
2017-01-23,16:44:00,91.3
2017-01-23,16:54:00,95.9
2017-01-23,17:04:00,93.4
2017-01-23,17:14:00,89.8
2017-01-23,17:24:00,95.4
2017-01-23,17:34:00,99.2
2017-01-23,17:44:00,96.1
2017-01-23,17:54:00,95.3
2017-01-23,18:04:00,93.9
2017-01-23,18:14:00,95.8
2017-01-23,18:24:00,96
2017-01-23,18:34:00,96
2017-01-23,18:44:00,95.5
2017-01-23,18:54:00,94.9
2017-01-23,19:04:00,100
2017-01-23,19:14:00,94
2017-01-23,19:24:00,96.8
2017-01-23,19:34:00,95.7
2017-01-23,19:44:00,92.6
2017-01-23,19:54:00,93
2017-01-23,20:04:00,93.8
2017-01-23,20:14:00,92.8
2017-01-23,20:24:00,95.3
2017-01-23,20:34:00,91
2017-01-23,20:44:00,92.6
2017-01-23,20:54:00,94.4
2017-01-23,21:04:00,96.9
2017-01-23,21:14:00,95.5
2017-01-23,21:24:00,92.9
2017-01-23,21:34:00,93.9
2017-01-23,21:44:00,96.1
2017-01-23,21:54:00,95.2
2017-01-23,22:04:00,91
2017-01-23,22:14:00,93.6
2017-01-23,22:24:00,93.9
2017-01-23,22:34:00,91.7
2017-01-23,22:44:00,93.4
2017-01-23,22:54:00,91.8
2017-01-23,23:04:00,97.5
2017-01-23,23:14:00,95.7
2017-01-23,23:24:00,94
2017-01-23,23:34:00,94.6
2017-01-23,23:44:00,94.6
2017-01-23,23:54:00,93.9
2017-01-24,00:04:00,93.6
2017-01-24,00:14:00,97.6
2017-01-24,00:24:00,94.2
2017-01-24,00:34:00,95.1
2017-01-24,00:44:00,95.5
2017-01-24,00:54:00,99.7
2017-01-24,01:04:00,93.3
2017-01-24,01:14:00,94.6
2017-01-24,01:24:00,92.5
2017-01-24,01:34:00,93.4
2017-01-24,01:44:00,91.9
2017-01-24,01:54:00,94
2017-01-24,02:04:00,91.8
2017-01-24,02:14:00,95.3
2017-01-24,02:24:00,96.2
2017-01-24,02:34:00,94.9
2017-01-24,02:44:00,95.6
2017-01-24,02:54:00,94.7
2017-01-24,03:04:00,96.7
2017-01-24,03:14:00,92.7
2017-01-24,03:24:00,97.1
2017-01-24,03:34:00,94.8
2017-01-24,03:44:00,96
2017-01-24,03:54:00,94.2
2017-01-24,04:04:00,93.6
2017-01-24,04:14:00,92.4
2017-01-24,04:24:00,94.3
2017-01-24,04:34:00,95
2017-01-24,04:44:00,96.4
2017-01-24,04:54:00,97.1
2017-01-24,05:04:00,92.4
2017-01-24,05:14:00,95.7
2017-01-24,05:24:00,93
2017-01-24,05:34:00,93.2
2017-01-24,05:44:00,95.6
2017-01-24,05:54:00,96.9
2017-01-24,06:04:00,94.9
2017-01-24,06:14:00,95.2
2017-01-24,06:24:00,94.3
2017-01-24,06:34:00,94.3
2017-01-24,06:44:00,94.7
2017-01-24,06:54:00,93.8
2017-01-24,07:04:00,91.2
2017-01-24,07:14:00,90.4
2017-01-24,07:24:00,92.2
2017-01-24,07:34:00,93.4
2017-01-24,07:44:00,90.5
2017-01-24,07:54:00,91
2017-01-24,08:04:00,95.2
2017-01-24,08:14:00,94.6
2017-01-24,08:24:00,95
2017-01-24,08:34:00,93.7
2017-01-24,08:44:00,92.4
2017-01-24,08:54:00,93.9
2017-01-24,09:04:00,92.6
2017-01-24,09:14:00,94.5
2017-01-24,09:24:00,96.7
2017-01-24,09:34:00,89.3
2017-01-24,09:44:00,92.7
2017-01-24,09:54:00,93.9
2017-01-24,10:04:00,91.9
2017-01-24,10:14:00,94.1
2017-01-24,10:24:00,90.9
2017-01-24,10:34:00,96.4
2017-01-24,10:44:00,93.9
2017-01-24,10:54:00,91.3
2017-01-24,11:04:00,93.1
2017-01-24,11:14:00,92.9
2017-01-24,11:24:00,95.1
2017-01-24,11:34:00,95.7
2017-01-24,11:44:00,93.3
2017-01-24,11:54:00,90.1
2017-01-24,12:04:00,94.1
2017-01-24,12:14:00,90.8
2017-01-24,12:24:00,91.7
2017-01-24,12:34:00,92.4
2017-01-24,12:44:00,96.9
2017-01-24,12:54:00,94.1
2017-01-24,13:04:00,93
2017-01-24,13:14:00,94.5
2017-01-24,13:24:00,95.7
2017-01-24,13:34:00,97.5
2017-01-24,13:44:00,92.1
2017-01-24,13:54:00,93.2
2017-01-24,14:04:00,95.7
2017-01-24,14:14:00,92.3
2017-01-24,14:24:00,92.8
2017-01-24,14:34:00,94.3
2017-01-24,14:44:00,90.9
2017-01-24,14:54:00,93.3
2017-01-24,15:04:00,90.6
2017-01-24,15:14:00,92.5
2017-01-24,15:24:00,92.5
2017-01-24,15:34:00,95.3
2017-01-24,15:44:00,92.2
2017-01-24,15:54:00,97
2017-01-24,16:04:00,92.9
2017-01-24,16:14:00,90.5
2017-01-24,16:24:00,95.7
2017-01-24,16:34:00,96.3
2017-01-24,16:44:00,92.1
2017-01-24,16:54:00,93.2
2017-01-24,17:04:00,93.8
2017-01-24,17:14:00,95.5
2017-01-24,17:24:00,93.7
2017-01-24,17:34:00,95.2
2017-01-24,17:44:00,94.8
2017-01-24,17:54:00,92.5
2017-01-24,18:04:00,93.8
2017-01-24,18:14:00,92.7
2017-01-24,18:24:00,93.7
2017-01-24,18:34:00,90.7
2017-01-24,18:44:00,96
2017-01-24,18:54:00,95.8
2017-01-24,19:04:00,94.7
2017-01-24,19:14:00,95.6
2017-01-24,19:24:00,92.8
2017-01-24,19:34:00,92.6
2017-01-24,19:44:00,91
2017-01-24,19:54:00,96.6
2017-01-24,20:04:00,90.7
2017-01-24,20:14:00,93.9
2017-01-24,20:24:00,92.4
2017-01-24,20:34:00,94
2017-01-24,20:44:00,95.4
2017-01-24,20:54:00,90
2017-01-24,21:04:00,93.3
2017-01-24,21:14:00,92.5
2017-01-24,21:24:00,94.1
2017-01-24,21:34:00,89.8
2017-01-24,21:44:00,94.7
2017-01-24,21:54:00,93.7
2017-01-24,22:04:00,95.7
2017-01-24,22:14:00,94.1
2017-01-24,22:24:00,90.8
2017-01-24,22:34:00,92.5
2017-01-24,22:44:00,93.6
2017-01-24,22:54:00,95.9
2017-01-24,23:04:00,92.5
2017-01-24,23:14:00,93.6
2017-01-24,23:24:00,92.5
2017-01-24,23:34:00,93.3
2017-01-24,23:44:00,92.4
2017-01-24,23:54:00,96.4
2017-01-25,00:04:00,96.4
2017-01-25,00:14:00,93.7
2017-01-25,00:24:00,96.6
2017-01-25,00:34:00,94.4
2017-01-25,00:44:00,93.9
2017-01-25,00:54:00,95.8
2017-01-25,01:04:00,91.9
2017-01-25,01:14:00,93.5
2017-01-25,01:24:00,94.1
2017-01-25,01:34:00,94.6
2017-01-25,01:44:00,92.3
2017-01-25,01:54:00,93
2017-01-25,02:04:00,97.9
2017-01-25,02:14:00,93.2
2017-01-25,02:24:00,91
2017-01-25,02:34:00,93.3
2017-01-25,02:44:00,93.9
2017-01-25,02:54:00,93.2
2017-01-25,03:04:00,91.6
2017-01-25,03:14:00,90.1
2017-01-25,03:24:00,94.8
2017-01-25,03:34:00,95.6
2017-01-25,03:44:00,94.7
2017-01-25,03:54:00,94.1
2017-01-25,04:04:00,95.1
2017-01-25,04:14:00,94.6
2017-01-25,04:24:00,96.2
2017-01-25,04:34:00,94.2
2017-01-25,04:44:00,94
2017-01-25,04:54:00,93.6
2017-01-25,05:04:00,93.1
2017-01-25,05:14:00,92.5
2017-01-25,05:24:00,96.5
2017-01-25,05:34:00,94
2017-01-25,05:44:00,92.8
2017-01-25,05:54:00,92.4
2017-01-25,06:04:00,92
2017-01-25,06:14:00,92.6
2017-01-25,06:24:00,95.1
2017-01-25,06:34:00,93.3
2017-01-25,06:44:00,93.3
2017-01-25,06:54:00,90.4
2017-01-25,07:04:00,89.5
2017-01-25,07:14:00,89.8
2017-01-25,07:24:00,89.9
2017-01-25,07:34:00,92.5
2017-01-25,07:44:00,91.8
2017-01-25,07:54:00,92.7
2017-01-25,08:04:00,91.9
2017-01-25,08:14:00,89.4
2017-01-25,08:24:00,92
2017-01-25,08:34:00,91.3
2017-01-25,08:44:00,93.3
2017-01-25,08:54:00,93.4
2017-01-25,09:04:00,90.1
2017-01-25,09:14:00,90.9
2017-01-25,09:24:00,91.1
2017-01-25,09:34:00,93.4
2017-01-25,09:44:00,91
2017-01-25,09:54:00,94
2017-01-25,10:04:00,91.7
2017-01-25,10:14:00,91.4
2017-01-25,10:24:00,89.1
2017-01-25,10:34:00,91.8
2017-01-25,10:44:00,92.3
2017-01-25,10:54:00,92.1
2017-01-25,11:04:00,90.8
2017-01-25,11:14:00,94
2017-01-25,11:24:00,92.6
2017-01-25,11:34:00,90
2017-01-25,11:44:00,90.1
2017-01-25,11:54:00,92.1
2017-01-25,12:04:00,91.5
2017-01-25,12:14:00,92.7
2017-01-25,12:24:00,92.3
2017-01-25,12:34:00,90.3
2017-01-25,12:44:00,91.9
2017-01-25,12:54:00,95.5
2017-01-25,13:04:00,93
2017-01-25,13:14:00,92.4
2017-01-25,13:24:00,95.3
2017-01-25,13:34:00,93.1
2017-01-25,13:44:00,90.4
2017-01-25,13:54:00,93.7
2017-01-25,14:04:00,91.7
2017-01-25,14:14:00,94
2017-01-25,14:24:00,92.4
2017-01-25,14:34:00,92.1
2017-01-25,14:44:00,92
2017-01-25,14:54:00,93.6
2017-01-25,15:04:00,93.5
2017-01-25,15:14:00,95.1
2017-01-25,15:24:00,94.5
2017-01-25,15:34:00,94.7
2017-01-25,15:44:00,97.2
2017-01-25,15:54:00,94.1
2017-01-25,16:04:00,92.4
2017-01-25,16:14:00,91.6
2017-01-25,16:24:00,92.2
2017-01-25,16:34:00,92.4
2017-01-25,16:44:00,91.3
2017-01-25,16:54:00,94.5
2017-01-25,17:04:00,95.1
2017-01-25,17:14:00,94.7
2017-01-25,17:24:00,91.5
2017-01-25,17:34:00,91.1
2017-01-25,17:44:00,94.7
2017-01-25,17:54:00,94
2017-01-25,18:04:00,93.8
2017-01-25,18:14:00,94.9
2017-01-25,18:24:00,94.2
2017-01-25,18:34:00,94.2
2017-01-25,18:44:00,93.7
2017-01-25,18:54:00,94
2017-01-25,19:04:00,96
2017-01-25,19:14:00,96
2017-01-25,19:24:00,93.2
2017-01-25,19:34:00,92.1
2017-01-25,19:44:00,92.2
2017-01-25,19:54:00,94.9
2017-01-25,20:04:00,94.6
2017-01-25,20:14:00,94.5
2017-01-25,20:24:00,90
2017-01-25,20:34:00,93.3
2017-01-25,20:44:00,93.7
2017-01-25,20:54:00,91.6
2017-01-25,21:04:00,94.7
2017-01-25,21:14:00,95.5
2017-01-25,21:24:00,91.1
2017-01-25,21:34:00,96.3
2017-01-25,21:44:00,92.3
2017-01-25,21:54:00,92.5
2017-01-25,22:04:00,93.6
2017-01-25,22:14:00,90.9
2017-01-25,22:24:00,92.7
2017-01-25,22:34:00,96.3
2017-01-25,22:44:00,92.7
2017-01-25,22:54:00,92.4
2017-01-25,23:04:00,92.7
2017-01-25,23:14:00,90.2
2017-01-25,23:24:00,91.2
2017-01-25,23:34:00,90.2
2017-01-25,23:44:00,91.7
2017-01-25,23:54:00,90
2017-01-26,00:04:00,94.4
2017-01-26,00:14:00,93.5
2017-01-26,00:24:00,94.8
2017-01-26,00:34:00,92.8
2017-01-26,00:44:00,93.1
2017-01-26,00:54:00,92.2
2017-01-26,01:04:00,92.8
2017-01-26,01:14:00,93.9
2017-01-26,01:24:00,94.6
2017-01-26,01:34:00,92.5
2017-01-26,01:44:00,91.9
2017-01-26,01:54:00,94.8
2017-01-26,02:04:00,89.7
2017-01-26,02:14:00,95.5
2017-01-26,02:24:00,94.8
2017-01-26,02:34:00,92.4
2017-01-26,02:44:00,91.8
2017-01-26,02:54:00,92
2017-01-26,03:04:00,92.9
2017-01-26,03:14:00,91.3
2017-01-26,03:24:00,93.7
2017-01-26,03:34:00,92.2
2017-01-26,03:44:00,97.1
2017-01-26,03:54:00,92.1
2017-01-26,04:04:00,93.6
2017-01-26,04:14:00,95.5
2017-01-26,04:24:00,93.4
2017-01-26,04:34:00,94.4
2017-01-26,04:44:00,95.4
2017-01-26,04:54:00,93.8
2017-01-26,05:04:00,93.9
2017-01-26,05:14:00,93
2017-01-26,05:24:00,93.3
2017-01-26,05:34:00,93.6
2017-01-26,05:44:00,91.4
2017-01-26,05:54:00,94
2017-01-26,06:04:00,93
2017-01-26,06:14:00,94.3
2017-01-26,06:24:00,92.4
2017-01-26,06:34:00,93.4
2017-01-26,06:44:00,93.9
2017-01-26,06:54:00,93.4
2017-01-26,07:04:00,93.3
2017-01-26,07:14:00,94.7
2017-01-26,07:24:00,91.6
2017-01-26,07:34:00,91
2017-01-26,07:44:00,92.6
2017-01-26,07:54:00,93
2017-01-26,08:04:00,93.7
2017-01-26,08:14:00,93.8
2017-01-26,08:24:00,94.8
2017-01-26,08:34:00,94.2
2017-01-26,08:44:00,95.5
2017-01-26,08:54:00,95.3
2017-01-26,09:04:00,94.8
2017-01-26,09:14:00,95.8
2017-01-26,09:24:00,89.6
2017-01-26,09:34:00,92.3
2017-01-26,09:44:00,92.8
2017-01-26,09:54:00,94.2
2017-01-26,10:04:00,89.5
2017-01-26,10:14:00,91.9
2017-01-26,10:24:00,93.4
2017-01-26,10:34:00,90.5
2017-01-26,10:44:00,93
2017-01-26,10:54:00,92.2
2017-01-26,11:04:00,97
2017-01-26,11:14:00,90.4
2017-01-26,11:24:00,90
2017-01-26,11:34:00,89.4
2017-01-26,11:44:00,91.8
2017-01-26,11:54:00,92.6
2017-01-26,12:04:00,96.1
2017-01-26,12:14:00,94.2
2017-01-26,12:24:00,90.5
2017-01-26,12:34:00,92.9
2017-01-26,12:44:00,92.9
2017-01-26,12:54:00,94.3
2017-01-26,13:04:00,93.5
2017-01-26,13:14:00,94.4
2017-01-26,13:24:00,91
2017-01-26,13:34:00,94.1
2017-01-26,13:44:00,93
2017-01-26,13:54:00,94.7
2017-01-26,14:04:00,90.6
2017-01-26,14:14:00,93.2
2017-01-26,14:24:00,95.8
2017-01-26,14:34:00,91.2
2017-01-26,14:44:00,93
2017-01-26,14:54:00,92.1
2017-01-26,15:04:00,94.4
2017-01-26,15:14:00,91.7
2017-01-26,15:24:00,93.5
2017-01-26,15:34:00,90.1
2017-01-26,15:44:00,92.8
2017-01-26,15:54:00,92.3
2017-01-26,16:04:00,95.8
2017-01-26,16:14:00,95.7
2017-01-26,16:24:00,91.8
2017-01-26,16:34:00,94.1
2017-01-26,16:44:00,94
2017-01-26,16:54:00,92.7
2017-01-26,17:04:00,90.6
2017-01-26,17:14:00,90.4
2017-01-26,17:24:00,95
2017-01-26,17:34:00,94.3
2017-01-26,17:44:00,93.1
2017-01-26,17:54:00,93.9
2017-01-26,18:04:00,94.3
2017-01-26,18:14:00,94.2
2017-01-26,18:24:00,93
2017-01-26,18:34:00,92
2017-01-26,18:44:00,93.8
2017-01-26,18:54:00,96.3
2017-01-26,19:04:00,91.7
2017-01-26,19:14:00,92.1
2017-01-26,19:24:00,91.2
2017-01-26,19:34:00,91.7
2017-01-26,19:44:00,92
2017-01-26,19:54:00,92.7
2017-01-26,20:04:00,91.9
2017-01-26,20:14:00,94.4
2017-01-26,20:24:00,94.5
2017-01-26,20:34:00,91.6
2017-01-26,20:44:00,93.3
2017-01-26,20:54:00,95.1
2017-01-26,21:04:00,92.3
2017-01-26,21:14:00,96.4
2017-01-26,21:24:00,93.1
2017-01-26,21:34:00,92.5
2017-01-26,21:44:00,93.5
2017-01-26,21:54:00,94.2
2017-01-26,22:04:00,93.7
2017-01-26,22:14:00,93.7
2017-01-26,22:24:00,91.1
2017-01-26,22:34:00,90.6
2017-01-26,22:44:00,94.4
2017-01-26,22:54:00,95.3
2017-01-26,23:04:00,92.3
2017-01-26,23:14:00,92.6
2017-01-26,23:24:00,97.3
2017-01-26,23:34:00,94.6
2017-01-26,23:44:00,97.3
2017-01-26,23:54:00,92.4
2017-01-27,00:04:00,91.6
2017-01-27,00:14:00,93.5
2017-01-27,00:24:00,91.2
2017-01-27,00:34:00,90
2017-01-27,00:44:00,92.9
2017-01-27,00:54:00,90.9
2017-01-27,01:04:00,94.9
2017-01-27,01:14:00,89.3
2017-01-27,01:24:00,94.6
2017-01-27,01:34:00,89.6
2017-01-27,01:44:00,94.1
2017-01-27,01:54:00,91.9
2017-01-27,02:04:00,94.2
2017-01-27,02:14:00,96
2017-01-27,02:24:00,93.1
2017-01-27,02:34:00,96.4
2017-01-27,02:44:00,95.3
2017-01-27,02:54:00,94.1
2017-01-27,03:04:00,90.9
2017-01-27,03:14:00,94.6
2017-01-27,03:24:00,93
2017-01-27,03:34:00,94
2017-01-27,03:44:00,94.9
2017-01-27,03:54:00,92.6
2017-01-27,04:04:00,93.8
2017-01-27,04:14:00,95.9
2017-01-27,04:24:00,95.1
2017-01-27,04:34:00,91.4
2017-01-27,04:44:00,92.9
2017-01-27,04:54:00,96.5
2017-01-27,05:04:00,95
2017-01-27,05:14:00,94.8
2017-01-27,05:24:00,92.7
2017-01-27,05:34:00,95.2
2017-01-27,05:44:00,92
2017-01-27,05:54:00,93.6
2017-01-27,06:04:00,93.6
2017-01-27,06:14:00,89.8
2017-01-27,06:24:00,95.5
2017-01-27,06:34:00,92.7
2017-01-27,06:44:00,97.4
2017-01-27,06:54:00,95.6
2017-01-27,07:04:00,92.7
2017-01-27,07:14:00,91.4
2017-01-27,07:24:00,90.4
2017-01-27,07:34:00,94.7
2017-01-27,07:44:00,93.8
2017-01-27,07:54:00,92.6
2017-01-27,08:04:00,95.9
2017-01-27,08:14:00,95.2
2017-01-27,08:24:00,92.2
2017-01-27,08:34:00,90.5
2017-01-27,08:44:00,95.2
2017-01-27,08:54:00,90.3
2017-01-27,09:04:00,95.7
2017-01-27,09:14:00,95.6
2017-01-27,09:24:00,96.3
2017-01-27,09:34:00,96.7
2017-01-27,09:44:00,94.5
2017-01-27,09:54:00,93.2
2017-01-27,10:04:00,94.3
2017-01-27,10:14:00,90.3
2017-01-27,10:24:00,96.1
2017-01-27,10:34:00,95.2
2017-01-27,10:44:00,94.9
2017-01-27,10:54:00,92.6
2017-01-27,11:04:00,93
2017-01-27,11:14:00,93.2
2017-01-27,11:24:00,90.8
2017-01-27,11:34:00,89.3
2017-01-27,11:44:00,93.7
2017-01-27,11:54:00,91.8
2017-01-27,12:04:00,93.9
2017-01-27,12:14:00,94.5
2017-01-27,12:24:00,93.9
2017-01-27,12:34:00,92.7
2017-01-27,12:44:00,89.2
2017-01-27,12:54:00,94.1
2017-01-27,13:04:00,93.8
2017-01-27,13:14:00,95.4
2017-01-27,13:24:00,94.2
2017-01-27,13:34:00,92.5
2017-01-27,13:44:00,93.4
2017-01-27,13:54:00,92.9
2017-01-27,14:04:00,93.4
2017-01-27,14:14:00,97
2017-01-27,14:24:00,91.7
2017-01-27,14:34:00,88.3
2017-01-27,14:44:00,91.8
2017-01-27,14:54:00,91.8
2017-01-27,15:04:00,89.9
2017-01-27,15:14:00,91.6
2017-01-27,15:24:00,91.9
2017-01-27,15:34:00,96.2
2017-01-27,15:44:00,94.1
2017-01-27,15:54:00,92.6
2017-01-27,16:04:00,92.5
2017-01-27,16:14:00,92.9
2017-01-27,16:24:00,93.2
2017-01-27,16:34:00,91.8
2017-01-27,16:44:00,95.7
2017-01-27,16:54:00,89.2
2017-01-27,17:04:00,91.1
2017-01-27,17:14:00,92.8
2017-01-27,17:24:00,92.6
2017-01-27,17:34:00,89.5
2017-01-27,17:44:00,94.2
2017-01-27,17:54:00,89
2017-01-27,18:04:00,93.3
2017-01-27,18:14:00,94
2017-01-27,18:24:00,94.7
2017-01-27,18:34:00,93.4
2017-01-27,18:44:00,92.6
2017-01-27,18:54:00,96.9
2017-01-27,19:04:00,91
2017-01-27,19:14:00,88.8
2017-01-27,19:24:00,90.9
2017-01-27,19:34:00,92
2017-01-27,19:44:00,92.2
2017-01-27,19:54:00,91.2
2017-01-27,20:04:00,95.3
2017-01-27,20:14:00,91.4
2017-01-27,20:24:00,94.1
2017-01-27,20:34:00,92.1
2017-01-27,20:44:00,94.6
2017-01-27,20:54:00,92.3
2017-01-27,21:04:00,88.6
2017-01-27,21:14:00,91.6
2017-01-27,21:24:00,90.8
2017-01-27,21:34:00,94.7
2017-01-27,21:44:00,89.9
2017-01-27,21:54:00,90.5
2017-01-27,22:04:00,94.8
2017-01-27,22:14:00,94.9
2017-01-27,22:24:00,96.1
2017-01-27,22:34:00,93.3
2017-01-27,22:44:00,94.1
2017-01-27,22:54:00,92.9
2017-01-27,23:04:00,95
2017-01-27,23:14:00,91.4
2017-01-27,23:24:00,92.5
2017-01-27,23:34:00,92
2017-01-27,23:44:00,93.3
2017-01-27,23:54:00,94.2
2017-01-28,00:04:00,92.9
2017-01-28,00:14:00,92.6
2017-01-28,00:24:00,93.9
2017-01-28,00:34:00,93.5
2017-01-28,00:44:00,95.8
2017-01-28,00:54:00,95.5
2017-01-28,01:04:00,90.9
2017-01-28,01:14:00,94.8
2017-01-28,01:24:00,96.2
2017-01-28,01:34:00,93.9
2017-01-28,01:44:00,93.2
2017-01-28,01:54:00,94.7
2017-01-28,02:04:00,93.4
2017-01-28,02:14:00,93.2
2017-01-28,02:24:00,89.8
2017-01-28,02:34:00,93.7
2017-01-28,02:44:00,92
2017-01-28,02:54:00,93.1
2017-01-28,03:04:00,90
2017-01-28,03:14:00,95.4
2017-01-28,03:24:00,93.1
2017-01-28,03:34:00,92.6
2017-01-28,03:44:00,97
2017-01-28,03:54:00,91.8
2017-01-28,04:04:00,94.1
2017-01-28,04:14:00,94.9
2017-01-28,04:24:00,94.6
2017-01-28,04:34:00,96.4
2017-01-28,04:44:00,90.2
2017-01-28,04:54:00,93.7
2017-01-28,05:04:00,95
2017-01-28,05:14:00,96.2
2017-01-28,05:24:00,93.1
2017-01-28,05:34:00,90.7
2017-01-28,05:44:00,96.3
2017-01-28,05:54:00,95.5
2017-01-28,06:04:00,96.4
2017-01-28,06:14:00,95.9
2017-01-28,06:24:00,94.2
2017-01-28,06:34:00,92
2017-01-28,06:44:00,93.7
2017-01-28,06:54:00,97
2017-01-28,07:04:00,95.5
2017-01-28,07:14:00,92.7
2017-01-28,07:24:00,91.7
2017-01-28,07:34:00,97.5
2017-01-28,07:44:00,95.8
2017-01-28,07:54:00,96
2017-01-28,08:04:00,98
2017-01-28,08:14:00,90.5
2017-01-28,08:24:00,94.1
2017-01-28,08:34:00,92.1
2017-01-28,08:44:00,92.1
2017-01-28,08:54:00,94.1
2017-01-28,09:04:00,93.6
2017-01-28,09:14:00,94.8
2017-01-28,09:24:00,96.5
2017-01-28,09:34:00,95.9
2017-01-28,09:44:00,93.2
2017-01-28,09:54:00,93.3
2017-01-28,10:04:00,95.5
2017-01-28,10:14:00,94.7
2017-01-28,10:24:00,93.2
2017-01-28,10:34:00,92.7
2017-01-28,10:44:00,96
2017-01-28,10:54:00,96.1
2017-01-28,11:04:00,94.1
2017-01-28,11:14:00,92.3
2017-01-28,11:24:00,92.3
2017-01-28,11:34:00,91.2
2017-01-28,11:44:00,95.3
2017-01-28,11:54:00,95
2017-01-28,12:04:00,98.4
2017-01-28,12:14:00,95.1
2017-01-28,12:24:00,92.3
2017-01-28,12:34:00,94
2017-01-28,12:44:00,92
2017-01-28,12:54:00,91.2
2017-01-28,13:04:00,92.8
2017-01-28,13:14:00,92.8
2017-01-28,13:24:00,93.7
2017-01-28,13:34:00,91.5
2017-01-28,13:44:00,92.2
2017-01-28,13:54:00,93.5
2017-01-28,14:04:00,96.1
2017-01-28,14:14:00,94.9
2017-01-28,14:24:00,93
2017-01-28,14:34:00,91.7
2017-01-28,14:44:00,93
2017-01-28,14:54:00,92.6
2017-01-28,15:04:00,93.9
2017-01-28,15:14:00,91.9
2017-01-28,15:24:00,93.9
2017-01-28,15:34:00,94.5
2017-01-28,15:44:00,91.3
2017-01-28,15:54:00,96
2017-01-28,16:04:00,92.6
2017-01-28,16:14:00,91.2
2017-01-28,16:24:00,95.7
2017-01-28,16:34:00,95.3
2017-01-28,16:44:00,94.5
2017-01-28,16:54:00,96.8
2017-01-28,17:04:00,96.6
2017-01-28,17:14:00,92.7
2017-01-28,17:24:00,90.7
2017-01-28,17:34:00,95.9
2017-01-28,17:44:00,94.7
2017-01-28,17:54:00,94.7
2017-01-28,18:04:00,94.4
2017-01-28,18:14:00,96.8
2017-01-28,18:24:00,95.7
2017-01-28,18:34:00,95.6
2017-01-28,18:44:00,91.9
2017-01-28,18:54:00,95.5
2017-01-28,19:04:00,93.8
2017-01-28,19:14:00,97.7
2017-01-28,19:24:00,95.1
2017-01-28,19:34:00,88.2
2017-01-28,19:44:00,94.9
2017-01-28,19:54:00,93.7
2017-01-28,20:04:00,95.1
2017-01-28,20:14:00,94.2
2017-01-28,20:24:00,93.8
2017-01-28,20:34:00,97.3
2017-01-28,20:44:00,91.6
2017-01-28,20:54:00,92.3
2017-01-28,21:04:00,93.9
2017-01-28,21:14:00,93.5
2017-01-28,21:24:00,93.1
2017-01-28,21:34:00,93
2017-01-28,21:44:00,92.6
2017-01-28,21:54:00,91.6
2017-01-28,22:04:00,95.1
2017-01-28,22:14:00,94.6
2017-01-28,22:24:00,93.6
2017-01-28,22:34:00,93.8
2017-01-28,22:44:00,90.8
2017-01-28,22:54:00,93.9
2017-01-28,23:04:00,93.4
2017-01-28,23:14:00,92.9
2017-01-28,23:24:00,96.9
2017-01-28,23:34:00,96.2
2017-01-28,23:44:00,93.7
2017-01-28,23:54:00,91.4
2017-01-29,00:04:00,92.7
2017-01-29,00:14:00,94.6
2017-01-29,00:24:00,95
2017-01-29,00:34:00,92.4
2017-01-29,00:44:00,94.1
2017-01-29,00:54:00,91.3
2017-01-29,01:04:00,95.2
2017-01-29,01:14:00,96.3
2017-01-29,01:24:00,91.2
2017-01-29,01:34:00,94.4
2017-01-29,01:44:00,95
2017-01-29,01:54:00,93.9
2017-01-29,02:04:00,92.2
2017-01-29,02:14:00,94
2017-01-29,02:24:00,95.2
2017-01-29,02:34:00,92.4
2017-01-29,02:44:00,94.9
2017-01-29,02:54:00,94.2
2017-01-29,03:04:00,94.1
2017-01-29,03:14:00,95.2
2017-01-29,03:24:00,97.2
2017-01-29,03:34:00,93.7
2017-01-29,03:44:00,96.2
2017-01-29,03:54:00,96.8
2017-01-29,04:04:00,91.4
2017-01-29,04:14:00,95.4
2017-01-29,04:24:00,91.7
2017-01-29,04:34:00,91.5
2017-01-29,04:44:00,95.5
2017-01-29,04:54:00,91.4
2017-01-29,05:04:00,92.5
2017-01-29,05:14:00,94.1
2017-01-29,05:24:00,93.5
2017-01-29,05:34:00,95.1
2017-01-29,05:44:00,93.7
2017-01-29,05:54:00,97
2017-01-29,06:04:00,92.5
2017-01-29,06:14:00,93.1
2017-01-29,06:24:00,92.1
2017-01-29,06:34:00,95.8
2017-01-29,06:44:00,89.3
2017-01-29,06:54:00,91
2017-01-29,07:04:00,93.9
2017-01-29,07:14:00,92.4
2017-01-29,07:24:00,94.7
2017-01-29,07:34:00,94.1
2017-01-29,07:44:00,93.7
2017-01-29,07:54:00,95.8
2017-01-29,08:04:00,93.8
2017-01-29,08:14:00,92.8
2017-01-29,08:24:00,95.5
2017-01-29,08:34:00,97
2017-01-29,08:44:00,92.9
2017-01-29,08:54:00,91.9
2017-01-29,09:04:00,96.6
2017-01-29,09:14:00,96
2017-01-29,09:24:00,96.1
2017-01-29,09:34:00,96.9
2017-01-29,09:44:00,97.1
2017-01-29,09:54:00,95.6
2017-01-29,10:04:00,93.3
2017-01-29,10:14:00,96.8
2017-01-29,10:24:00,99.6
2017-01-29,10:34:00,94.2
2017-01-29,10:44:00,97.5
2017-01-29,10:54:00,93.2
2017-01-29,11:04:00,93.1
2017-01-29,11:14:00,95.3
2017-01-29,11:24:00,94.7
2017-01-29,11:34:00,90.3
2017-01-29,11:44:00,93
2017-01-29,11:54:00,95.6
2017-01-29,12:04:00,95.2
2017-01-29,12:14:00,96.8
2017-01-29,12:24:00,92.6
2017-01-29,12:34:00,94.4
2017-01-29,12:44:00,93.5
2017-01-29,12:54:00,95.1
2017-01-29,13:04:00,92.2
2017-01-29,13:14:00,93.8
2017-01-29,13:24:00,95.1
2017-01-29,13:34:00,96.1
2017-01-29,13:44:00,95
2017-01-29,13:54:00,92.1
2017-01-29,14:04:00,92.4
2017-01-29,14:14:00,96
2017-01-29,14:24:00,94.4
2017-01-29,14:34:00,97.3
2017-01-29,14:44:00,95.8
2017-01-29,14:54:00,97.9
2017-01-29,15:04:00,97.3
2017-01-29,15:14:00,92.9
2017-01-29,15:24:00,93.3
2017-01-29,15:34:00,95.7
2017-01-29,15:44:00,95
2017-01-29,15:54:00,94.5
2017-01-29,16:04:00,95.2
2017-01-29,16:14:00,94.2
2017-01-29,16:24:00,90.9
2017-01-29,16:34:00,95.9
2017-01-29,16:44:00,95.3
2017-01-29,16:54:00,94.6
2017-01-29,17:04:00,93.6
2017-01-29,17:14:00,95.9
2017-01-29,17:24:00,96.9
2017-01-29,17:34:00,93.2
2017-01-29,17:44:00,95.4
2017-01-29,17:54:00,92.8
2017-01-29,18:04:00,95.2
2017-01-29,18:14:00,96.2
2017-01-29,18:24:00,94.3
2017-01-29,18:34:00,93.4
2017-01-29,18:44:00,94
2017-01-29,18:54:00,94.2
2017-01-29,19:04:00,94.5
2017-01-29,19:14:00,91.5
2017-01-29,19:24:00,93.5
2017-01-29,19:34:00,95.8
2017-01-29,19:44:00,94.4
2017-01-29,19:54:00,95
2017-01-29,20:04:00,96.5
2017-01-29,20:14:00,95.7
2017-01-29,20:24:00,95.4
2017-01-29,20:34:00,95.6
2017-01-29,20:44:00,99.3
2017-01-29,20:54:00,93.8
2017-01-29,21:04:00,97.6
2017-01-29,21:14:00,88.2
2017-01-29,21:24:00,92.6
2017-01-29,21:34:00,95.2
2017-01-29,21:44:00,90.7
2017-01-29,21:54:00,94.3
2017-01-29,22:04:00,96.2
2017-01-29,22:14:00,95.5
2017-01-29,22:24:00,95.8
2017-01-29,22:34:00,92.8
2017-01-29,22:44:00,92.4
2017-01-29,22:54:00,93.7
2017-01-29,23:04:00,93.1
2017-01-29,23:14:00,92.3
2017-01-29,23:24:00,93.9
2017-01-29,23:34:00,92.9
2017-01-29,23:44:00,93.1
2017-01-29,23:54:00,95.5
2017-01-30,00:04:00,94.4
2017-01-30,00:14:00,93.7
2017-01-30,00:24:00,95.3
2017-01-30,00:34:00,94.3
2017-01-30,00:44:00,91.8
2017-01-30,00:54:00,95
2017-01-30,01:04:00,95.9
2017-01-30,01:14:00,94.3
2017-01-30,01:24:00,93.2
2017-01-30,01:34:00,93.8
2017-01-30,01:44:00,93.6
2017-01-30,01:54:00,91.4
2017-01-30,02:04:00,95.1
2017-01-30,02:14:00,97
2017-01-30,02:24:00,93.8
2017-01-30,02:34:00,94.5
2017-01-30,02:44:00,94.4
2017-01-30,02:54:00,93.7
2017-01-30,03:04:00,97.6
2017-01-30,03:14:00,95.5
2017-01-30,03:24:00,96.5
2017-01-30,03:34:00,97.1
2017-01-30,03:44:00,97.5
2017-01-30,03:54:00,90.3
2017-01-30,04:04:00,93
2017-01-30,04:14:00,93.4
2017-01-30,04:24:00,94.8
2017-01-30,04:34:00,95.8
2017-01-30,04:44:00,91.7
2017-01-30,04:54:00,94.5
2017-01-30,05:04:00,94.1
2017-01-30,05:14:00,94.7
2017-01-30,05:24:00,96.4
2017-01-30,05:34:00,95.6
2017-01-30,05:44:00,95.7
2017-01-30,05:54:00,95.6
2017-01-30,06:04:00,92.9
2017-01-30,06:14:00,94
2017-01-30,06:24:00,94.3
2017-01-30,06:34:00,92.5
2017-01-30,06:44:00,90.7
2017-01-30,06:54:00,93.2
2017-01-30,07:04:00,94.9
2017-01-30,07:14:00,94.3
2017-01-30,07:24:00,94.9
2017-01-30,07:34:00,94
2017-01-30,07:44:00,94
2017-01-30,07:54:00,95.5
2017-01-30,08:04:00,91.8
2017-01-30,08:14:00,95.3
2017-01-30,08:24:00,95.2
2017-01-30,08:34:00,96.1
2017-01-30,08:44:00,96.4
2017-01-30,08:54:00,94.8
2017-01-30,09:04:00,95.3
2017-01-30,09:14:00,90.2
2017-01-30,09:24:00,95.7
2017-01-30,09:34:00,95.7
2017-01-30,09:44:00,97.4
2017-01-30,09:54:00,94.6
2017-01-30,10:04:00,95.2
2017-01-30,10:14:00,91.6
2017-01-30,10:24:00,94.3
2017-01-30,10:34:00,94.1
2017-01-30,10:44:00,94.8
2017-01-30,10:54:00,94.6
2017-01-30,11:04:00,93.4
2017-01-30,11:14:00,92.6
2017-01-30,11:24:00,92.2
2017-01-30,11:34:00,92.6
2017-01-30,11:44:00,93.2
2017-01-30,11:54:00,94
2017-01-30,12:04:00,91.8
2017-01-30,12:14:00,96.4
2017-01-30,12:24:00,95.7
2017-01-30,12:34:00,92.3
2017-01-30,12:44:00,94.4
2017-01-30,12:54:00,95.7
2017-01-30,13:04:00,97.4
2017-01-30,13:14:00,95.2
2017-01-30,13:24:00,93.9
2017-01-30,13:34:00,93.3
2017-01-30,13:44:00,93.7
2017-01-30,13:54:00,93.9
2017-01-30,14:04:00,97.1
2017-01-30,14:14:00,93.1
2017-01-30,14:24:00,95.7
2017-01-30,14:34:00,94.6
2017-01-30,14:44:00,96
2017-01-30,14:54:00,91.6
2017-01-30,15:04:00,95.4
2017-01-30,15:14:00,95.4
2017-01-30,15:24:00,90.3
2017-01-30,15:34:00,93.1
2017-01-30,15:44:00,93.7
2017-01-30,15:54:00,93.6
2017-01-30,16:04:00,94.3
2017-01-30,16:14:00,96.3
2017-01-30,16:24:00,95.8
2017-01-30,16:34:00,96.7
2017-01-30,16:44:00,96.8
2017-01-30,16:54:00,96.3
2017-01-30,17:04:00,94.9
2017-01-30,17:14:00,97.9
2017-01-30,17:24:00,94.2
2017-01-30,17:34:00,95.4
2017-01-30,17:44:00,89.6
2017-01-30,17:54:00,90
2017-01-30,18:04:00,94.7
2017-01-30,18:14:00,93.1
2017-01-30,18:24:00,93.2
2017-01-30,18:34:00,96.3
2017-01-30,18:44:00,97.2
2017-01-30,18:54:00,90.7
2017-01-30,19:04:00,93.7
2017-01-30,19:14:00,94.9
2017-01-30,19:24:00,95
2017-01-30,19:34:00,94
2017-01-30,19:44:00,95.7
2017-01-30,19:54:00,96.6
2017-01-30,20:04:00,97.9
2017-01-30,20:14:00,98.2
2017-01-30,20:24:00,95.5
2017-01-30,20:34:00,95.3
2017-01-30,20:44:00,92.7
2017-01-30,20:54:00,93.9
2017-01-30,21:04:00,93.9
2017-01-30,21:14:00,94.4
2017-01-30,21:24:00,96.2
2017-01-30,21:34:00,93.7
2017-01-30,21:44:00,97.4
2017-01-30,21:54:00,91.8
2017-01-30,22:04:00,93.9
2017-01-30,22:14:00,95.9
2017-01-30,22:24:00,95.8
2017-01-30,22:34:00,93.7
2017-01-30,22:44:00,97.2
2017-01-30,22:54:00,92.8
2017-01-30,23:04:00,95.1
2017-01-30,23:14:00,94.4
2017-01-30,23:24:00,95.3
2017-01-30,23:34:00,90.8
2017-01-30,23:44:00,95
2017-01-30,23:54:00,93.3
