2022-04-01,00:10:00,98.2
2022-04-01,01:50:00,99.4
2022-04-01,03:20:00,96.9
2022-04-01,03:30:00,95
2022-04-01,03:40:00,96.4
2022-04-01,03:50:00,94.5
2022-04-01,04:30:00,98.1
2022-04-01,04:50:00,99.4
2022-04-01,05:30:00,102
2022-04-01,05:50:00,97.5
2022-04-01,06:00:00,96.4
2022-04-01,06:20:00,98
2022-04-01,07:30:00,97.4
2022-04-01,07:40:00,97
2022-04-01,07:50:00,103
2022-04-01,08:30:00,95.5
2022-04-01,09:00:00,105
2022-04-01,09:10:00,111
2022-04-01,09:30:00,108
2022-04-01,10:10:00,116
2022-04-01,11:30:00,99.5
2022-04-01,11:50:00,95.9
2022-04-01,12:20:00,103
2022-04-01,12:30:00,98.4
2022-04-01,12:40:00,98.7
2022-04-01,13:10:00,95.2
2022-04-01,13:50:00,93.2
2022-04-01,14:00:00,96.2
2022-04-01,14:30:00,94.1
2022-04-01,15:00:00,97.5
2022-04-01,15:20:00,95.9
2022-04-01,15:30:00,99
2022-04-01,15:40:00,96.5
2022-04-01,15:50:00,99.7
2022-04-01,16:10:00,97.9
2022-04-01,16:40:00,97.2
2022-04-01,17:00:00,97.7
2022-04-01,17:30:00,97.1
2022-04-01,18:00:00,95.3
2022-04-01,18:10:00,94.2
2022-04-01,19:30:00,95.8
2022-04-01,20:50:00,95
2022-04-01,21:00:00,96.4
2022-04-01,21:40:00,95.8
2022-04-01,22:20:00,96.4
2022-04-01,22:30:00,93.9
2022-04-01,22:40:00,94.8
2022-04-01,22:50:00,97.3
2022-04-01,23:20:00,95.4
2022-04-01,23:30:00,93.6
2022-04-01,23:50:00,94.5
2022-04-02,00:00:00,96
2022-04-02,00:20:00,95.9
2022-04-02,01:30:00,95.4
2022-04-02,02:20:00,96.8
2022-04-02,02:50:00,96.3
2022-04-02,04:00:00,97
2022-04-02,04:10:00,95.6
2022-04-02,05:10:00,94.9
2022-04-02,05:30:00,97.1
2022-04-02,05:40:00,95.7
2022-04-02,05:50:00,97
2022-04-02,06:00:00,97.4
2022-04-02,06:10:00,97
2022-04-02,07:30:00,96.9
2022-04-02,08:30:00,99.9
2022-04-02,08:50:00,96.9
2022-04-02,09:40:00,95.3
2022-04-02,09:50:00,91.2
2022-04-02,10:10:00,94.9
2022-04-02,11:50:00,99
2022-04-02,12:20:00,94.9
2022-04-02,12:50:00,95
2022-04-02,13:00:00,96.2
2022-04-02,13:30:00,101
2022-04-02,13:50:00,96.8
2022-04-02,14:10:00,97.7
2022-04-02,15:20:00,93.9
2022-04-02,16:20:00,99.4
2022-04-02,16:40:00,95
2022-04-02,17:20:00,97
2022-04-02,18:00:00,97.7
2022-04-02,18:10:00,94.8
2022-04-02,19:40:00,94.3
2022-04-02,19:50:00,95.5
2022-04-02,20:00:00,98.6
2022-04-02,20:20:00,98.7
2022-04-02,20:30:00,98.5
2022-04-02,20:40:00,94.9
2022-04-02,23:00:00,98
2022-04-02,23:10:00,95.1
2022-04-03,00:30:00,95
2022-04-03,00:50:00,96.5
2022-04-03,01:10:00,96.9
2022-04-03,01:20:00,94.4
2022-04-03,01:50:00,97.4
2022-04-03,02:00:00,93.1
2022-04-03,02:10:00,98
2022-04-03,02:30:00,95.2
2022-04-03,02:40:00,92.6
2022-04-03,02:50:00,95
2022-04-03,03:20:00,97.1
2022-04-03,03:30:00,94.4
2022-04-03,03:40:00,94.3
2022-04-03,04:50:00,95.6
2022-04-03,06:00:00,95.8
2022-04-03,06:20:00,96.5
2022-04-03,06:30:00,96.3
2022-04-03,06:40:00,92.5
2022-04-03,07:10:00,96.8
2022-04-03,07:30:00,92.5
2022-04-03,07:50:00,95
2022-04-03,08:00:00,96.3
2022-04-03,08:10:00,93
2022-04-03,08:40:00,102
2022-04-03,09:30:00,97.2
2022-04-03,09:50:00,96.5
2022-04-03,11:20:00,95.2
2022-04-03,12:00:00,95
2022-04-03,12:20:00,96.1
2022-04-03,13:00:00,94.8
2022-04-03,13:10:00,94.3
2022-04-03,13:20:00,91.9
2022-04-03,13:30:00,91.7
2022-04-03,14:00:00,95.1
2022-04-03,14:10:00,92.8
2022-04-03,14:50:00,95.9
2022-04-03,15:10:00,94.7
2022-04-03,15:30:00,95.1
2022-04-03,16:20:00,96.4
2022-04-03,16:30:00,93
2022-04-03,16:50:00,93.3
2022-04-03,17:00:00,93.9
2022-04-03,17:10:00,91.6
2022-04-03,17:20:00,93.7
2022-04-03,17:30:00,91.1
2022-04-03,17:40:00,92.8
2022-04-03,17:50:00,93.1
2022-04-03,18:30:00,95.8
2022-04-03,18:40:00,92
2022-04-03,19:20:00,91.6
2022-04-03,19:30:00,91.5
2022-04-03,19:50:00,95.6
2022-04-03,20:00:00,94.2
2022-04-03,20:20:00,94.7
2022-04-03,20:50:00,94.6
2022-04-03,21:20:00,92.4
2022-04-03,23:10:00,94.8
2022-04-03,23:40:00,92.2
2022-04-03,23:50:00,92.1
2022-04-04,00:10:00,95.5
2022-04-04,00:20:00,91.6
2022-04-04,00:30:00,95.7
2022-04-04,00:40:00,91.7
2022-04-04,02:20:00,95.8
2022-04-04,02:30:00,92.4
2022-04-04,04:10:00,93.4
2022-04-04,05:10:00,92.8
2022-04-04,05:20:00,93
2022-04-04,05:40:00,94
2022-04-04,05:50:00,95.7
2022-04-04,08:00:00,91.8
2022-04-04,08:10:00,94.7
2022-04-04,08:30:00,93.3
2022-04-04,09:10:00,92.6
2022-04-04,09:20:00,95.6
2022-04-04,09:30:00,95.4
2022-04-04,10:10:00,93
2022-04-04,11:20:00,91.2
2022-04-04,11:30:00,96.7
2022-04-04,13:20:00,95.7
2022-04-04,14:00:00,95.1
2022-04-04,14:20:00,94.5
2022-04-04,15:20:00,93
2022-04-04,15:40:00,94.2
2022-04-04,16:00:00,93.7
2022-04-04,16:30:00,93
2022-04-04,17:20:00,91.2
2022-04-04,17:30:00,92
2022-04-04,17:40:00,92.2
2022-04-04,18:40:00,94.5
2022-04-04,18:50:00,89.9
2022-04-04,19:20:00,92.1
2022-04-04,20:40:00,93.5
2022-04-04,21:00:00,93.2
2022-04-04,22:40:00,93.1
2022-04-04,22:50:00,97
2022-04-04,23:30:00,92.5
2022-04-04,23:40:00,94.1
2022-04-05,00:20:00,94.4
2022-04-05,01:20:00,93.4
2022-04-05,02:10:00,97
2022-04-05,02:50:00,95.6
2022-04-05,03:50:00,91.9
2022-04-05,04:40:00,95.6
2022-04-05,06:30:00,94.8
2022-04-05,06:40:00,97.2
2022-04-05,06:50:00,96.3
2022-04-05,07:40:00,93.7
2022-04-05,08:30:00,97.7
2022-04-05,08:50:00,95
2022-04-05,09:10:00,95.3
2022-04-05,09:20:00,97.9
2022-04-05,10:30:00,96.1
2022-04-05,11:30:00,96.7
2022-04-05,11:40:00,93.5
2022-04-05,12:10:00,94.1
2022-04-05,13:01:00,94.7
2022-04-05,13:21:00,94.4
2022-04-05,13:31:00,92.6
2022-04-05,13:41:00,92.3
2022-04-05,13:51:00,95
2022-04-05,14:11:00,93.2
2022-04-05,14:21:00,95.8
2022-04-05,14:51:00,94.8
2022-04-05,15:01:00,92.8
2022-04-05,15:41:00,96
2022-04-05,17:21:00,95.5
2022-04-05,17:51:00,97.6
2022-04-05,18:11:00,98.2
2022-04-05,19:01:00,93.1
2022-04-05,19:11:00,94.9
2022-04-05,20:31:00,95.8
2022-04-05,21:01:00,90.2
2022-04-05,21:41:00,94.9
2022-04-05,21:51:00,90.6
2022-04-05,22:11:00,94.3
2022-04-05,22:31:00,96.3
2022-04-05,22:51:00,94.9
2022-04-06,00:01:00,93.7
2022-04-06,00:11:00,94.7
2022-04-06,00:21:00,93.8
2022-04-06,00:31:00,92.8
2022-04-06,01:01:00,93.1
2022-04-06,01:21:00,93.2
2022-04-06,02:21:00,94
2022-04-06,02:41:00,96.4
2022-04-06,02:51:00,91.9
2022-04-06,03:41:00,93.4
2022-04-06,04:41:00,93.1
2022-04-06,04:51:00,94.6
2022-04-06,05:01:00,98.1
2022-04-06,06:01:00,97.4
2022-04-06,06:11:00,96.7
2022-04-06,06:31:00,93.7
2022-04-06,06:51:00,97.5
2022-04-06,07:01:00,96.5
2022-04-06,07:21:00,94.3
2022-04-06,08:21:00,95.4
2022-04-06,08:31:00,98.7
2022-04-06,08:51:00,99.9
2022-04-06,09:41:00,92.7
2022-04-06,10:11:00,94
2022-04-06,10:21:00,95.7
2022-04-06,10:51:00,96.3
2022-04-06,11:21:00,94.4
2022-04-06,12:01:00,101
2022-04-06,12:11:00,94.8
2022-04-06,12:51:00,92.6
2022-04-06,13:11:00,96.4
2022-04-06,13:21:00,97.9
2022-04-06,13:31:00,93.5
2022-04-06,15:01:00,93.6
2022-04-06,15:11:00,93
2022-04-06,16:21:00,97.6
2022-04-06,16:51:00,96.5
2022-04-06,17:01:00,90.3
2022-04-06,17:21:00,93
2022-04-06,18:11:00,93.4
2022-04-06,18:31:00,93.2
2022-04-06,18:51:00,95.7
2022-04-06,19:01:00,93.6
2022-04-06,19:11:00,90.8
2022-04-06,19:41:00,91.3
2022-04-06,19:51:00,93.8
2022-04-06,21:21:00,94.6
2022-04-06,21:31:00,95
2022-04-06,22:01:00,93.4
2022-04-06,22:31:00,95.1
2022-04-06,22:51:00,96.6
2022-04-06,23:31:00,92.4
2022-04-06,23:41:00,91.7
2022-04-07,00:11:00,93.1
2022-04-07,00:21:00,100
2022-04-07,00:41:00,95.5
2022-04-07,01:11:00,95.4
2022-04-07,01:21:00,93
2022-04-07,01:31:00,95.6
2022-04-07,01:41:00,96.5
2022-04-07,02:41:00,94.3
2022-04-07,02:51:00,98.3
2022-04-07,03:01:00,94.8
2022-04-07,05:21:00,96.4
2022-04-07,05:31:00,94
2022-04-07,05:41:00,94.1
2022-04-07,05:51:00,97.8
2022-04-07,06:51:00,97.8
2022-04-07,07:01:00,93.8
2022-04-07,07:31:00,96.9
2022-04-07,08:51:00,95.9
2022-04-07,09:41:00,97.7
2022-04-07,09:51:00,99.3
2022-04-07,10:01:00,95.7
2022-04-07,10:11:00,95.2
2022-04-07,10:21:00,94.3
2022-04-07,10:31:00,95.7
2022-04-07,11:11:00,97
2022-04-07,11:41:00,97
2022-04-07,12:01:00,93.8
2022-04-07,12:21:00,98.2
2022-04-07,13:11:00,98.8
2022-04-07,13:21:00,97.5
2022-04-07,13:31:00,98
2022-04-07,13:51:00,94.8
2022-04-07,14:31:00,94.1
2022-04-07,15:31:00,97.5
2022-04-07,16:11:00,95.3
2022-04-07,16:21:00,95.4
2022-04-07,16:41:00,100
2022-04-07,17:01:00,98.2
2022-04-07,17:11:00,96.3
2022-04-07,17:41:00,94.5
2022-04-07,18:01:00,96.4
2022-04-07,18:31:00,98.1
2022-04-07,18:41:00,101
2022-04-07,18:51:00,98.5
2022-04-07,19:51:00,97.4
2022-04-07,20:11:00,100
2022-04-07,20:51:00,98.9
2022-04-07,21:01:00,94.2
2022-04-07,21:31:00,97.6
2022-04-07,23:01:00,94.6
2022-04-07,23:21:00,94
2022-04-08,00:01:00,96.5
2022-04-08,00:51:00,98.3
2022-04-08,01:11:00,92
2022-04-08,01:31:00,91.7
2022-04-08,01:41:00,94.7
2022-04-08,02:11:00,93.3
2022-04-08,03:01:00,96.5
2022-04-08,03:11:00,97.4
2022-04-08,03:31:00,94.3
2022-04-08,03:41:00,93.1
2022-04-08,04:41:00,97.6
2022-04-08,04:51:00,95.3
2022-04-08,05:11:00,96.2
2022-04-08,05:41:00,96.2
2022-04-08,05:51:00,97.2
2022-04-08,06:01:00,96.6
2022-04-08,06:41:00,92.5
2022-04-08,07:21:00,96.9
2022-04-08,09:11:00,98.1
2022-04-08,09:31:00,95.9
2022-04-08,09:41:00,97.2
2022-04-08,10:21:00,93.2
2022-04-08,11:01:00,95.5
2022-04-08,11:31:00,97.1
2022-04-08,11:41:00,96.1
2022-04-08,12:11:00,95.2
2022-04-08,12:21:00,92.6
2022-04-08,13:01:00,95.3
2022-04-08,13:21:00,93.7
2022-04-08,13:31:00,95.3
2022-04-08,14:01:00,94
2022-04-08,14:31:00,93.7
2022-04-08,14:41:00,95.4
2022-04-08,15:01:00,93.6
2022-04-08,15:11:00,93.2
2022-04-08,15:31:00,92.6
2022-04-08,15:41:00,94.1
2022-04-08,15:51:00,92.5
2022-04-08,16:41:00,94.7
2022-04-08,17:01:00,94.5
2022-04-08,18:01:00,98.3
2022-04-08,19:21:00,93.5
2022-04-08,19:31:00,90.1
2022-04-08,19:51:00,96.2
2022-04-08,20:11:00,96.1
2022-04-08,20:21:00,93.8
2022-04-08,20:31:00,92.1
2022-04-08,20:51:00,96.3
2022-04-08,21:11:00,95
2022-04-08,21:21:00,92.5
2022-04-08,21:31:00,97.3
2022-04-08,22:01:00,96.4
2022-04-08,22:31:00,92.9
2022-04-09,00:21:00,92.5
2022-04-09,01:31:00,94.7
2022-04-09,01:51:00,93.5
2022-04-09,02:21:00,99.5
2022-04-09,03:11:00,98.1
2022-04-09,03:31:00,94.5
2022-04-09,03:41:00,96.5
2022-04-09,03:51:00,92
2022-04-09,04:11:00,93.9
2022-04-09,04:31:00,95.2
2022-04-09,05:01:00,96.9
2022-04-09,05:11:00,95.3
2022-04-09,05:21:00,95.8
2022-04-09,05:31:00,90.5
2022-04-09,06:31:00,96.9
2022-04-09,06:51:00,93.7
2022-04-09,07:31:00,94
2022-04-09,07:41:00,96.9
2022-04-09,08:01:00,95.8
2022-04-09,08:41:00,97.7
2022-04-09,08:51:00,100
2022-04-09,09:41:00,102
2022-04-09,09:51:00,101
2022-04-09,10:01:00,103
2022-04-09,10:11:00,99.6
2022-04-09,10:51:00,100
2022-04-09,11:01:00,100
2022-04-09,11:31:00,102
2022-04-09,11:41:00,98.9
2022-04-09,12:01:00,99.3
2022-04-09,12:11:00,101
2022-04-09,12:31:00,95.4
2022-04-09,12:41:00,101
2022-04-09,12:51:00,96.2
2022-04-09,13:01:00,99.2
2022-04-09,13:41:00,100
2022-04-09,14:01:00,102
2022-04-09,14:11:00,100
2022-04-09,14:21:00,98.6
2022-04-09,15:01:00,98.7
2022-04-09,15:11:00,95.6
2022-04-09,15:21:00,96.4
2022-04-09,15:31:00,96.4
2022-04-09,16:01:00,96.7
2022-04-09,17:01:00,96.8
2022-04-09,17:41:00,94.2
2022-04-09,18:11:00,97.2
2022-04-09,19:01:00,95.2
2022-04-09,19:11:00,94.5
2022-04-09,19:21:00,96.4
2022-04-09,19:31:00,94
2022-04-09,19:51:00,96.3
2022-04-09,20:01:00,97.3
2022-04-09,20:21:00,94.1
2022-04-09,20:31:00,100
2022-04-09,20:41:00,93.4
2022-04-09,20:51:00,96.3
2022-04-09,21:21:00,94.3
2022-04-09,21:31:00,93.5
2022-04-09,21:41:00,93.8
2022-04-09,21:51:00,94.5
2022-04-09,22:21:00,93.4
2022-04-09,22:41:00,98.7
2022-04-09,23:11:00,91.2
2022-04-09,23:41:00,97.5
2022-04-10,00:01:00,97.6
2022-04-10,00:21:00,94.2
2022-04-10,00:41:00,91.4
2022-04-10,01:01:00,98.1
2022-04-10,01:11:00,92.6
2022-04-10,01:21:00,97
2022-04-10,01:31:00,98.1
2022-04-10,01:41:00,96.9
2022-04-10,01:51:00,95.4
2022-04-10,02:01:00,90.6
2022-04-10,02:11:00,95.8
2022-04-10,02:21:00,95.2
2022-04-10,02:31:00,98.8
2022-04-10,02:41:00,93.4
2022-04-10,03:21:00,101
2022-04-10,03:31:00,96.5
2022-04-10,04:11:00,94.6
2022-04-10,04:31:00,96.9
2022-04-10,04:41:00,97.6
2022-04-10,05:11:00,95.5
2022-04-10,05:31:00,94.2
2022-04-10,05:41:00,93.2
2022-04-10,06:01:00,98.7
2022-04-10,06:11:00,99.3
2022-04-10,06:31:00,97.1
2022-04-10,06:41:00,93.7
2022-04-10,07:01:00,93.1
2022-04-10,07:41:00,94.3
2022-04-10,08:01:00,94.2
2022-04-10,08:31:00,94.7
2022-04-10,08:41:00,94.6
2022-04-10,09:11:00,97.2
2022-04-10,09:21:00,93.8
2022-04-10,09:31:00,94.2
2022-04-10,10:01:00,95.6
2022-04-10,10:21:00,92.8
2022-04-10,10:31:00,96.7
2022-04-10,10:51:00,96.5
2022-04-10,11:01:00,98.6
2022-04-10,11:31:00,97.9
2022-04-10,11:41:00,94.5
2022-04-10,12:01:00,92.4
2022-04-10,12:31:00,94.9
2022-04-10,13:01:00,91.9
2022-04-10,13:11:00,95.5
2022-04-10,13:31:00,94
2022-04-10,13:41:00,93.6
2022-04-10,14:01:00,94
2022-04-10,14:21:00,97.9
2022-04-10,14:31:00,91.8
2022-04-10,14:51:00,96.6
2022-04-10,15:01:00,91.7
2022-04-10,15:41:00,94.1
2022-04-10,15:51:00,94.2
2022-04-10,16:01:00,91
2022-04-10,16:11:00,91.7
2022-04-10,16:31:00,96.5
2022-04-10,17:01:00,93.3
2022-04-10,17:11:00,92.6
2022-04-10,17:31:00,94.4
2022-04-10,17:41:00,95.6
2022-04-10,18:01:00,93.3
2022-04-10,18:11:00,92.3
2022-04-10,18:21:00,95.2
2022-04-10,18:51:00,91.3
2022-04-10,19:01:00,92.9
2022-04-10,19:11:00,93.5
2022-04-10,19:31:00,90.6
2022-04-10,20:31:00,93
2022-04-10,20:41:00,93.2
2022-04-10,21:11:00,94.6
2022-04-10,21:21:00,93.5
2022-04-10,21:31:00,92.9
2022-04-10,21:41:00,93
2022-04-10,22:01:00,94.1
2022-04-10,22:21:00,91.8
2022-04-10,22:31:00,92.8
2022-04-10,23:31:00,93.2
2022-04-10,23:41:00,91.3
2022-04-11,00:01:00,94.6
2022-04-11,00:21:00,93.7
2022-04-11,01:01:00,93.4
2022-04-11,01:51:00,94.5
2022-04-11,02:11:00,94.6
2022-04-11,03:01:00,92.6
2022-04-11,03:11:00,94.7
2022-04-11,03:41:00,94.4
2022-04-11,03:51:00,92.6
2022-04-11,04:51:00,95.4
2022-04-11,05:01:00,93.6
2022-04-11,05:11:00,91.2
2022-04-11,05:41:00,93.5
2022-04-11,06:11:00,91.6
2022-04-11,06:21:00,91.7
2022-04-11,06:31:00,92.5
2022-04-11,07:21:00,93.8
2022-04-11,07:31:00,92.7
2022-04-11,08:31:00,91.8
2022-04-11,08:41:00,94.2
2022-04-11,08:51:00,93.1
2022-04-11,09:01:00,92.9
2022-04-11,09:31:00,96.3
2022-04-11,09:41:00,94.5
2022-04-11,10:41:00,90.5
2022-04-11,10:51:00,93.6
2022-04-11,11:21:00,91.8
2022-04-11,11:51:00,92.5
2022-04-11,12:01:00,94.7
2022-04-11,12:11:00,92.5
2022-04-11,12:31:00,93.2
2022-04-11,12:41:00,93.5
2022-04-11,13:21:00,92.2
2022-04-11,14:11:00,93.9
2022-04-11,14:31:00,93.4
2022-04-11,14:51:00,93
2022-04-11,15:01:00,92.5
2022-04-11,15:21:00,91.7
2022-04-11,15:51:00,93.5
2022-04-11,16:01:00,94.1
2022-04-11,16:21:00,96.1
2022-04-11,16:41:00,94.8
2022-04-11,17:11:00,88.8
2022-04-11,17:21:00,92.5
2022-04-11,17:31:00,89.3
2022-04-11,17:41:00,92.1
2022-04-11,18:31:00,88.8
2022-04-11,19:31:00,92.2
2022-04-11,19:41:00,92.2
2022-04-11,20:01:00,95.3
2022-04-11,20:11:00,92.4
2022-04-11,20:21:00,90.4
2022-04-11,20:31:00,92.1
2022-04-11,21:01:00,92.6
2022-04-11,21:11:00,97.7
2022-04-11,21:21:00,93.6
2022-04-11,21:31:00,92.5
2022-04-11,21:41:00,94.8
2022-04-11,22:41:00,92
2022-04-11,22:51:00,93.2
2022-04-11,23:41:00,96.2
2022-04-12,00:01:00,92.1
2022-04-12,00:51:00,94.7
2022-04-12,01:21:00,94.5
2022-04-12,01:31:00,93.8
2022-04-12,01:51:00,88.5
2022-04-12,02:01:00,94
2022-04-12,02:31:00,94
2022-04-12,03:31:00,94.8
2022-04-12,03:41:00,91.3
2022-04-12,03:51:00,94.1
2022-04-12,04:31:00,93
2022-04-12,04:51:00,93.6
2022-04-12,05:01:00,93.2
2022-04-12,05:11:00,94.6
2022-04-12,05:41:00,95.3
2022-04-12,05:51:00,91.8
2022-04-12,06:01:00,92.3
2022-04-12,06:21:00,95.5
2022-04-12,06:41:00,94.8
2022-04-12,07:01:00,94.7
2022-04-12,07:21:00,93.8
2022-04-12,07:31:00,95.6
2022-04-12,08:01:00,95.6
2022-04-12,08:11:00,98.4
2022-04-12,08:31:00,102
2022-04-12,08:51:00,99.9
2022-04-12,10:01:00,101
2022-04-12,10:21:00,95.9
2022-04-12,10:31:00,96.7
2022-04-12,11:11:00,93.2
2022-04-12,11:41:00,95.5
2022-04-12,11:51:00,93.4
2022-04-12,12:01:00,94.4
2022-04-12,12:21:00,91.1
2022-04-12,13:01:00,95.8
2022-04-12,13:21:00,92.7
2022-04-12,13:41:00,91.3
2022-04-12,13:51:00,95
2022-04-12,14:01:00,93.2
2022-04-12,14:11:00,91.9
2022-04-12,14:41:00,90.3
2022-04-12,14:51:00,95.4
2022-04-12,15:01:00,93.7
2022-04-12,15:11:00,94.1
2022-04-12,15:31:00,94.9
2022-04-12,16:01:00,93.1
2022-04-12,16:41:00,94.9
2022-04-12,16:51:00,93.4
2022-04-12,17:01:00,92
2022-04-12,17:11:00,95.9
2022-04-12,17:21:00,92.9
2022-04-12,17:31:00,95.5
2022-04-12,17:41:00,93.8
2022-04-12,18:01:00,95.2
2022-04-12,18:11:00,95.6
2022-04-12,18:21:00,91.8
2022-04-12,18:41:00,92.9
2022-04-12,18:51:00,94.2
2022-04-12,19:01:00,92.1
2022-04-12,19:11:00,96.5
2022-04-12,19:21:00,91.5
2022-04-12,19:31:00,92.9
2022-04-12,19:41:00,93.1
2022-04-12,19:51:00,92.4
2022-04-12,20:11:00,94.8
2022-04-12,20:31:00,94.1
2022-04-12,20:51:00,98
2022-04-12,21:01:00,94.7
2022-04-12,22:01:00,94.4
2022-04-12,22:11:00,92.2
2022-04-12,22:41:00,95.5
2022-04-12,23:01:00,95
2022-04-12,23:31:00,93.8
2022-04-12,23:41:00,91.5
2022-04-12,23:51:00,97
2022-04-13,00:01:00,94.6
2022-04-13,00:11:00,95.6
2022-04-13,00:21:00,93.2
2022-04-13,00:31:00,98.1
2022-04-13,00:41:00,94.8
2022-04-13,01:01:00,91.5
2022-04-13,01:31:00,92.5
2022-04-13,01:41:00,91.8
2022-04-13,02:01:00,93.6
2022-04-13,02:11:00,94.4
2022-04-13,02:21:00,96.5
2022-04-13,02:41:00,92.6
2022-04-13,02:51:00,94.1
2022-04-13,03:01:00,93.4
2022-04-13,03:11:00,94.8
2022-04-13,03:31:00,92.8
2022-04-13,03:41:00,93
2022-04-13,03:51:00,93.4
2022-04-13,04:31:00,93.5
2022-04-13,04:51:00,93
2022-04-13,05:01:00,96
2022-04-13,05:11:00,92
2022-04-13,05:21:00,96.8
2022-04-13,05:31:00,96.5
2022-04-13,05:51:00,91.1
2022-04-13,06:11:00,96.5
2022-04-13,06:41:00,94.1
2022-04-13,06:51:00,94.2
2022-04-13,07:01:00,94.3
2022-04-13,07:21:00,90.8
2022-04-13,07:41:00,96
2022-04-13,08:21:00,92.4
2022-04-13,08:31:00,94.9
2022-04-13,08:51:00,98
2022-04-13,09:11:00,93.8
2022-04-13,09:21:00,93.4
2022-04-13,09:41:00,93.4
2022-04-13,10:11:00,92.2
2022-04-13,10:31:00,95.2
2022-04-13,10:41:00,92.9
2022-04-13,11:11:00,95.4
2022-04-13,11:31:00,90.9
2022-04-13,11:51:00,95.4
2022-04-13,12:01:00,95.7
2022-04-13,12:11:00,92.2
2022-04-13,12:21:00,96.5
2022-04-13,12:51:00,95.1
2022-04-13,13:11:00,94.3
2022-04-13,13:31:00,96.1
2022-04-13,13:41:00,94.4
2022-04-13,14:01:00,93.3
2022-04-13,14:11:00,92.4
2022-04-13,14:31:00,90.7
2022-04-13,15:01:00,93
2022-04-13,16:01:00,92.9
2022-04-13,16:31:00,91.2
2022-04-13,16:41:00,94.3
2022-04-13,17:11:00,93.5
2022-04-13,17:21:00,92.8
2022-04-13,17:41:00,98.5
2022-04-13,17:51:00,91.7
2022-04-13,18:01:00,92.8
2022-04-13,18:11:00,90.1
2022-04-13,18:31:00,93.8
2022-04-13,19:01:00,93.5
2022-04-13,19:31:00,90.4
2022-04-13,19:41:00,93.2
2022-04-13,19:51:00,93.5
2022-04-13,20:11:00,96.6
2022-04-13,20:31:00,94.6
2022-04-13,20:51:00,95.7
2022-04-13,21:01:00,88.8
2022-04-13,22:01:00,90.7
2022-04-13,22:21:00,93.9
2022-04-13,22:31:00,93.8
2022-04-13,22:41:00,90.1
2022-04-13,23:01:00,95.5
2022-04-13,23:11:00,92.7
2022-04-13,23:31:00,91.9
2022-04-14,00:11:00,94.2
2022-04-14,00:31:00,94.3
2022-04-14,00:41:00,91.5
2022-04-14,00:51:00,93.5
2022-04-14,01:51:00,92.6
2022-04-14,02:01:00,91.3
2022-04-14,02:11:00,93.9
2022-04-14,02:21:00,92.7
2022-04-14,02:31:00,93.3
2022-04-14,02:41:00,96
2022-04-14,03:11:00,94.5
2022-04-14,03:31:00,95.6
2022-04-14,03:51:00,90.6
2022-04-14,04:01:00,95.1
2022-04-14,04:11:00,94.2
2022-04-14,04:21:00,92.2
2022-04-14,04:41:00,91.5
2022-04-14,05:11:00,95.6
2022-04-14,05:31:00,92.3
2022-04-14,05:41:00,95.8
2022-04-14,05:51:00,96.5
2022-04-14,06:01:00,96.3
2022-04-14,06:11:00,92
2022-04-14,06:21:00,95.8
2022-04-14,06:31:00,92.2
2022-04-14,07:11:00,93.2
2022-04-14,07:21:00,93.3
2022-04-14,07:31:00,95.4
2022-04-14,07:41:00,97.1
2022-04-14,08:21:00,93.6
2022-04-14,08:41:00,96.2
2022-04-14,09:01:00,91.2
2022-04-14,09:11:00,95.1
2022-04-14,09:41:00,94.6
2022-04-14,09:51:00,92.1
2022-04-14,10:11:00,92.5
2022-04-14,10:21:00,93.3
2022-04-14,10:31:00,91.2
2022-04-14,11:01:00,93.5
2022-04-14,11:31:00,94.4
2022-04-14,12:01:00,95
2022-04-14,12:11:00,95.9
2022-04-14,12:21:00,92
2022-04-14,12:31:00,93
2022-04-14,13:01:00,95.9
2022-04-14,13:11:00,93.8
2022-04-14,13:31:00,94.3
2022-04-14,14:11:00,92.7
2022-04-14,15:31:00,98.9
2022-04-14,16:11:00,95.1
2022-04-14,16:21:00,94.9
2022-04-14,16:31:00,95.8
2022-04-14,16:41:00,93.9
2022-04-14,16:51:00,92.4
2022-04-14,17:01:00,95.8
2022-04-14,17:31:00,93
2022-04-14,17:51:00,93.3
2022-04-14,18:11:00,94.3
2022-04-14,18:31:00,93.7
2022-04-14,18:51:00,92.6
2022-04-14,19:31:00,96.8
2022-04-14,19:41:00,96.2
2022-04-14,20:01:00,95.2
2022-04-14,20:21:00,92
2022-04-14,20:31:00,94.6
2022-04-14,20:41:00,89.9
2022-04-14,21:21:00,96.3
2022-04-14,22:01:00,92.3
2022-04-14,22:31:00,94
2022-04-14,23:01:00,91.3
2022-04-14,23:21:00,92
2022-04-14,23:31:00,92.2
2022-04-14,23:51:00,92.7
2022-04-15,00:21:00,93.9
2022-04-15,00:31:00,94.1
2022-04-15,00:41:00,94
2022-04-15,00:51:00,94.8
2022-04-15,01:01:00,96.7
2022-04-15,01:11:00,95.6
2022-04-15,01:21:00,90.6
2022-04-15,01:31:00,92
2022-04-15,02:01:00,94.9
2022-04-15,02:11:00,94
2022-04-15,02:31:00,92.9
2022-04-15,02:41:00,97.6
2022-04-15,03:01:00,90.7
2022-04-15,03:41:00,93.5
2022-04-15,04:01:00,92.6
2022-04-15,04:11:00,93
2022-04-15,04:21:00,93.2
2022-04-15,04:41:00,91.9
2022-04-15,05:01:00,93.1
2022-04-15,05:31:00,96.4
2022-04-15,06:01:00,96
2022-04-15,06:21:00,92.6
2022-04-15,06:31:00,95.5
2022-04-15,06:41:00,95.3
2022-04-15,06:51:00,95.8
2022-04-15,07:01:00,95.3
2022-04-15,07:11:00,93.9
2022-04-15,07:21:00,97.5
2022-04-15,08:01:00,99.1
2022-04-15,08:21:00,98.5
2022-04-15,08:31:00,96.7
2022-04-15,09:01:00,96.5
2022-04-15,09:31:00,96.1
2022-04-15,09:41:00,97.9
2022-04-15,10:01:00,93.7
2022-04-15,10:51:00,94.5
2022-04-15,11:01:00,95.9
2022-04-15,12:01:00,96.3
2022-04-15,12:31:00,93.1
2022-04-15,12:41:00,93.5
2022-04-15,13:01:00,94.4
2022-04-15,13:31:00,91.3
2022-04-15,13:51:00,95.7
2022-04-15,14:01:00,94.2
2022-04-15,14:31:00,95
2022-04-15,14:41:00,94.5
2022-04-15,15:01:00,91.8
2022-04-15,15:21:00,98.3
2022-04-15,15:41:00,92.5
2022-04-15,16:01:00,95.7
2022-04-15,16:11:00,95.3
2022-04-15,17:01:00,95.4
2022-04-15,17:11:00,95.1
2022-04-15,17:21:00,93.2
2022-04-15,17:31:00,95.1
2022-04-15,18:31:00,94.9
2022-04-15,19:01:00,96.1
2022-04-15,19:31:00,98.4
2022-04-15,19:51:00,89.6
2022-04-15,20:01:00,98.4
2022-04-15,20:31:00,95.1
2022-04-15,20:51:00,93.8
2022-04-15,21:01:00,92.4
2022-04-15,21:11:00,94.1
2022-04-15,22:01:00,93.5
2022-04-15,22:11:00,92.8
2022-04-15,22:41:00,95.5
2022-04-15,23:01:00,92.6
2022-04-15,23:21:00,93.3
2022-04-15,23:51:00,95.3
2022-04-16,00:01:00,93.6
2022-04-16,00:41:00,94.4
2022-04-16,01:01:00,92.5
2022-04-16,01:31:00,91.2
2022-04-16,01:51:00,92.8
2022-04-16,02:21:00,94.5
2022-04-16,02:41:00,92.7
2022-04-16,02:51:00,98.4
2022-04-16,03:01:00,93
2022-04-16,03:11:00,95.9
2022-04-16,03:31:00,96.7
2022-04-16,05:01:00,92.1
2022-04-16,05:21:00,92
2022-04-16,05:31:00,92
2022-04-16,05:51:00,94.1
2022-04-16,07:01:00,92
2022-04-16,07:31:00,95.6
2022-04-16,08:41:00,96.5
2022-04-16,09:21:00,93.6
2022-04-16,09:31:00,92.5
2022-04-16,09:41:00,97.6
2022-04-16,10:01:00,94.7
2022-04-16,10:31:00,93
2022-04-16,10:41:00,94.1
2022-04-16,11:51:00,89.3
2022-04-16,12:21:00,96.2
2022-04-16,12:31:00,91.5
2022-04-16,12:41:00,97.4
2022-04-16,12:51:00,93.8
2022-04-16,13:01:00,93.1
2022-04-16,13:11:00,96.2
2022-04-16,13:21:00,96.3
2022-04-16,13:31:00,94.6
2022-04-16,13:51:00,92.2
2022-04-16,14:11:00,94.5
2022-04-16,14:31:00,91.5
2022-04-16,15:11:00,94.9
2022-04-16,16:11:00,95.4
2022-04-16,16:41:00,94.3
2022-04-16,16:51:00,97.3
2022-04-16,17:01:00,94.1
2022-04-16,18:01:00,94.5
2022-04-16,18:11:00,92.9
2022-04-16,18:21:00,97
2022-04-16,18:31:00,94
2022-04-16,18:41:00,93.6
2022-04-16,19:01:00,95.4
2022-04-16,19:11:00,94.3
2022-04-16,19:21:00,91.5
2022-04-16,19:31:00,93.9
2022-04-16,19:41:00,93.4
2022-04-16,20:11:00,95.2
2022-04-16,20:31:00,93.2
2022-04-16,20:51:00,91.4
2022-04-16,21:01:00,95
2022-04-16,21:11:00,95.9
2022-04-16,21:51:00,93.5
2022-04-16,22:01:00,92.8
2022-04-16,22:11:00,96.9
2022-04-16,22:51:00,95.5
2022-04-16,23:21:00,93.4
2022-04-16,23:31:00,90.2
2022-04-16,23:51:00,93.9
2022-04-17,00:11:00,96.9
2022-04-17,00:31:00,94.5
2022-04-17,01:21:00,93.2
2022-04-17,02:01:00,90.6
2022-04-17,02:11:00,93
2022-04-17,02:31:00,95.5
2022-04-17,03:01:00,95.1
2022-04-17,03:51:00,94.6
2022-04-17,04:51:00,91.3
2022-04-17,05:11:00,95
2022-04-17,05:21:00,92
2022-04-17,05:31:00,89.6
2022-04-17,05:41:00,95
2022-04-17,06:31:00,94
2022-04-17,06:41:00,93.4
2022-04-17,07:01:00,92.7
2022-04-17,07:11:00,95.3
2022-04-17,07:21:00,94
2022-04-17,07:31:00,92.9
2022-04-17,08:01:00,93.9
2022-04-17,08:21:00,92.9
2022-04-17,08:31:00,92.7
2022-04-17,08:41:00,93.6
2022-04-17,08:51:00,90.5
2022-04-17,09:51:00,92.3
2022-04-17,10:01:00,92.3
2022-04-17,10:11:00,92.6
2022-04-17,10:31:00,92
2022-04-17,10:41:00,94.9
2022-04-17,11:01:00,94.5
2022-04-17,11:21:00,96.8
2022-04-17,11:41:00,91.4
2022-04-17,12:01:00,93.7
2022-04-17,12:11:00,90.8
2022-04-17,12:21:00,93.7
2022-04-17,12:31:00,96.6
2022-04-17,12:41:00,95.4
2022-04-17,13:11:00,92.7
2022-04-17,13:51:00,92.4
2022-04-17,14:01:00,94.7
2022-04-17,14:31:00,95.4
2022-04-17,15:31:00,92.5
2022-04-17,16:01:00,90.3
2022-04-17,16:11:00,94.9
2022-04-17,16:31:00,94
2022-04-17,17:01:00,93.4
2022-04-17,17:21:00,97.2
2022-04-17,17:31:00,94.8
2022-04-17,17:41:00,93.3
2022-04-17,18:01:00,93.3
2022-04-17,19:01:00,92.7
2022-04-17,19:11:00,93.7
2022-04-17,19:21:00,94.5
2022-04-17,19:31:00,91.1
2022-04-17,20:11:00,91.8
2022-04-17,20:31:00,92.4
2022-04-17,21:41:00,93.5
2022-04-17,22:01:00,92.5
2022-04-17,22:11:00,93.5
2022-04-17,22:31:00,94.3
2022-04-17,22:41:00,91.2
2022-04-17,23:11:00,93.4
2022-04-17,23:21:00,93.4
2022-04-17,23:41:00,95.9
2022-04-18,00:01:00,96
2022-04-18,00:31:00,94.5
2022-04-18,01:01:00,90.9
2022-04-18,01:11:00,92.3
2022-04-18,01:21:00,94.1
2022-04-18,01:41:00,96.8
2022-04-18,02:11:00,90.8
2022-04-18,02:51:00,95.6
2022-04-18,03:01:00,92.4
2022-04-18,03:11:00,95.8
2022-04-18,03:41:00,94.2
2022-04-18,04:11:00,93.5
2022-04-18,04:51:00,96.5
2022-04-18,05:01:00,97.8
2022-04-18,05:31:00,92.9
2022-04-18,06:01:00,92.3
2022-04-18,06:31:00,94.5
2022-04-18,07:11:00,92.9
2022-04-18,07:41:00,96.7
2022-04-18,08:31:00,96.3
2022-04-18,08:41:00,93.8
2022-04-18,09:01:00,91.1
2022-04-18,09:11:00,93.3
2022-04-18,09:51:00,95
2022-04-18,10:11:00,96.1
2022-04-18,10:31:00,92
2022-04-18,10:41:00,94.8
2022-04-18,10:51:00,93.9
2022-04-18,11:01:00,94
2022-04-18,11:11:00,94.7
2022-04-18,11:41:00,96.7
2022-04-18,12:21:00,95.1
2022-04-18,12:31:00,92.8
2022-04-18,13:11:00,98.8
2022-04-18,13:21:00,94
2022-04-18,13:31:00,94.3
2022-04-18,13:51:00,92.4
2022-04-18,14:11:00,94.5
2022-04-18,14:31:00,92.3
2022-04-18,14:41:00,95.4
2022-04-18,15:01:00,94
2022-04-18,15:11:00,93.3
2022-04-18,15:31:00,93.7
2022-04-18,15:41:00,98.6
2022-04-18,15:51:00,95.5
2022-04-18,16:11:00,94.5
2022-04-18,16:31:00,96.7
2022-04-18,17:01:00,94.8
2022-04-18,17:11:00,94.8
2022-04-18,17:31:00,93.6
2022-04-18,17:41:00,93.5
2022-04-18,18:01:00,93.4
2022-04-18,18:11:00,93.8
2022-04-18,18:31:00,92.9
2022-04-18,18:51:00,92.6
2022-04-18,19:31:00,92.3
2022-04-18,19:41:00,92
2022-04-18,19:51:00,92.8
2022-04-18,20:01:00,91.9
2022-04-18,20:31:00,91.9
2022-04-18,20:41:00,91.7
2022-04-18,21:11:00,95.9
2022-04-18,21:31:00,94.6
2022-04-18,21:51:00,92.3
2022-04-18,22:21:00,93.7
2022-04-18,22:31:00,93.7
2022-04-18,23:01:00,96.1
2022-04-18,23:41:00,90.8
2022-04-18,23:51:00,95
2022-04-19,00:01:00,95.6
2022-04-19,00:21:00,94.5
2022-04-19,00:41:00,92.4
2022-04-19,01:11:00,94.2
2022-04-19,01:21:00,94.8
2022-04-19,01:31:00,88.9
2022-04-19,01:41:00,91.7
2022-04-19,02:51:00,93.5
2022-04-19,03:01:00,96.2
2022-04-19,03:11:00,94.4
2022-04-19,03:31:00,96.1
2022-04-19,03:51:00,93.4
2022-04-19,04:01:00,93.5
2022-04-19,05:01:00,97.6
2022-04-19,05:21:00,95.6
2022-04-19,05:41:00,92.2
2022-04-19,05:51:00,96.6
2022-04-19,06:01:00,100
2022-04-19,06:11:00,97.3
2022-04-19,06:21:00,96.1
2022-04-19,06:41:00,96.7
2022-04-19,07:01:00,93.6
2022-04-19,07:11:00,96.5
2022-04-19,07:31:00,92.7
2022-04-19,07:41:00,92.3
2022-04-19,07:51:00,95.7
2022-04-19,08:01:00,94.5
2022-04-19,08:11:00,93.5
2022-04-19,08:21:00,96.2
2022-04-19,08:31:00,96.2
2022-04-19,08:41:00,95.4
2022-04-19,09:01:00,94.7
2022-04-19,09:11:00,96.9
2022-04-19,09:51:00,95.7
2022-04-19,10:31:00,93.3
2022-04-19,10:51:00,93.8
2022-04-19,11:01:00,95.2
2022-04-19,11:11:00,91.6
2022-04-19,11:21:00,96.9
2022-04-19,11:31:00,94.4
2022-04-19,11:41:00,95
2022-04-19,11:51:00,96.5
2022-04-19,12:01:00,92.6
2022-04-19,12:31:00,94.2
2022-04-19,12:51:00,99.3
2022-04-19,13:31:00,97.8
2022-04-19,13:41:00,98.2
2022-04-19,14:11:00,95.3
2022-04-19,14:41:00,96.9
2022-04-19,15:01:00,94.5
2022-04-19,15:31:00,93.4
2022-04-19,15:51:00,91.6
2022-04-19,16:01:00,92.5
2022-04-19,16:21:00,93.4
2022-04-19,16:31:00,95.3
2022-04-19,16:41:00,93.6
2022-04-19,16:51:00,97.1
2022-04-19,17:01:00,96.1
2022-04-19,17:11:00,94.2
2022-04-19,17:21:00,91.2
2022-04-19,17:31:00,94.1
2022-04-19,17:41:00,93
2022-04-19,18:01:00,89.4
2022-04-19,18:31:00,96.1
2022-04-19,18:41:00,93.5
2022-04-19,18:51:00,94.3
2022-04-19,19:01:00,91.5
2022-04-19,19:11:00,92.9
2022-04-19,19:21:00,91.8
2022-04-19,19:31:00,93.9
2022-04-19,19:41:00,100
2022-04-19,19:51:00,93.1
2022-04-19,20:41:00,98.5
2022-04-19,21:01:00,91.4
2022-04-19,21:11:00,93.6
2022-04-19,22:01:00,95.8
2022-04-19,22:11:00,92.3
2022-04-19,22:31:00,92.9
2022-04-19,23:01:00,96.5
2022-04-19,23:31:00,93.4
2022-04-19,23:41:00,94.1
2022-04-19,23:51:00,91.9
2022-04-20,00:41:00,95.5
2022-04-20,01:01:00,94.7
2022-04-20,01:31:00,92.9
2022-04-20,01:41:00,95.8
2022-04-20,02:01:00,96.9
2022-04-20,02:51:00,92.3
2022-04-20,03:01:00,95.4
2022-04-20,03:11:00,92.3
2022-04-20,03:31:00,96.5
2022-04-20,03:51:00,93.8
2022-04-20,04:11:00,95.1
2022-04-20,04:21:00,98.4
2022-04-20,05:01:00,94.9
2022-04-20,05:31:00,94.1
2022-04-20,05:41:00,94
2022-04-20,06:01:00,95.5
2022-04-20,06:11:00,94.7
2022-04-20,06:31:00,93.6
2022-04-20,06:41:00,92.8
2022-04-20,06:51:00,90.7
2022-04-20,07:01:00,94.7
2022-04-20,07:41:00,94.9
2022-04-20,08:01:00,94.2
2022-04-20,08:21:00,94.1
2022-04-20,08:31:00,91.5
2022-04-20,08:41:00,97.9
2022-04-20,09:01:00,96.5
2022-04-20,09:31:00,93.5
2022-04-20,09:51:00,94.8
2022-04-20,10:01:00,96.3
2022-04-20,10:11:00,94.6
2022-04-20,10:31:00,94.8
2022-04-20,11:11:00,91.2
2022-04-20,11:31:00,93.4
2022-04-20,11:41:00,96.3
2022-04-20,12:01:00,95.3
2022-04-20,12:31:00,90.2
2022-04-20,12:41:00,94.8
2022-04-20,12:51:00,95.9
2022-04-20,13:01:00,111
2022-04-20,14:01:00,92.1
2022-04-20,14:31:00,88.7
2022-04-20,15:51:00,95.7
2022-04-20,16:01:00,93.5
2022-04-20,16:21:00,96.3
2022-04-20,16:41:00,97.2
2022-04-20,16:51:00,95.2
2022-04-20,17:31:00,97.5
2022-04-20,18:01:00,93.6
2022-04-20,18:11:00,92.9
2022-04-20,18:51:00,93.4
2022-04-20,19:01:00,92.3
2022-04-20,19:11:00,96.1
2022-04-20,19:31:00,95.1
2022-04-20,20:01:00,95.5
2022-04-20,20:11:00,92.1
2022-04-20,20:51:00,92.9
2022-04-20,21:01:00,96.4
2022-04-20,21:11:00,98.2
2022-04-20,21:51:00,94.7
2022-04-20,22:01:00,90.4
2022-04-20,22:31:00,96.3
2022-04-20,22:41:00,97
2022-04-20,23:01:00,98.2
2022-04-20,23:11:00,96.7
2022-04-20,23:31:00,97
2022-04-21,00:11:00,95.4
2022-04-21,00:41:00,94.8
2022-04-21,01:01:00,96.7
2022-04-21,01:11:00,94.6
2022-04-21,01:31:00,95.4
2022-04-21,01:51:00,92.7
2022-04-21,02:01:00,97.2
2022-04-21,02:11:00,95.5
2022-04-21,02:31:00,90.2
2022-04-21,02:51:00,96.8
2022-04-21,04:11:00,98.2
2022-04-21,04:41:00,93.6
2022-04-21,05:01:00,93.6
2022-04-21,05:41:00,94.3
2022-04-21,06:01:00,99.1
2022-04-21,06:31:00,92.3
2022-04-21,06:41:00,93.1
2022-04-21,07:31:00,98
2022-04-21,07:41:00,96
2022-04-21,08:01:00,100
2022-04-21,08:11:00,96.6
2022-04-21,08:21:00,94.5
2022-04-21,08:31:00,97.3
2022-04-21,08:41:00,96.9
2022-04-21,09:11:00,94.7
2022-04-21,09:21:00,97.6
2022-04-21,09:31:00,94.8
2022-04-21,09:41:00,97.5
2022-04-21,10:01:00,94.9
2022-04-21,10:11:00,95.1
2022-04-21,10:31:00,104
2022-04-21,10:41:00,93.5
2022-04-21,11:31:00,92.9
2022-04-21,11:51:00,92.4
2022-04-21,12:01:00,92.9
2022-04-21,12:31:00,91.6
2022-04-21,12:51:00,90.8
2022-04-21,13:01:00,100
2022-04-21,13:21:00,95.7
2022-04-21,13:31:00,92.9
2022-04-21,14:01:00,92.5
2022-04-21,14:31:00,95.3
2022-04-21,15:01:00,91.2
2022-04-21,15:11:00,92.5
2022-04-21,15:31:00,91
2022-04-21,15:51:00,92.7
2022-04-21,16:01:00,91.6
2022-04-21,16:11:00,93.6
2022-04-21,16:51:00,91.7
2022-04-21,17:01:00,91.9
2022-04-21,17:21:00,94.8
2022-04-21,18:11:00,92.8
2022-04-21,18:31:00,92.3
2022-04-21,19:01:00,96.5
2022-04-21,19:11:00,95.2
2022-04-21,19:21:00,93.9
2022-04-21,19:31:00,95
2022-04-21,19:41:00,93.2
2022-04-21,19:51:00,90.4
2022-04-21,20:01:00,95.9
2022-04-21,20:11:00,93.3
2022-04-21,21:11:00,95.7
2022-04-21,21:31:00,94.5
2022-04-21,21:51:00,93
2022-04-21,22:11:00,93.7
2022-04-21,22:31:00,91.9
2022-04-21,23:01:00,89.8
2022-04-21,23:11:00,92.7
2022-04-21,23:31:00,95.2
2022-04-22,00:01:00,94.5
2022-04-22,00:11:00,95.2
2022-04-22,01:01:00,97.7
2022-04-22,01:11:00,92.2
2022-04-22,01:41:00,97.2
2022-04-22,02:01:00,95.9
2022-04-22,02:21:00,94
2022-04-22,02:41:00,95.4
2022-04-22,02:51:00,95.7
2022-04-22,03:11:00,94.6
2022-04-22,03:21:00,99.3
2022-04-22,04:01:00,95.4
2022-04-22,04:31:00,95.6
2022-04-22,04:41:00,94.7
2022-04-22,05:01:00,96.1
2022-04-22,05:11:00,99.3
2022-04-22,05:41:00,95.8
2022-04-22,06:11:00,95.3
2022-04-22,06:51:00,98.9
2022-04-22,07:01:00,95.8
2022-04-22,07:31:00,95.7
2022-04-22,08:01:00,97
2022-04-22,08:11:00,96.4
2022-04-22,08:31:00,95.9
2022-04-22,08:41:00,95
2022-04-22,09:01:00,94.6
2022-04-22,09:31:00,93.8
2022-04-22,09:51:00,93.7
2022-04-22,10:01:00,95.5
2022-04-22,10:31:00,95.7
2022-04-22,10:41:00,94.3
2022-04-22,10:51:00,94.4
2022-04-22,11:01:00,95.8
2022-04-22,11:11:00,95
2022-04-22,11:41:00,96.9
2022-04-22,12:01:00,102
2022-04-22,12:31:00,93.6
2022-04-22,12:41:00,94.5
2022-04-22,13:01:00,95.3
2022-04-22,13:21:00,94.2
2022-04-22,13:31:00,92.1
2022-04-22,13:41:00,94.1
2022-04-22,13:51:00,93.1
2022-04-22,14:01:00,95
2022-04-22,14:21:00,96.2
2022-04-22,14:31:00,97.6
2022-04-22,14:41:00,94.5
2022-04-22,15:01:00,95.1
2022-04-22,16:01:00,95.7
2022-04-22,16:11:00,97
2022-04-22,16:21:00,92.7
2022-04-22,16:31:00,96.2
2022-04-22,16:41:00,97.3
2022-04-22,16:51:00,93.1
2022-04-22,17:11:00,94.6
2022-04-22,17:41:00,97.5
2022-04-22,18:01:00,96.9
2022-04-22,18:31:00,102
2022-04-22,18:41:00,98.3
2022-04-22,18:51:00,104
2022-04-22,19:01:00,101
2022-04-22,19:11:00,103
2022-04-22,19:51:00,101
2022-04-22,20:01:00,99.6
2022-04-22,20:11:00,99
2022-04-22,20:21:00,99.3
2022-04-22,20:31:00,98
2022-04-22,21:11:00,95.3
2022-04-22,22:01:00,96.7
2022-04-22,22:11:00,95.2
2022-04-22,22:41:00,93.2
2022-04-22,23:01:00,96.9
2022-04-22,23:11:00,90.6
2022-04-22,23:41:00,95.3
2022-04-23,00:01:00,93.8
2022-04-23,00:11:00,94.3
2022-04-23,00:31:00,92.2
2022-04-23,01:11:00,97.7
2022-04-23,01:31:00,94.7
2022-04-23,01:41:00,93.1
2022-04-23,02:01:00,97.2
2022-04-23,02:31:00,95
2022-04-23,02:41:00,94.8
2022-04-23,02:51:00,96.4
2022-04-23,03:11:00,94.8
2022-04-23,03:21:00,94.1
2022-04-23,03:41:00,95.3
2022-04-23,04:01:00,91.3
2022-04-23,04:51:00,94
2022-04-23,05:01:00,98.2
2022-04-23,05:11:00,95.2
2022-04-23,05:31:00,95.6
2022-04-23,05:41:00,96.1
2022-04-23,05:51:00,94.5
2022-04-23,06:01:00,94.6
2022-04-23,06:11:00,94
2022-04-23,06:31:00,95.1
2022-04-23,06:41:00,91.5
2022-04-23,07:01:00,95.5
2022-04-23,07:31:00,93.3
2022-04-23,07:41:00,94.8
2022-04-23,07:51:00,95.7
2022-04-23,08:01:00,96.3
2022-04-23,08:21:00,94.6
2022-04-23,08:41:00,93.8
2022-04-23,09:01:00,108
2022-04-23,10:01:00,92.6
2022-04-23,10:11:00,96.9
2022-04-23,10:31:00,92.7
2022-04-23,11:11:00,95.2
2022-04-23,11:31:00,95.4
2022-04-23,11:51:00,99.4
2022-04-23,12:01:00,95.3
2022-04-23,12:31:00,91.7
2022-04-23,12:41:00,91.9
2022-04-23,13:01:00,96.4
2022-04-23,13:11:00,96.2
2022-04-23,13:21:00,91.9
2022-04-23,14:01:00,92.7
2022-04-23,14:11:00,97.6
2022-04-23,14:21:00,94.1
2022-04-23,14:31:00,92.7
2022-04-23,14:41:00,93.3
2022-04-23,15:01:00,96.5
2022-04-23,15:21:00,94.4
2022-04-23,15:31:00,95.8
2022-04-23,15:41:00,94.1
2022-04-23,16:01:00,93.2
2022-04-23,16:11:00,92.2
2022-04-23,16:41:00,93.3
2022-04-23,17:01:00,93.3
2022-04-23,17:21:00,94
2022-04-23,17:31:00,93.7
2022-04-23,17:41:00,92.1
2022-04-23,18:01:00,95.5
2022-04-23,18:41:00,94.4
2022-04-23,19:01:00,90.6
2022-04-23,19:31:00,94.4
2022-04-23,19:41:00,96.1
2022-04-23,20:31:00,94.9
2022-04-23,21:01:00,95.5
2022-04-23,21:11:00,94.3
2022-04-23,21:31:00,92.5
2022-04-23,22:01:00,96.2
2022-04-23,22:31:00,96.2
2022-04-23,22:51:00,94.6
2022-04-23,23:21:00,94.5
2022-04-23,23:31:00,96.6
2022-04-23,23:41:00,92.8
2022-04-24,00:11:00,95.7
2022-04-24,00:31:00,94.5
2022-04-24,00:41:00,98.4
2022-04-24,01:01:00,96.3
2022-04-24,01:11:00,93.2
2022-04-24,01:51:00,96.6
2022-04-24,02:01:00,97.3
2022-04-24,02:11:00,95
2022-04-24,02:31:00,94
2022-04-24,02:51:00,92.8
2022-04-24,03:01:00,96.8
2022-04-24,03:11:00,93.3
2022-04-24,03:31:00,93.6
2022-04-24,03:41:00,98.5
2022-04-24,04:01:00,94.5
2022-04-24,04:11:00,93.9
2022-04-24,04:31:00,96.1
2022-04-24,04:41:00,92.8
2022-04-24,05:01:00,93.7
2022-04-24,05:41:00,95.6
2022-04-24,05:51:00,94
2022-04-24,06:01:00,96.6
2022-04-24,06:11:00,96.3
2022-04-24,06:21:00,96.7
2022-04-24,06:31:00,95.2
2022-04-24,07:31:00,95.4
2022-04-24,08:11:00,96
2022-04-24,08:21:00,95.6
2022-04-24,08:31:00,94.9
2022-04-24,08:41:00,95.1
2022-04-24,09:01:00,97.2
2022-04-24,09:11:00,95.6
2022-04-24,09:31:00,96.3
2022-04-24,10:01:00,96.7
2022-04-24,10:41:00,97.4
2022-04-24,10:51:00,93.7
2022-04-24,11:01:00,92.7
2022-04-24,11:11:00,97.4
2022-04-24,11:31:00,97.3
2022-04-24,12:31:00,94.8
2022-04-24,12:41:00,94.3
2022-04-24,13:01:00,97.6
2022-04-24,13:11:00,96
2022-04-24,13:31:00,96.7
2022-04-24,14:01:00,94.8
2022-04-24,14:31:00,94.9
2022-04-24,14:41:00,95.2
2022-04-24,15:01:00,99.7
2022-04-24,15:31:00,95.8
2022-04-24,16:01:00,95.8
2022-04-24,16:31:00,93.1
2022-04-24,17:01:00,93.2
2022-04-24,17:21:00,95.2
2022-04-24,17:31:00,94.9
2022-04-24,17:51:00,94.8
2022-04-24,18:01:00,96.5
2022-04-24,18:31:00,96.5
2022-04-24,19:01:00,104
2022-04-24,19:11:00,99.7
2022-04-24,19:21:00,101
2022-04-24,19:41:00,97.5
2022-04-24,20:31:00,97.8
2022-04-24,21:21:00,97.6
2022-04-24,21:31:00,93.5
2022-04-24,21:51:00,97.4
2022-04-24,22:11:00,95.5
2022-04-24,22:31:00,93.3
2022-04-24,22:41:00,91
2022-04-24,22:51:00,93.5
2022-04-24,23:21:00,96.9
2022-04-24,23:31:00,95.5
2022-04-25,00:11:00,96
2022-04-25,00:21:00,96.7
2022-04-25,00:31:00,98.6
2022-04-25,00:41:00,102
2022-04-25,01:01:00,97
2022-04-25,01:11:00,94.4
2022-04-25,01:41:00,99.3
2022-04-25,02:11:00,96.7
2022-04-25,02:31:00,93.1
2022-04-25,02:41:00,96
2022-04-25,02:51:00,94.8
2022-04-25,03:01:00,96.7
2022-04-25,03:11:00,97.8
2022-04-25,04:01:00,100
2022-04-25,04:21:00,91.5
2022-04-25,04:41:00,96.2
2022-04-25,04:51:00,95.5
2022-04-25,05:01:00,95.4
2022-04-25,05:21:00,94.3
2022-04-25,05:41:00,94.6
2022-04-25,06:01:00,93.5
2022-04-25,06:21:00,93.8
2022-04-25,06:31:00,95.4
2022-04-25,06:41:00,94.9
2022-04-25,06:51:00,98.8
2022-04-25,07:01:00,97.4
2022-04-25,07:31:00,95.7
2022-04-25,08:01:00,95.3
2022-04-25,08:11:00,91.8
2022-04-25,08:21:00,97.6
2022-04-25,08:31:00,95.5
2022-04-25,09:01:00,92.4
2022-04-25,09:31:00,91.2
2022-04-25,09:41:00,97.4
2022-04-25,10:11:00,91.1
2022-04-25,10:51:00,94.1
2022-04-25,11:01:00,93.5
2022-04-25,11:41:00,96.3
2022-04-25,11:51:00,99.8
2022-04-25,12:01:00,94.7
2022-04-25,12:31:00,93.5
2022-04-25,13:01:00,95.5
2022-04-25,13:11:00,94.3
2022-04-25,13:31:00,96.7
2022-04-25,13:41:00,94.7
2022-04-25,14:01:00,94.6
2022-04-25,14:11:00,93.9
2022-04-25,15:01:00,98.4
2022-04-25,15:11:00,95.5
2022-04-25,15:41:00,93.1
2022-04-25,16:01:00,94.4
2022-04-25,16:11:00,96.4
2022-04-25,16:21:00,92.1
2022-04-25,16:31:00,92.3
2022-04-25,17:01:00,93.5
2022-04-25,17:11:00,96.8
2022-04-25,17:21:00,96.3
2022-04-25,18:01:00,98.1
2022-04-25,18:31:00,93.8
2022-04-25,19:31:00,92.1
2022-04-25,20:01:00,96.1
2022-04-25,20:31:00,95.5
2022-04-25,21:01:00,92.7
2022-04-25,21:21:00,93.7
2022-04-25,21:31:00,91.7
2022-04-25,21:41:00,97.3
2022-04-25,22:01:00,93.1
2022-04-25,22:11:00,93.4
2022-04-25,22:21:00,96
2022-04-25,22:41:00,93.6
2022-04-25,23:01:00,92.2
2022-04-25,23:11:00,95.1
2022-04-25,23:41:00,91
2022-04-26,00:11:00,95.3
2022-04-26,00:21:00,96
2022-04-26,01:01:00,98.7
2022-04-26,01:21:00,96.2
2022-04-26,01:31:00,92.3
2022-04-26,01:41:00,93.4
2022-04-26,02:21:00,92.5
2022-04-26,02:41:00,97.3
2022-04-26,02:51:00,91.3
2022-04-26,03:01:00,95.1
2022-04-26,03:11:00,95.4
2022-04-26,03:31:00,92.7
2022-04-26,03:51:00,92.8
2022-04-26,04:01:00,94.6
2022-04-26,05:01:00,91.4
2022-04-26,05:11:00,95.4
2022-04-26,05:31:00,94.9
2022-04-26,06:01:00,95.7
2022-04-26,06:11:00,96.6
2022-04-26,06:31:00,94.8
2022-04-26,07:01:00,93
2022-04-26,07:11:00,94.8
2022-04-26,07:31:00,94.5
2022-04-26,07:41:00,96.8
2022-04-26,08:01:00,97
2022-04-26,08:11:00,90.1
2022-04-26,08:21:00,95.2
2022-04-26,08:31:00,94.9
2022-04-26,08:41:00,96.8
2022-04-26,09:01:00,123
2022-04-26,09:31:00,110
2022-04-26,09:51:00,115
2022-04-26,10:01:00,114
2022-04-26,10:21:00,107
2022-04-26,10:31:00,109
2022-04-26,10:41:00,99
2022-04-26,11:01:00,97.6
2022-04-26,11:31:00,95.2
2022-04-26,11:41:00,94.7
2022-04-26,12:31:00,93.6
2022-04-26,12:41:00,95.6
2022-04-26,13:31:00,93.6
2022-04-26,13:41:00,92.3
2022-04-26,14:11:00,93.3
2022-04-26,14:31:00,95.3
2022-04-26,15:01:00,94.8
2022-04-26,15:41:00,94.1
2022-04-26,15:51:00,91.5
2022-04-26,16:01:00,91.6
2022-04-26,16:11:00,93.4
2022-04-26,16:41:00,91.6
2022-04-26,16:51:00,95
2022-04-26,17:01:00,94.2
2022-04-26,17:21:00,98.3
2022-04-26,17:31:00,102
2022-04-26,17:41:00,103
2022-04-26,18:01:00,94.4
2022-04-26,18:31:00,91.3
2022-04-26,19:01:00,91.8
2022-04-26,19:11:00,93.1
2022-04-26,19:31:00,93
2022-04-26,19:41:00,92.3
2022-04-26,19:51:00,96.6
2022-04-26,20:01:00,95.2
2022-04-26,20:31:00,94.3
2022-04-26,20:41:00,93.9
2022-04-26,20:51:00,93.4
2022-04-26,21:01:00,91.9
2022-04-26,21:11:00,95.6
2022-04-26,21:31:00,97.1
2022-04-26,21:41:00,93.5
2022-04-26,22:11:00,93.8
2022-04-26,22:21:00,92.2
2022-04-26,22:41:00,94.5
2022-04-26,22:51:00,90.8
2022-04-26,23:01:00,93.9
2022-04-26,23:11:00,93.5
2022-04-27,00:01:00,92.9
2022-04-27,00:21:00,93.5
2022-04-27,00:31:00,92.8
2022-04-27,00:51:00,97
2022-04-27,01:01:00,95.6
2022-04-27,01:21:00,96.1
2022-04-27,01:41:00,92.9
2022-04-27,02:01:00,92.2
2022-04-27,02:31:00,91.6
2022-04-27,03:11:00,95.2
2022-04-27,03:41:00,96.8
2022-04-27,03:51:00,94.2
2022-04-27,04:01:00,94.7
2022-04-27,04:11:00,96.7
2022-04-27,04:31:00,92.4
2022-04-27,05:01:00,91.3
2022-04-27,06:01:00,90.7
2022-04-27,06:11:00,90.7
2022-04-27,06:31:00,91.4
2022-04-27,06:51:00,93.8
2022-04-27,07:01:00,95.4
2022-04-27,07:11:00,91.5
2022-04-27,07:21:00,93
2022-04-27,07:31:00,93.1
2022-04-27,07:51:00,92.9
2022-04-27,08:31:00,94
2022-04-27,08:41:00,94
2022-04-27,09:31:00,95.1
2022-04-27,09:41:00,90.4
2022-04-27,10:01:00,96.8
2022-04-27,10:31:00,96.2
2022-04-27,10:41:00,95.6
2022-04-27,10:51:00,93.3
2022-04-27,11:01:00,92.3
2022-04-27,11:31:00,95.2
2022-04-27,11:41:00,97.4
2022-04-27,12:01:00,93.6
2022-04-27,12:11:00,94.2
2022-04-27,12:41:00,94.6
2022-04-27,13:01:00,96.8
2022-04-27,13:11:00,105
2022-04-27,13:21:00,97.6
2022-04-27,13:31:00,94.5
2022-04-27,13:41:00,92.8
2022-04-27,14:51:00,100
2022-04-27,15:31:00,94.7
2022-04-27,15:41:00,97.1
2022-04-27,16:01:00,92.6
2022-04-27,16:11:00,92.2
2022-04-28,07:48:00,99.4
2022-04-28,08:18:00,96.7
2022-04-28,08:28:00,97.3
2022-04-28,08:48:00,101
2022-04-28,09:18:00,96.5
2022-04-28,09:38:00,93.8
2022-04-28,09:48:00,94.2
2022-04-28,10:08:00,95.5
2022-04-28,10:18:00,91.6
2022-04-28,10:48:00,95.8
2022-04-28,10:58:00,98.8
2022-04-28,11:48:00,91.2
2022-04-28,11:58:00,96.3
2022-04-28,12:18:00,92
2022-04-28,12:48:00,93.9
2022-04-28,13:08:00,93.2
2022-04-28,13:18:00,92.9
2022-04-28,13:38:00,94.3
2022-04-28,14:48:00,94
2022-04-28,15:08:00,94.7
2022-04-28,15:18:00,92.5
2022-04-28,15:28:00,95.5
2022-04-28,15:48:00,93.8
2022-04-28,16:18:00,93.8
2022-04-28,16:48:00,93.9
2022-04-28,17:18:00,94.7
2022-04-28,17:38:00,93.6
2022-04-28,17:48:00,94
2022-04-28,18:18:00,95.5
2022-04-28,19:30:00,94
2022-04-28,19:40:00,90.9
2022-04-28,19:50:00,95.6
2022-04-28,20:00:00,93.7
2022-04-28,20:20:00,92.3
2022-04-28,20:30:00,93.4
2022-04-28,21:10:00,93.3
2022-04-28,21:20:00,94.2
2022-04-28,21:40:00,94.9
2022-04-28,23:10:00,91.7
2022-04-28,23:20:00,92.6
2022-04-28,23:30:00,90.4
2022-04-29,00:10:00,90.4
2022-04-29,00:50:00,95.5
2022-04-29,01:00:00,92.1
2022-04-29,01:10:00,93
2022-04-29,01:20:00,96.1
2022-04-29,01:30:00,95.6
2022-04-29,02:10:00,93.7
2022-04-29,02:30:00,92.6
2022-04-29,03:00:00,91.1
2022-04-29,03:50:00,93.9
2022-04-29,04:00:00,95.5
2022-04-29,04:20:00,88.9
2022-04-29,04:30:00,91.7
2022-04-29,04:40:00,94.5
2022-04-29,05:40:00,93.9
2022-04-29,05:50:00,98.3
2022-04-29,06:30:00,95
2022-04-29,06:50:00,91.5
2022-04-29,07:10:00,90.9
2022-04-29,07:30:00,92.5
