2020-02-03,15:45:00,75.7
2020-02-03,15:55:00,71.2
2020-02-03,16:05:00,76.2
2020-02-03,16:15:00,78.3
2020-02-03,16:25:00,77.6
2020-02-03,16:35:00,76.9
2020-02-03,16:45:00,78.6
2020-02-03,16:55:00,75.6
2020-02-03,17:05:00,72.9
2020-02-03,17:15:00,77.6
2020-02-03,17:25:00,78.2
2020-02-03,17:35:00,77.5
2020-02-03,17:45:00,76.2
2020-02-03,17:55:00,72.4
2020-02-03,18:05:00,77.3
2020-02-03,18:15:00,72.5
2020-02-03,18:25:00,76.6
2020-02-03,18:35:00,75.8
2020-02-03,18:45:00,74.3
2020-02-03,18:55:00,76.9
2020-02-03,19:05:00,76.3
2020-02-03,19:15:00,79.1
2020-02-03,19:25:00,78.1
2020-02-03,19:35:00,76.5
2020-02-03,19:45:00,79.5
2020-02-03,19:55:00,76.5
2020-02-03,20:05:00,78.4
2020-02-03,20:15:00,79.3
2020-02-03,20:25:00,77.1
2020-02-03,20:35:00,78.1
2020-02-03,20:45:00,74.2
2020-02-03,20:55:00,79.2
2020-02-03,21:05:00,78.7
2020-02-03,21:15:00,75
2020-02-03,21:25:00,77.2
2020-02-03,21:35:00,78.9
2020-02-03,21:45:00,75.9
2020-02-03,21:55:00,76.8
2020-02-03,22:05:00,79.4
2020-02-03,22:15:00,75.8
2020-02-03,22:25:00,74.1
2020-02-03,22:35:00,74.3
2020-02-03,22:45:00,78.8
2020-02-03,22:55:00,74.4
2020-02-03,23:05:00,75.1
2020-02-03,23:15:00,80.2
2020-02-03,23:25:00,79
2020-02-03,23:35:00,80.2
2020-02-03,23:45:00,77.9
2020-02-03,23:55:00,81
2020-02-04,00:05:00,77.8
2020-02-04,00:15:00,76.7
2020-02-04,00:25:00,74.9
2020-02-04,00:35:00,76.1
2020-02-04,00:45:00,75.8
2020-02-04,00:55:00,77.9
2020-02-04,01:05:00,77.3
2020-02-04,01:15:00,76.2
2020-02-04,01:25:00,78.9
2020-02-04,01:35:00,74.2
2020-02-04,01:45:00,71.3
2020-02-04,01:55:00,80.4
2020-02-04,02:05:00,80.3
2020-02-04,02:15:00,79.3
2020-02-04,02:25:00,80.7
2020-02-04,02:35:00,80.5
2020-02-04,02:45:00,78.3
2020-02-04,02:55:00,78.9
2020-02-04,03:05:00,82.5
2020-02-04,03:15:00,76
2020-02-04,03:25:00,78.3
2020-02-04,03:35:00,80.4
2020-02-04,03:45:00,81.1
2020-02-04,03:55:00,83.3
2020-02-04,04:05:00,79.3
2020-02-04,04:15:00,80.4
2020-02-04,04:25:00,76.9
2020-02-04,04:35:00,74.2
2020-02-04,04:45:00,82.4
2020-02-04,04:55:00,85.1
2020-02-04,05:05:00,81.1
2020-02-04,05:15:00,80.2
2020-02-04,05:25:00,80.1
2020-02-04,05:35:00,80.1
2020-02-04,05:45:00,80.3
2020-02-04,05:55:00,78.4
2020-02-04,06:05:00,82.2
2020-02-04,06:15:00,80.5
2020-02-04,06:25:00,81.9
2020-02-04,06:35:00,84.2
2020-02-04,06:45:00,83.5
2020-02-04,06:55:00,77.1
2020-02-04,07:05:00,79.5
2020-02-04,07:15:00,84.2
2020-02-04,07:25:00,82.9
2020-02-04,07:35:00,81.9
2020-02-04,07:45:00,76.3
2020-02-04,07:55:00,79.7
2020-02-04,08:05:00,82.9
2020-02-04,08:15:00,83.5
2020-02-04,08:25:00,83.4
2020-02-04,08:35:00,82.9
2020-02-04,08:45:00,84.1
2020-02-04,08:55:00,79.6
2020-02-04,09:05:00,77.2
2020-02-04,09:15:00,86.6
2020-02-04,09:25:00,92.2
2020-02-04,09:35:00,89
2020-02-04,09:45:00,93.6
2020-02-04,09:55:00,86.1
2020-02-04,10:05:00,88.4
2020-02-04,10:15:00,86.3
2020-02-04,10:25:00,85.1
2020-02-04,10:35:00,84.7
2020-02-04,10:45:00,86.3
2020-02-04,10:55:00,81.6
2020-02-04,11:05:00,80.8
2020-02-04,11:15:00,82.2
2020-02-04,11:25:00,80.3
2020-02-04,11:35:00,79.4
2020-02-04,11:45:00,80
2020-02-04,11:55:00,81.2
2020-02-04,12:05:00,83
2020-02-04,12:15:00,78.4
2020-02-04,12:25:00,78.4
2020-02-04,12:35:00,81.8
2020-02-04,12:45:00,78.9
2020-02-04,12:55:00,77.1
2020-02-04,13:05:00,79
2020-02-04,13:15:00,79.5
2020-02-04,13:25:00,74.8
2020-02-04,13:35:00,77.7
2020-02-04,13:45:00,80.8
2020-02-04,13:55:00,82.1
2020-02-04,14:05:00,81
2020-02-04,14:15:00,79.6
2020-02-04,14:25:00,82.5
2020-02-04,14:35:00,80.1
2020-02-04,14:45:00,78.8
2020-02-04,14:55:00,80.9
2020-02-04,15:05:00,81.6
2020-02-04,15:15:00,82.5
2020-02-04,15:25:00,79.3
2020-02-04,15:35:00,78.1
2020-02-04,15:45:00,79
2020-02-04,15:55:00,76.5
2020-02-04,16:05:00,78.5
2020-02-04,16:15:00,80.3
2020-02-04,16:25:00,75.9
2020-02-04,16:35:00,78.5
2020-02-04,16:45:00,77.4
2020-02-04,16:55:00,78
2020-02-04,17:05:00,75.4
2020-02-04,17:15:00,74.9
2020-02-04,17:25:00,75.6
2020-02-04,17:35:00,80.5
2020-02-04,17:45:00,79.4
2020-02-04,17:55:00,77.4
2020-02-04,18:05:00,77.4
2020-02-04,18:15:00,78.7
2020-02-04,18:25:00,76.3
2020-02-04,18:35:00,77.3
2020-02-04,18:45:00,75
2020-02-04,18:55:00,76.8
2020-02-04,19:05:00,75.8
2020-02-04,19:15:00,76.3
2020-02-04,19:25:00,79
2020-02-04,19:35:00,80.8
2020-02-04,19:45:00,75.1
2020-02-04,19:55:00,78.6
2020-02-04,20:05:00,79.2
2020-02-04,20:15:00,76.5
2020-02-04,20:25:00,77.3
2020-02-04,20:35:00,81.4
2020-02-04,20:45:00,78.2
2020-02-04,20:55:00,77.2
2020-02-04,21:05:00,82.2
2020-02-04,21:15:00,82.5
2020-02-04,21:25:00,78.8
2020-02-04,21:35:00,77.1
2020-02-04,21:45:00,80.1
2020-02-04,21:55:00,79.9
2020-02-04,22:05:00,81.7
2020-02-04,22:15:00,81.8
2020-02-04,22:25:00,74.6
2020-02-04,22:35:00,73.8
2020-02-04,22:45:00,81.7
2020-02-04,22:55:00,79.8
2020-02-04,23:05:00,80.9
2020-02-04,23:15:00,78.3
2020-02-04,23:25:00,75.7
2020-02-04,23:35:00,73.7
2020-02-04,23:45:00,77.4
2020-02-04,23:55:00,78.1
2020-02-05,00:05:00,77.2
2020-02-05,00:15:00,77.3
2020-02-05,00:25:00,76.2
2020-02-05,00:35:00,78
2020-02-05,00:45:00,79.5
2020-02-05,00:55:00,74.9
2020-02-05,01:05:00,74
2020-02-05,01:15:00,80.3
2020-02-05,01:25:00,78.7
2020-02-05,01:35:00,80.5
2020-02-05,01:45:00,77.4
2020-02-05,01:55:00,79.2
2020-02-05,02:05:00,80.7
2020-02-05,02:15:00,80.6
2020-02-05,02:25:00,77.9
2020-02-05,02:35:00,73.8
2020-02-05,02:45:00,77.5
2020-02-05,02:55:00,81.7
2020-02-05,03:05:00,78.3
2020-02-05,03:15:00,77.4
2020-02-05,03:25:00,75.7
2020-02-05,03:35:00,80.2
2020-02-05,03:45:00,76.8
2020-02-05,03:55:00,78.5
2020-02-05,04:05:00,76
2020-02-05,04:15:00,77.5
2020-02-05,04:25:00,78.1
2020-02-05,04:35:00,78.7
2020-02-05,04:45:00,79.1
2020-02-05,04:55:00,78.9
2020-02-05,05:05:00,80.6
2020-02-05,05:15:00,79.5
2020-02-05,05:25:00,80.2
2020-02-05,05:35:00,76.1
2020-02-05,05:45:00,79.2
2020-02-05,05:55:00,83
2020-02-05,06:05:00,78.3
2020-02-05,06:15:00,83.2
2020-02-05,06:25:00,79.8
2020-02-05,06:35:00,81.1
2020-02-05,06:45:00,79.8
2020-02-05,06:55:00,82.2
2020-02-05,07:05:00,81.9
2020-02-05,07:15:00,80.7
2020-02-05,07:25:00,83.9
2020-02-05,07:35:00,82.8
2020-02-05,07:45:00,80.4
2020-02-05,07:55:00,80.7
2020-02-05,08:05:00,83.5
2020-02-05,08:15:00,80.1
2020-02-05,08:25:00,82
2020-02-05,08:35:00,75.4
2020-02-05,08:45:00,72.9
2020-02-05,08:55:00,77.5
2020-02-05,09:05:00,78.2
2020-02-05,09:15:00,77.4
2020-02-05,09:25:00,81.1
2020-02-05,09:35:00,79.1
2020-02-05,09:45:00,82.4
2020-02-05,09:55:00,75.2
2020-02-05,10:05:00,78.2
2020-02-05,10:15:00,80.7
2020-02-05,10:25:00,77.3
2020-02-05,10:35:00,76.8
2020-02-05,10:45:00,78.4
2020-02-05,10:55:00,79.9
2020-02-05,11:05:00,79.7
2020-02-05,11:15:00,79.2
2020-02-05,11:25:00,81.3
2020-02-05,11:35:00,78.1
2020-02-05,11:45:00,74.8
2020-02-05,11:55:00,78.8
2020-02-05,12:05:00,77.8
2020-02-05,12:15:00,77.4
2020-02-05,12:25:00,77.2
2020-02-05,12:35:00,78
2020-02-05,12:45:00,80
2020-02-05,12:55:00,76.5
2020-02-05,13:05:00,74.4
2020-02-05,13:15:00,75.9
2020-02-05,13:25:00,74.4
2020-02-05,13:35:00,77.3
2020-02-05,13:45:00,77.7
2020-02-05,13:55:00,78.4
2020-02-05,14:05:00,76.1
2020-02-05,14:15:00,75.5
2020-02-05,14:25:00,78.5
2020-02-05,14:35:00,76.2
2020-02-05,14:45:00,74.3
2020-02-05,14:55:00,80.5
2020-02-05,15:05:00,75.7
2020-02-05,15:15:00,76
2020-02-05,15:25:00,75.4
2020-02-05,15:35:00,75
2020-02-05,15:45:00,70.6
2020-02-05,15:55:00,76.7
2020-02-05,16:05:00,77.4
2020-02-05,16:15:00,77.3
2020-02-05,16:25:00,76.2
2020-02-05,16:35:00,73.9
2020-02-05,16:45:00,75.5
2020-02-05,16:55:00,77.6
2020-02-05,17:05:00,74.8
2020-02-05,17:15:00,75.1
2020-02-05,17:25:00,82.2
2020-02-05,17:35:00,78.7
2020-02-05,17:45:00,75.9
2020-02-05,17:55:00,75.9
2020-02-05,18:05:00,79.1
2020-02-05,18:15:00,76.9
2020-02-05,18:25:00,75.2
2020-02-05,18:35:00,74.2
2020-02-05,18:45:00,72.7
2020-02-05,18:55:00,75.2
2020-02-05,19:05:00,73.3
2020-02-05,19:15:00,77.4
2020-02-05,19:25:00,74.9
2020-02-05,19:35:00,77.5
2020-02-05,19:45:00,76.8
2020-02-05,19:55:00,76.8
2020-02-05,20:05:00,75.7
2020-02-05,20:15:00,74.5
2020-02-05,20:25:00,73.9
2020-02-05,20:35:00,74.5
2020-02-05,20:45:00,76.9
2020-02-05,20:55:00,77.2
2020-02-05,21:05:00,72.9
2020-02-05,21:15:00,73.1
2020-02-05,21:25:00,74.8
2020-02-05,21:35:00,72.7
2020-02-05,21:45:00,70.6
2020-02-05,21:55:00,74.5
2020-02-05,22:05:00,75.3
2020-02-05,22:15:00,78.4
2020-02-05,22:25:00,76.8
2020-02-05,22:35:00,77.4
2020-02-05,22:45:00,72.8
2020-02-05,22:55:00,79.4
2020-02-05,23:05:00,73.9
2020-02-05,23:15:00,74.5
2020-02-05,23:25:00,73.2
2020-02-05,23:35:00,73.1
2020-02-05,23:45:00,77
2020-02-05,23:55:00,76.1
2020-02-06,00:05:00,76.6
2020-02-06,00:15:00,78.5
2020-02-06,00:25:00,78
2020-02-06,00:35:00,73.1
2020-02-06,00:45:00,74
2020-02-06,00:55:00,78.8
2020-02-06,01:05:00,75.3
2020-02-06,01:15:00,76.7
2020-02-06,01:25:00,71.6
2020-02-06,01:35:00,80.8
2020-02-06,01:45:00,75.7
2020-02-06,01:55:00,73.6
2020-02-06,02:05:00,73
2020-02-06,02:15:00,75.9
2020-02-06,02:25:00,73.6
2020-02-06,02:35:00,76.2
2020-02-06,02:45:00,73.1
2020-02-06,02:55:00,77.3
2020-02-06,03:05:00,73.2
2020-02-06,03:15:00,72.9
2020-02-06,03:25:00,73.2
2020-02-06,03:35:00,72.8
2020-02-06,03:45:00,72.5
2020-02-06,03:55:00,75.9
2020-02-06,04:05:00,72.3
2020-02-06,04:15:00,72.6
2020-02-06,04:25:00,75.4
2020-02-06,04:35:00,72.9
2020-02-06,04:45:00,75.1
2020-02-06,04:55:00,76.2
2020-02-06,05:05:00,79.9
2020-02-06,05:15:00,78.2
2020-02-06,05:25:00,77.8
2020-02-06,05:35:00,77.8
2020-02-06,05:45:00,72.7
2020-02-06,05:55:00,76.6
2020-02-06,06:05:00,73.8
2020-02-06,06:15:00,76.4
2020-02-06,06:25:00,77.7
2020-02-06,06:35:00,75.7
2020-02-06,06:45:00,75.8
2020-02-06,06:55:00,72.5
2020-02-06,07:05:00,77.9
2020-02-06,07:15:00,75
2020-02-06,07:25:00,74.1
2020-02-06,07:35:00,75.6
2020-02-06,07:45:00,78
2020-02-06,07:55:00,78.9
2020-02-06,08:05:00,74.9
2020-02-06,08:15:00,73
2020-02-06,08:25:00,71.3
2020-02-06,08:35:00,77.5
2020-02-06,08:45:00,80.7
2020-02-06,08:55:00,79.5
2020-02-06,09:05:00,76.5
2020-02-06,09:15:00,76.1
2020-02-06,09:25:00,73.7
2020-02-06,09:35:00,76.3
2020-02-06,09:45:00,77.4
2020-02-06,09:55:00,76
2020-02-06,10:05:00,75.4
2020-02-06,10:15:00,75.2
2020-02-06,10:25:00,75.4
2020-02-06,10:35:00,78.1
2020-02-06,10:45:00,75.7
2020-02-06,10:55:00,80
2020-02-06,11:05:00,76.5
2020-02-06,11:15:00,73.6
2020-02-06,11:25:00,76.5
2020-02-06,11:35:00,72.2
2020-02-06,11:45:00,77.7
2020-02-06,11:55:00,75.5
2020-02-06,12:05:00,76.3
2020-02-06,12:15:00,77.1
2020-02-06,12:25:00,73.4
2020-02-06,12:35:00,76.2
2020-02-06,12:45:00,74.1
2020-02-06,12:55:00,74
2020-02-06,13:05:00,76.8
2020-02-06,13:15:00,76.2
2020-02-06,13:25:00,74.5
2020-02-06,13:35:00,69.5
2020-02-06,13:45:00,81.7
2020-02-06,13:55:00,74.4
2020-02-06,14:05:00,76.1
2020-02-06,14:15:00,76.7
2020-02-06,14:25:00,78.6
2020-02-06,14:35:00,76.4
2020-02-06,14:45:00,77.5
2020-02-06,14:55:00,76.1
2020-02-06,15:05:00,73.4
2020-02-06,15:15:00,75.4
2020-02-06,15:25:00,74.6
2020-02-06,15:35:00,76.4
2020-02-06,15:45:00,78.5
2020-02-06,15:55:00,78.9
2020-02-06,16:05:00,78.3
2020-02-06,16:15:00,74
2020-02-06,16:25:00,77
2020-02-06,16:35:00,77.1
2020-02-06,16:45:00,75.9
2020-02-06,16:55:00,77.4
2020-02-06,17:05:00,72.9
2020-02-06,17:15:00,78.3
2020-02-06,17:25:00,75
2020-02-06,17:35:00,75.7
2020-02-06,17:45:00,74.7
2020-02-06,17:55:00,75
2020-02-06,18:05:00,74
2020-02-06,18:15:00,76.5
2020-02-06,18:25:00,78.2
2020-02-06,18:35:00,75.6
2020-02-06,18:45:00,77.9
2020-02-06,18:55:00,71.6
2020-02-06,19:05:00,78.4
2020-02-06,19:15:00,75.8
2020-02-06,19:25:00,75.6
2020-02-06,19:35:00,76.3
2020-02-06,19:45:00,77.5
2020-02-06,19:55:00,75.1
2020-02-06,20:05:00,75.5
2020-02-06,20:15:00,75.3
2020-02-06,20:25:00,78.8
2020-02-06,20:35:00,77
2020-02-06,20:45:00,77.4
2020-02-06,20:55:00,76.3
2020-02-06,21:05:00,77.4
2020-02-06,21:15:00,75.1
2020-02-06,21:25:00,76.2
2020-02-06,21:35:00,75
2020-02-06,21:45:00,76.1
2020-02-06,21:55:00,80.1
2020-02-06,22:05:00,76.6
2020-02-06,22:15:00,80.3
2020-02-06,22:25:00,76
2020-02-06,22:35:00,79.4
2020-02-06,22:45:00,76.2
2020-02-06,22:55:00,75.7
2020-02-06,23:05:00,76.4
2020-02-06,23:15:00,78.5
2020-02-06,23:25:00,74.5
2020-02-06,23:35:00,75.2
2020-02-06,23:45:00,77.4
2020-02-06,23:55:00,79.8
2020-02-07,00:05:00,76.6
2020-02-07,00:15:00,72.5
2020-02-07,00:25:00,75.7
2020-02-07,00:35:00,74.1
2020-02-07,00:45:00,77.3
2020-02-07,00:55:00,74.1
2020-02-07,01:05:00,76.1
2020-02-07,01:15:00,76.6
2020-02-07,01:25:00,77.1
2020-02-07,01:35:00,75.3
2020-02-07,01:45:00,77.7
2020-02-07,01:55:00,76.9
2020-02-07,02:05:00,74.9
2020-02-07,02:15:00,74.4
2020-02-07,02:25:00,76.6
2020-02-07,02:35:00,75.4
2020-02-07,02:45:00,74.1
2020-02-07,02:55:00,72.1
2020-02-07,03:05:00,73.9
2020-02-07,03:15:00,74.8
2020-02-07,03:25:00,74.5
2020-02-07,03:35:00,75.8
2020-02-07,03:45:00,75.5
2020-02-07,03:55:00,76
2020-02-07,04:05:00,74.4
2020-02-07,04:15:00,78
2020-02-07,04:25:00,72.5
2020-02-07,04:35:00,75
2020-02-07,04:45:00,78.2
2020-02-07,04:55:00,74.8
2020-02-07,05:05:00,80.3
2020-02-07,05:15:00,76.4
2020-02-07,05:25:00,78.1
2020-02-07,05:35:00,78.7
2020-02-07,05:45:00,73.6
2020-02-07,05:55:00,73.8
2020-02-07,06:05:00,75
2020-02-07,06:15:00,75.5
2020-02-07,06:25:00,76.6
2020-02-07,06:35:00,73.9
2020-02-07,06:45:00,75.2
2020-02-07,06:55:00,73.2
2020-02-07,07:05:00,74
2020-02-07,07:15:00,71.9
2020-02-07,07:25:00,73.9
2020-02-07,07:35:00,73
2020-02-07,07:45:00,75.9
2020-02-07,07:55:00,77
2020-02-07,08:05:00,77.4
2020-02-07,08:15:00,78.8
2020-02-07,08:25:00,73.1
2020-02-07,08:35:00,74.4
2020-02-07,08:45:00,73.8
2020-02-07,08:55:00,76.2
2020-02-07,09:05:00,75.7
2020-02-07,09:15:00,74.4
2020-02-07,09:25:00,72.5
2020-02-07,09:35:00,77.6
2020-02-07,09:45:00,79.1
2020-02-07,09:55:00,74.2
2020-02-07,10:05:00,72.9
2020-02-07,10:15:00,73.8
2020-02-07,10:25:00,78.6
2020-02-07,10:35:00,76.5
2020-02-07,10:45:00,79.1
2020-02-07,10:55:00,74.9
2020-02-07,11:05:00,73.4
2020-02-07,11:15:00,74.7
2020-02-07,11:25:00,76.3
2020-02-07,11:35:00,74.3
2020-02-07,11:45:00,75.4
2020-02-07,11:55:00,75.4
2020-02-07,12:05:00,74.6
2020-02-07,12:15:00,76
2020-02-07,12:25:00,74.8
2020-02-07,12:35:00,74.6
2020-02-07,12:45:00,74.3
2020-02-07,12:55:00,73.4
2020-02-07,13:05:00,74.3
2020-02-07,13:15:00,74.2
2020-02-07,13:25:00,75.2
2020-02-07,13:35:00,74
2020-02-07,13:45:00,72.4
2020-02-07,13:55:00,75.7
2020-02-07,14:05:00,79.2
2020-02-07,14:15:00,75.6
2020-02-07,14:25:00,75.4
2020-02-07,14:35:00,75.7
2020-02-07,14:45:00,71.9
2020-02-07,14:55:00,75.5
2020-02-07,15:05:00,76.7
2020-02-07,15:15:00,74.8
2020-02-07,15:25:00,73.8
2020-02-07,15:35:00,71
2020-02-07,15:45:00,75.4
2020-02-07,15:55:00,74.1
2020-02-07,16:05:00,71.6
2020-02-07,16:15:00,72.9
2020-02-07,16:25:00,76.3
2020-02-07,16:35:00,71.3
2020-02-07,16:45:00,73.1
2020-02-07,16:55:00,75.1
2020-02-07,17:05:00,74.8
2020-02-07,17:15:00,77.4
2020-02-07,17:25:00,79.1
2020-02-07,17:35:00,76.7
2020-02-07,17:45:00,72.2
2020-02-07,17:55:00,74.4
2020-02-07,18:05:00,76.8
2020-02-07,18:15:00,76.3
2020-02-07,18:25:00,76.3
2020-02-07,18:35:00,76
2020-02-07,18:45:00,76.9
2020-02-07,18:55:00,79.2
2020-02-07,19:05:00,72.3
2020-02-07,19:15:00,75.2
2020-02-07,19:25:00,74.4
2020-02-07,19:35:00,75.2
2020-02-07,19:45:00,76.6
2020-02-07,19:55:00,74.9
2020-02-07,20:05:00,75.2
2020-02-07,20:15:00,74.9
2020-02-07,20:25:00,77
2020-02-07,20:35:00,78.6
2020-02-07,20:45:00,72.2
2020-02-07,20:55:00,72
2020-02-07,21:05:00,76.2
2020-02-07,21:15:00,77.9
2020-02-07,21:25:00,73.9
2020-02-07,21:35:00,81.7
2020-02-07,21:45:00,75.1
2020-02-07,21:55:00,74.6
2020-02-07,22:05:00,76.1
2020-02-07,22:15:00,75.6
2020-02-07,22:25:00,74.5
2020-02-07,22:35:00,78.9
2020-02-07,22:45:00,77.4
2020-02-07,22:55:00,79
2020-02-07,23:05:00,74
2020-02-07,23:15:00,75.9
2020-02-07,23:25:00,73.9
2020-02-07,23:35:00,76.2
2020-02-07,23:45:00,75.3
2020-02-07,23:55:00,76.6
2020-02-08,00:05:00,78.7
2020-02-08,00:15:00,77.6
2020-02-08,00:25:00,74.6
2020-02-08,00:35:00,78.1
2020-02-08,00:45:00,77.6
2020-02-08,00:55:00,73.1
2020-02-08,01:05:00,78.8
2020-02-08,01:15:00,78.1
2020-02-08,01:25:00,77.9
2020-02-08,01:35:00,73.7
2020-02-08,01:45:00,78.2
2020-02-08,01:55:00,81.6
2020-02-08,02:05:00,73.7
2020-02-08,02:15:00,76.8
2020-02-08,02:25:00,76.1
2020-02-08,02:35:00,78
2020-02-08,02:45:00,75.9
2020-02-08,02:55:00,74.8
2020-02-08,03:05:00,79.3
2020-02-08,03:15:00,76.9
2020-02-08,03:25:00,80.2
2020-02-08,03:35:00,79.4
2020-02-08,03:45:00,78.7
2020-02-08,03:55:00,76.3
2020-02-08,04:05:00,79
2020-02-08,04:15:00,75
2020-02-08,04:25:00,78.6
2020-02-08,04:35:00,77.9
2020-02-08,04:45:00,80.9
2020-02-08,04:55:00,80.2
2020-02-08,05:05:00,79.2
2020-02-08,05:15:00,76.4
2020-02-08,05:25:00,77.7
2020-02-08,05:35:00,80.7
2020-02-08,05:45:00,75.7
2020-02-08,05:55:00,75.3
2020-02-08,06:05:00,77.7
2020-02-08,06:15:00,77.2
2020-02-08,06:25:00,78.9
2020-02-08,06:35:00,80
2020-02-08,06:45:00,76.5
2020-02-08,06:55:00,78.3
2020-02-08,07:05:00,77.3
2020-02-08,07:15:00,76.5
2020-02-08,07:25:00,74.8
2020-02-08,07:35:00,82.3
2020-02-08,07:45:00,76
2020-02-08,07:55:00,77.4
2020-02-08,08:05:00,75.8
2020-02-08,08:15:00,75.4
2020-02-08,08:25:00,75.1
2020-02-08,08:35:00,79
2020-02-08,08:45:00,78.1
2020-02-08,08:55:00,76.8
2020-02-08,09:05:00,77.2
2020-02-08,09:15:00,77.5
2020-02-08,09:25:00,80
2020-02-08,09:35:00,75.1
2020-02-08,09:45:00,74.5
2020-02-08,09:55:00,74.1
2020-02-08,10:05:00,78.3
2020-02-08,10:15:00,77.1
2020-02-08,10:25:00,75.1
2020-02-08,10:35:00,77.8
2020-02-08,10:45:00,77.7
2020-02-08,10:55:00,76.3
2020-02-08,11:05:00,72.3
2020-02-08,11:15:00,77.8
2020-02-08,11:25:00,79.2
2020-02-08,11:35:00,76.7
2020-02-08,11:45:00,80
2020-02-08,11:55:00,76
2020-02-08,12:05:00,72.7
2020-02-08,12:15:00,79.5
2020-02-08,12:25:00,80.8
2020-02-08,12:35:00,76.4
2020-02-08,12:45:00,74.2
2020-02-08,12:55:00,75.7
2020-02-08,13:05:00,78.1
2020-02-08,13:15:00,74.4
2020-02-08,13:25:00,75.5
2020-02-08,13:35:00,75.3
2020-02-08,13:45:00,75.3
2020-02-08,13:55:00,75
2020-02-08,14:05:00,74.4
2020-02-08,14:15:00,73.6
2020-02-08,14:25:00,77.1
2020-02-08,14:35:00,74.4
2020-02-08,14:45:00,72.9
2020-02-08,14:55:00,75
2020-02-08,15:05:00,75.7
2020-02-08,15:15:00,75.6
2020-02-08,15:25:00,74.1
2020-02-08,15:35:00,76.2
2020-02-08,15:45:00,74
2020-02-08,15:55:00,73.5
2020-02-08,16:05:00,73.3
2020-02-08,16:15:00,75.1
2020-02-08,16:25:00,79.9
2020-02-08,16:35:00,74.4
2020-02-08,16:45:00,75.4
2020-02-08,16:55:00,75.8
2020-02-08,17:05:00,79.3
2020-02-08,17:15:00,75
2020-02-08,17:25:00,74.5
2020-02-08,17:35:00,76.9
2020-02-08,17:45:00,76.5
2020-02-08,17:55:00,75
2020-02-08,18:05:00,74.1
2020-02-08,18:15:00,71.2
2020-02-08,18:25:00,75.2
2020-02-08,18:35:00,78.4
2020-02-08,18:45:00,71.7
2020-02-08,18:55:00,72.9
2020-02-08,19:05:00,75.5
2020-02-08,19:15:00,71.5
2020-02-08,19:25:00,74.9
2020-02-08,19:35:00,69.3
2020-02-08,19:45:00,76.3
2020-02-08,19:55:00,73.5
2020-02-08,20:05:00,75.6
2020-02-08,20:15:00,76
2020-02-08,20:25:00,77.7
2020-02-08,20:35:00,72.9
2020-02-08,20:45:00,77.5
2020-02-08,20:55:00,78.8
2020-02-08,21:05:00,72.8
2020-02-08,21:15:00,78.8
2020-02-08,21:25:00,77
2020-02-08,21:35:00,75.7
2020-02-08,21:45:00,75.2
2020-02-08,21:55:00,79.6
2020-02-08,22:05:00,73
2020-02-08,22:15:00,75.6
2020-02-08,22:25:00,79.2
2020-02-08,22:35:00,74.9
2020-02-08,22:45:00,81.6
2020-02-08,22:55:00,80.1
2020-02-08,23:05:00,74.3
2020-02-08,23:15:00,78.5
2020-02-08,23:25:00,76.7
2020-02-08,23:35:00,79
2020-02-08,23:45:00,77.8
2020-02-08,23:55:00,78
2020-02-09,00:05:00,75.7
2020-02-09,00:15:00,71.6
2020-02-09,00:25:00,74.4
2020-02-09,00:35:00,71.7
2020-02-09,00:45:00,72
2020-02-09,00:55:00,74.7
2020-02-09,01:05:00,75.2
2020-02-09,01:15:00,76.4
2020-02-09,01:25:00,75.2
2020-02-09,01:35:00,77.5
2020-02-09,01:45:00,80.3
2020-02-09,01:55:00,79.3
2020-02-09,02:05:00,75.5
2020-02-09,02:15:00,77.2
2020-02-09,02:25:00,75.4
2020-02-09,02:35:00,77.7
2020-02-09,02:45:00,78.3
2020-02-09,02:55:00,78.2
2020-02-09,03:05:00,71.7
2020-02-09,03:15:00,74.4
2020-02-09,03:25:00,76.9
2020-02-09,03:35:00,75.5
2020-02-09,03:45:00,75
2020-02-09,03:55:00,78.4
2020-02-09,04:05:00,76.6
2020-02-09,04:15:00,73.2
2020-02-09,04:25:00,76.7
2020-02-09,04:35:00,76.7
2020-02-09,04:45:00,75.9
2020-02-09,04:55:00,77.4
2020-02-09,05:05:00,79.4
2020-02-09,05:15:00,77.9
2020-02-09,05:25:00,75
2020-02-09,05:35:00,77.2
2020-02-09,05:45:00,80.1
2020-02-09,05:55:00,76
2020-02-09,06:05:00,74
2020-02-09,06:15:00,73.9
2020-02-09,06:25:00,75.8
2020-02-09,06:35:00,78.3
2020-02-09,06:45:00,77.7
2020-02-09,06:55:00,76.8
2020-02-09,07:05:00,78
2020-02-09,07:15:00,76.3
2020-02-09,07:25:00,74.2
2020-02-09,07:35:00,73.3
2020-02-09,07:45:00,78.5
2020-02-09,07:55:00,77.1
2020-02-09,08:05:00,74.8
2020-02-09,08:15:00,79
2020-02-09,08:25:00,81.1
2020-02-09,08:35:00,78
2020-02-09,08:45:00,80.8
2020-02-09,08:55:00,78.3
2020-02-09,09:05:00,76
2020-02-09,09:15:00,73.1
2020-02-09,09:25:00,77.7
2020-02-09,09:35:00,73.5
2020-02-09,09:45:00,77.9
2020-02-09,09:55:00,78
2020-02-09,10:05:00,77.8
2020-02-09,10:15:00,83.3
2020-02-09,10:25:00,80.4
2020-02-09,10:35:00,78.7
2020-02-09,10:45:00,78.4
2020-02-09,10:55:00,79.6
2020-02-09,11:05:00,79.5
2020-02-09,11:15:00,78.5
2020-02-09,11:25:00,79.9
2020-02-09,11:35:00,77.5
2020-02-09,11:45:00,80.3
2020-02-09,11:55:00,81.6
2020-02-09,12:05:00,77.9
2020-02-09,12:15:00,76.7
2020-02-09,12:25:00,76.1
2020-02-09,12:35:00,79.6
2020-02-09,12:45:00,78.8
2020-02-09,12:55:00,79.8
2020-02-09,13:05:00,78.5
2020-02-09,13:15:00,79.9
2020-02-09,13:25:00,80.7
2020-02-09,13:35:00,79.6
2020-02-09,13:45:00,78.5
2020-02-09,13:55:00,82.5
2020-02-09,14:05:00,76.9
2020-02-09,14:15:00,84.1
2020-02-09,14:25:00,76.9
2020-02-09,14:35:00,76.6
2020-02-09,14:45:00,76.8
2020-02-09,14:55:00,78.5
2020-02-09,15:05:00,80.7
2020-02-09,15:15:00,74.2
2020-02-09,15:25:00,78.2
2020-02-09,15:35:00,78
2020-02-09,15:45:00,78.7
2020-02-09,15:55:00,78.1
2020-02-09,16:05:00,81
2020-02-09,16:15:00,83
2020-02-09,16:25:00,76.6
2020-02-09,16:35:00,78.4
2020-02-09,16:45:00,83.2
2020-02-09,16:55:00,83.4
2020-02-09,17:05:00,76.1
2020-02-09,17:15:00,78.9
2020-02-09,17:25:00,75.7
2020-02-09,17:35:00,74.3
2020-02-09,17:45:00,79.4
2020-02-09,17:55:00,81.6
2020-02-09,18:05:00,77.1
2020-02-09,18:15:00,74.6
2020-02-09,18:25:00,76.5
2020-02-09,18:35:00,77.4
2020-02-09,18:45:00,81.1
2020-02-09,18:55:00,78.4
2020-02-09,19:05:00,75.9
2020-02-09,19:15:00,77.1
2020-02-09,19:25:00,79.4
2020-02-09,19:35:00,80.6
2020-02-09,19:45:00,80.6
2020-02-09,19:55:00,77.6
2020-02-09,20:05:00,79
2020-02-09,20:15:00,80.5
2020-02-09,20:25:00,77.8
2020-02-09,20:35:00,79.5
2020-02-09,20:45:00,79.2
2020-02-09,20:55:00,78.1
2020-02-09,21:05:00,82
2020-02-09,21:15:00,78.9
2020-02-09,21:25:00,75.7
2020-02-09,21:35:00,78
2020-02-09,21:45:00,81
2020-02-09,21:55:00,77.1
2020-02-09,22:05:00,80.4
2020-02-09,22:15:00,83.4
2020-02-09,22:25:00,80.1
2020-02-09,22:35:00,75.1
2020-02-09,22:45:00,79.7
2020-02-09,22:55:00,77
2020-02-09,23:05:00,78.6
2020-02-09,23:15:00,78.9
2020-02-09,23:25:00,81.9
2020-02-09,23:35:00,76.5
2020-02-09,23:45:00,77.8
2020-02-09,23:55:00,79.4
2020-02-10,00:05:00,76.8
2020-02-10,00:15:00,81.1
2020-02-10,00:25:00,79.2
2020-02-10,00:35:00,80.4
2020-02-10,00:45:00,77.8
2020-02-10,00:55:00,76.5
2020-02-10,01:05:00,73.7
2020-02-10,01:15:00,78.2
2020-02-10,01:25:00,77.5
2020-02-10,01:35:00,82.3
2020-02-10,01:45:00,80.9
2020-02-10,01:55:00,80.7
2020-02-10,02:05:00,77.5
2020-02-10,02:15:00,75.2
2020-02-10,02:25:00,81.8
2020-02-10,02:35:00,79.8
2020-02-10,02:45:00,78.5
2020-02-10,02:55:00,78.6
2020-02-10,03:05:00,78.6
2020-02-10,03:15:00,78.2
2020-02-10,03:25:00,75.9
2020-02-10,03:35:00,77
2020-02-10,03:45:00,78.6
2020-02-10,03:55:00,77.8
2020-02-10,04:05:00,78.9
2020-02-10,04:15:00,78.9
2020-02-10,04:25:00,78.5
2020-02-10,04:35:00,85.2
2020-02-10,04:45:00,81.7
2020-02-10,04:55:00,80.7
2020-02-10,05:05:00,76.6
2020-02-10,05:15:00,77.9
2020-02-10,05:25:00,81.7
2020-02-10,05:35:00,77.3
2020-02-10,05:45:00,75
2020-02-10,05:55:00,79.5
2020-02-10,06:05:00,74.9
2020-02-10,06:15:00,80.6
2020-02-10,06:25:00,78.5
2020-02-10,06:35:00,77.1
2020-02-10,06:45:00,80.7
2020-02-10,06:55:00,78.7
2020-02-10,07:05:00,77.4
2020-02-10,07:15:00,79.4
2020-02-10,07:25:00,78.7
2020-02-10,07:35:00,79.6
2020-02-10,07:45:00,78.2
2020-02-10,07:55:00,80.5
2020-02-10,08:05:00,78.2
2020-02-10,08:15:00,78.6
2020-02-10,08:25:00,79.9
2020-02-10,08:35:00,78.7
2020-02-10,08:45:00,81.1
2020-02-10,08:55:00,80.7
2020-02-10,09:05:00,78.2
2020-02-10,09:15:00,75.6
2020-02-10,09:25:00,75.3
2020-02-10,09:35:00,78.6
2020-02-10,09:45:00,77.2
2020-02-10,09:55:00,81
2020-02-10,10:05:00,78.8
2020-02-10,10:15:00,80.2
2020-02-10,10:25:00,78.8
2020-02-10,10:35:00,79.4
2020-02-10,10:45:00,77.5
2020-02-10,10:55:00,76.3
2020-02-10,11:05:00,77.6
2020-02-10,11:15:00,82.5
2020-02-10,11:25:00,78.9
2020-02-10,11:35:00,77.8
2020-02-10,11:45:00,79.8
2020-02-10,11:55:00,75.6
2020-02-10,12:05:00,80.7
2020-02-10,12:15:00,79.6
2020-02-10,12:25:00,79.8
2020-02-10,12:35:00,77.3
2020-02-10,12:45:00,77.2
2020-02-10,12:55:00,77.9
2020-02-10,13:05:00,74.1
2020-02-10,13:15:00,76.9
2020-02-10,13:25:00,80.1
2020-02-10,13:35:00,81.1
2020-02-10,13:45:00,80.3
2020-02-10,13:55:00,80.2
2020-02-10,14:05:00,79.3
2020-02-10,14:15:00,83.1
2020-02-10,14:25:00,81.3
2020-02-10,14:35:00,85.6
2020-02-10,14:45:00,80.4
2020-02-10,14:55:00,81.5
2020-02-10,15:05:00,85.8
2020-02-10,15:15:00,95
2020-02-10,15:25:00,88.2
2020-02-10,15:35:00,93.4
2020-02-10,15:45:00,94.9
2020-02-10,15:55:00,97.9
2020-02-10,16:05:00,97.5
2020-02-10,16:15:00,91.7
2020-02-10,16:25:00,87.9
2020-02-10,16:35:00,86.8
2020-02-10,16:45:00,92
2020-02-10,16:55:00,83.1
2020-02-10,17:05:00,87.6
2020-02-10,17:15:00,79.7
2020-02-10,17:25:00,83
2020-02-10,17:35:00,85.4
2020-02-10,17:45:00,82.1
2020-02-10,17:55:00,80.9
2020-02-10,18:05:00,79.8
2020-02-10,18:15:00,78.5
2020-02-10,18:25:00,77
2020-02-10,18:35:00,79.4
2020-02-10,18:45:00,80.5
2020-02-10,18:55:00,78
2020-02-10,19:05:00,77.7
2020-02-10,19:15:00,77.3
2020-02-10,19:25:00,78.6
2020-02-10,19:35:00,80.6
2020-02-10,19:45:00,82.3
2020-02-10,19:55:00,77.8
2020-02-10,20:05:00,76.7
2020-02-10,20:15:00,78.7
2020-02-10,20:25:00,74.9
2020-02-10,20:35:00,81.1
2020-02-10,20:45:00,79
2020-02-10,20:55:00,78
2020-02-10,21:05:00,78.7
2020-02-10,21:15:00,77
2020-02-10,21:25:00,78.7
2020-02-10,21:35:00,78.3
2020-02-10,21:45:00,78.1
2020-02-10,21:55:00,79.7
2020-02-10,22:05:00,76.6
2020-02-10,22:15:00,77.4
2020-02-10,22:25:00,78.1
2020-02-10,22:35:00,79.1
2020-02-10,22:45:00,79.5
2020-02-10,22:55:00,82.1
2020-02-10,23:05:00,80.2
2020-02-10,23:15:00,79.9
2020-02-10,23:25:00,79.5
2020-02-10,23:35:00,77.3
2020-02-10,23:45:00,79.7
2020-02-10,23:55:00,80
2020-02-11,00:05:00,79.5
2020-02-11,00:15:00,79.8
2020-02-11,00:25:00,79.7
2020-02-11,00:35:00,79.7
2020-02-11,00:45:00,80.6
2020-02-11,00:55:00,74.3
2020-02-11,01:05:00,77.2
2020-02-11,01:15:00,79.4
2020-02-11,01:25:00,82.1
2020-02-11,01:35:00,76.3
2020-02-11,01:45:00,81.4
2020-02-11,01:55:00,83.7
2020-02-11,02:05:00,81.5
2020-02-11,02:15:00,82.6
2020-02-11,02:25:00,81.7
2020-02-11,02:35:00,84.2
2020-02-11,02:45:00,84.4
2020-02-11,02:55:00,77.5
2020-02-11,03:05:00,78.3
2020-02-11,03:15:00,80.8
2020-02-11,03:25:00,80.3
2020-02-11,03:35:00,78.8
2020-02-11,03:45:00,79.5
2020-02-11,03:55:00,78.5
2020-02-11,04:05:00,77.9
2020-02-11,04:15:00,78.6
2020-02-11,04:25:00,80.6
2020-02-11,04:35:00,84.3
2020-02-11,04:45:00,84
2020-02-11,04:55:00,81.3
2020-02-11,05:05:00,84
2020-02-11,05:15:00,82.7
2020-02-11,05:25:00,78.8
2020-02-11,05:35:00,77.7
2020-02-11,05:45:00,78.9
2020-02-11,05:55:00,80.5
2020-02-11,06:05:00,76.4
2020-02-11,06:15:00,79.6
2020-02-11,06:25:00,83.9
2020-02-11,06:35:00,80.1
2020-02-11,06:45:00,82.8
2020-02-11,06:55:00,84.4
2020-02-11,07:05:00,81.6
2020-02-11,07:15:00,80.7
2020-02-11,07:25:00,78.4
2020-02-11,07:35:00,82.3
2020-02-11,07:45:00,76.1
2020-02-11,07:55:00,79.5
2020-02-11,08:05:00,78.5
2020-02-11,08:15:00,79.2
2020-02-11,08:25:00,77.3
2020-02-11,08:35:00,77.2
2020-02-11,08:45:00,84
2020-02-11,08:55:00,80.2
2020-02-11,09:05:00,81.1
2020-02-11,09:15:00,79.5
2020-02-11,09:25:00,81.2
2020-02-11,09:35:00,74.9
2020-02-11,09:45:00,75.4
2020-02-11,09:55:00,75.9
2020-02-11,10:05:00,76.6
2020-02-11,10:15:00,74.1
2020-02-11,10:25:00,78
2020-02-11,10:35:00,77.3
2020-02-11,10:45:00,78.5
2020-02-11,10:55:00,78.4
2020-02-11,11:05:00,77
2020-02-11,11:15:00,79.2
2020-02-11,11:25:00,74.7
2020-02-11,11:35:00,78.4
2020-02-11,11:45:00,79.6
2020-02-11,11:55:00,75.3
2020-02-11,12:05:00,78
2020-02-11,12:15:00,78
2020-02-11,12:25:00,78
2020-02-11,12:35:00,79
2020-02-11,12:45:00,78.6
2020-02-11,12:55:00,81.4
2020-02-11,13:05:00,75.5
2020-02-11,13:15:00,77.2
2020-02-11,13:25:00,77.1
2020-02-11,13:35:00,78.6
2020-02-11,13:45:00,79
2020-02-11,13:55:00,76.9
2020-02-11,14:05:00,77.4
2020-02-11,14:15:00,78.6
2020-02-11,14:25:00,79.8
2020-02-11,14:35:00,82.9
2020-02-11,14:45:00,78
2020-02-11,14:55:00,81
2020-02-11,15:05:00,77.2
2020-02-11,15:15:00,77.6
2020-02-11,15:25:00,78.7
2020-02-11,15:35:00,78.6
2020-02-11,15:45:00,78
2020-02-11,15:55:00,83.6
2020-02-11,16:05:00,80.2
2020-02-11,16:15:00,74.6
2020-02-11,16:25:00,80.1
2020-02-11,16:35:00,76.8
2020-02-11,16:45:00,76.5
2020-02-11,16:55:00,76.2
2020-02-11,17:05:00,77.7
2020-02-11,17:15:00,83
2020-02-11,17:25:00,78.8
2020-02-11,17:35:00,74.8
2020-02-11,17:45:00,82.2
2020-02-11,17:55:00,79.7
2020-02-11,18:05:00,77.3
2020-02-11,18:15:00,79.8
2020-02-11,18:25:00,76.2
2020-02-11,18:35:00,80.3
2020-02-11,18:45:00,77.1
2020-02-11,18:55:00,77.2
2020-02-11,19:05:00,75.9
2020-02-11,19:15:00,79.8
2020-02-11,19:25:00,77.7
2020-02-11,19:35:00,77.6
2020-02-11,19:45:00,78.6
2020-02-11,19:55:00,83.3
2020-02-11,20:05:00,75.9
2020-02-11,20:15:00,79.2
2020-02-11,20:25:00,78.5
2020-02-11,20:35:00,80.6
2020-02-11,20:45:00,75.8
2020-02-11,20:55:00,77.2
2020-02-11,21:05:00,77.9
2020-02-11,21:15:00,77.1
2020-02-11,21:25:00,76.6
2020-02-11,21:35:00,77.6
2020-02-11,21:45:00,80.9
2020-02-11,21:55:00,79.8
2020-02-11,22:05:00,76.1
2020-02-11,22:15:00,76.4
2020-02-11,22:25:00,79
2020-02-11,22:35:00,76.8
2020-02-11,22:45:00,80.2
2020-02-11,22:55:00,75.1
2020-02-11,23:05:00,78.7
2020-02-11,23:15:00,75.5
2020-02-11,23:25:00,78.9
2020-02-11,23:35:00,78
2020-02-11,23:45:00,77.8
2020-02-11,23:55:00,84.5
2020-02-12,00:05:00,75.4
2020-02-12,00:15:00,79.8
2020-02-12,00:25:00,75.4
2020-02-12,00:35:00,78.5
2020-02-12,00:45:00,73.4
2020-02-12,00:55:00,76.1
2020-02-12,01:05:00,79.3
2020-02-12,01:15:00,75.1
2020-02-12,01:25:00,76
2020-02-12,01:35:00,75.1
2020-02-12,01:45:00,82.2
2020-02-12,01:55:00,79.5
2020-02-12,02:05:00,74.6
2020-02-12,02:15:00,78.5
2020-02-12,02:25:00,76
2020-02-12,02:35:00,79
2020-02-12,02:45:00,79.3
2020-02-12,02:55:00,80.5
2020-02-12,03:05:00,78.7
2020-02-12,03:15:00,74.8
2020-02-12,03:25:00,77
2020-02-12,03:35:00,85.5
2020-02-12,03:45:00,78
2020-02-12,03:55:00,77.1
2020-02-12,04:05:00,77.4
2020-02-12,04:15:00,75.3
2020-02-12,04:25:00,76.3
2020-02-12,04:35:00,77.8
2020-02-12,04:45:00,79.4
2020-02-12,04:55:00,77.3
2020-02-12,05:05:00,77.8
2020-02-12,05:15:00,75.2
2020-02-12,05:25:00,78.4
2020-02-12,05:35:00,82.1
2020-02-12,05:45:00,85.1
2020-02-12,05:55:00,79.7
2020-02-12,06:05:00,74.9
2020-02-12,06:15:00,79.5
2020-02-12,06:25:00,77.3
2020-02-12,06:35:00,81.6
2020-02-12,06:45:00,77.2
2020-02-12,06:55:00,76.2
2020-02-12,07:05:00,75.7
2020-02-12,07:15:00,79.6
2020-02-12,07:25:00,77.3
2020-02-12,07:35:00,77.5
2020-02-12,07:45:00,81.9
2020-02-12,07:55:00,79.5
2020-02-12,08:05:00,77.7
2020-02-12,08:15:00,74.2
2020-02-12,08:25:00,79.8
2020-02-12,08:35:00,78.4
2020-02-12,08:45:00,78.9
2020-02-12,08:55:00,76.6
2020-02-12,09:05:00,74.7
2020-02-12,09:15:00,75.4
2020-02-12,09:25:00,73.5
2020-02-12,09:35:00,78.2
2020-02-12,09:45:00,80.4
2020-02-12,09:55:00,76.6
2020-02-12,10:05:00,79.3
2020-02-12,10:15:00,78.1
2020-02-12,10:25:00,76.7
2020-02-12,10:35:00,75.7
2020-02-12,10:45:00,74.9
2020-02-12,10:55:00,78.6
2020-02-12,11:05:00,78.6
2020-02-12,11:15:00,76.7
2020-02-12,11:25:00,78.1
2020-02-12,11:35:00,72.3
2020-02-12,11:45:00,80.3
2020-02-12,11:55:00,77.2
2020-02-12,12:05:00,78.3
2020-02-12,12:15:00,78.2
2020-02-12,12:25:00,76.8
2020-02-12,12:35:00,77.2
2020-02-12,12:45:00,76.6
2020-02-12,12:55:00,78.4
2020-02-12,13:05:00,77.9
2020-02-12,13:15:00,76.5
2020-02-12,13:25:00,78.5
2020-02-12,13:35:00,78.1
2020-02-12,13:45:00,76.8
2020-02-12,13:55:00,79.3
2020-02-12,14:05:00,76.7
2020-02-12,14:15:00,80.5
2020-02-12,14:25:00,77.3
2020-02-12,14:35:00,79
2020-02-12,14:45:00,80.7
2020-02-12,14:55:00,80.3
2020-02-12,15:05:00,77.8
2020-02-12,15:15:00,81.4
2020-02-12,15:25:00,79.9
2020-02-12,15:35:00,75.6
2020-02-12,15:45:00,75
2020-02-12,15:55:00,74.8
2020-02-12,16:05:00,74.5
2020-02-12,16:15:00,77.7
2020-02-12,16:25:00,78.2
2020-02-12,16:35:00,77.1
2020-02-12,16:45:00,77.3
2020-02-12,16:55:00,76.1
2020-02-12,17:05:00,74.7
2020-02-12,17:15:00,77.1
2020-02-12,17:25:00,78.2
2020-02-12,17:35:00,77.9
2020-02-12,17:45:00,76.4
2020-02-12,17:55:00,77.5
2020-02-12,18:05:00,76.4
2020-02-12,18:15:00,75.8
2020-02-12,18:25:00,74
2020-02-12,18:35:00,72.8
2020-02-12,18:45:00,77.8
2020-02-12,18:55:00,76.4
2020-02-12,19:05:00,74.6
2020-02-12,19:15:00,80.2
2020-02-12,19:25:00,73.7
2020-02-12,19:35:00,78.1
2020-02-12,19:45:00,76.2
2020-02-12,19:55:00,78.8
2020-02-12,20:05:00,77.6
2020-02-12,20:15:00,79.3
2020-02-12,20:25:00,76.2
2020-02-12,20:35:00,76.8
2020-02-12,20:45:00,76.2
2020-02-12,20:55:00,77.8
2020-02-12,21:05:00,77.2
2020-02-12,21:15:00,80.3
2020-02-12,21:25:00,74.7
2020-02-12,21:35:00,73.7
2020-02-12,21:45:00,74
2020-02-12,21:55:00,75.1
2020-02-12,22:05:00,74.8
2020-02-12,22:15:00,78.5
2020-02-12,22:25:00,78
2020-02-12,22:35:00,76.7
2020-02-12,22:45:00,75.5
2020-02-12,22:55:00,78.4
2020-02-12,23:05:00,80
2020-02-12,23:15:00,81
2020-02-12,23:25:00,74
2020-02-12,23:35:00,77.7
2020-02-12,23:45:00,79.5
2020-02-12,23:55:00,80.7
2020-02-13,00:05:00,76.5
2020-02-13,00:15:00,71.2
2020-02-13,00:25:00,73.7
2020-02-13,00:35:00,75.3
2020-02-13,00:45:00,79.3
2020-02-13,00:55:00,75.1
2020-02-13,01:05:00,74.7
2020-02-13,01:15:00,72.3
2020-02-13,01:25:00,74.7
2020-02-13,01:35:00,76.8
2020-02-13,01:45:00,76.3
2020-02-13,01:55:00,74.4
2020-02-13,02:05:00,76.8
2020-02-13,02:15:00,75.9
2020-02-13,02:25:00,73.6
2020-02-13,02:35:00,81.8
2020-02-13,02:45:00,80.9
2020-02-13,02:55:00,80.1
2020-02-13,03:05:00,79.6
2020-02-13,03:15:00,75.6
2020-02-13,03:25:00,82.6
2020-02-13,03:35:00,72.9
2020-02-13,03:45:00,76.7
2020-02-13,03:55:00,78.5
2020-02-13,04:05:00,80.8
2020-02-13,04:15:00,79.3
2020-02-13,04:25:00,78.5
2020-02-13,04:35:00,77.2
2020-02-13,04:45:00,82.2
2020-02-13,04:55:00,80.7
2020-02-13,05:05:00,73.8
2020-02-13,05:15:00,76.9
2020-02-13,05:25:00,77.4
2020-02-13,05:35:00,74.9
2020-02-13,05:45:00,79.7
2020-02-13,05:55:00,81.1
2020-02-13,06:05:00,74.8
2020-02-13,06:15:00,78.5
2020-02-13,06:25:00,78.8
2020-02-13,06:35:00,78.5
2020-02-13,06:45:00,76.6
2020-02-13,06:55:00,75.6
2020-02-13,07:05:00,73.9
2020-02-13,07:15:00,78.7
2020-02-13,07:25:00,78.3
2020-02-13,07:35:00,80.7
2020-02-13,07:45:00,77.2
2020-02-13,07:55:00,77.2
2020-02-13,08:05:00,80.9
2020-02-13,08:15:00,75.8
2020-02-13,08:25:00,76.8
2020-02-13,08:35:00,78.5
2020-02-13,08:45:00,76.8
2020-02-13,08:55:00,77.4
2020-02-13,09:05:00,74.5
2020-02-13,09:15:00,77.8
2020-02-13,09:25:00,76.5
2020-02-13,09:35:00,76.9
2020-02-13,09:45:00,78
2020-02-13,09:55:00,79.3
2020-02-13,10:05:00,75.3
2020-02-13,10:15:00,73.9
2020-02-13,10:25:00,78.7
2020-02-13,10:35:00,80.7
2020-02-13,10:45:00,76
2020-02-13,10:55:00,76.1
2020-02-13,11:05:00,75.2
2020-02-13,11:15:00,78.8
2020-02-13,11:25:00,81.6
2020-02-13,11:35:00,78.7
2020-02-13,11:45:00,77.9
2020-02-13,11:55:00,78.6
2020-02-13,12:05:00,77.7
2020-02-13,12:15:00,79.7
2020-02-13,12:25:00,77.4
2020-02-13,12:35:00,74.5
2020-02-13,12:45:00,78.1
2020-02-13,12:55:00,77.5
2020-02-13,13:05:00,74.9
2020-02-13,13:15:00,79.5
2020-02-13,13:25:00,76.6
2020-02-13,13:35:00,76.4
2020-02-13,13:45:00,78.2
2020-02-13,13:55:00,80.4
2020-02-13,14:05:00,77.8
2020-02-13,14:15:00,76.4
2020-02-13,14:25:00,80.7
2020-02-13,14:35:00,74.1
2020-02-13,14:45:00,74.3
2020-02-13,14:55:00,76.1
2020-02-13,15:05:00,76.9
2020-02-13,15:15:00,75
2020-02-13,15:25:00,76.6
2020-02-13,15:35:00,78.4
2020-02-13,15:45:00,78.9
2020-02-13,15:55:00,79.7
2020-02-13,16:05:00,83.2
2020-02-13,16:15:00,81.2
2020-02-13,16:25:00,78.5
2020-02-13,16:35:00,79.8
2020-02-13,16:45:00,79.1
2020-02-13,16:55:00,79.4
2020-02-13,17:05:00,83.4
2020-02-13,17:15:00,80.7
2020-02-13,17:25:00,81.1
2020-02-13,17:35:00,78.4
2020-02-13,17:45:00,77.8
2020-02-13,17:55:00,79.5
2020-02-13,18:05:00,79
2020-02-13,18:15:00,78
2020-02-13,18:25:00,73.9
2020-02-13,18:35:00,78
2020-02-13,18:45:00,74.9
2020-02-13,18:55:00,73.6
2020-02-13,19:05:00,80.1
2020-02-13,19:15:00,79.8
2020-02-13,19:25:00,81.8
2020-02-13,19:35:00,72.8
2020-02-13,19:45:00,76.1
2020-02-13,19:55:00,79.5
2020-02-13,20:05:00,82
2020-02-13,20:15:00,79
2020-02-13,20:25:00,78.4
2020-02-13,20:35:00,80.5
2020-02-13,20:45:00,81.3
2020-02-13,20:55:00,82
2020-02-13,21:05:00,78.8
2020-02-13,21:15:00,80.3
2020-02-13,21:25:00,79.4
2020-02-13,21:35:00,78.8
2020-02-13,21:45:00,81.5
2020-02-13,21:55:00,85.3
2020-02-13,22:05:00,81
2020-02-13,22:15:00,79
2020-02-13,22:25:00,77.5
2020-02-13,22:35:00,81.2
2020-02-13,22:45:00,80.8
2020-02-13,22:55:00,85.2
2020-02-13,23:05:00,75.3
2020-02-13,23:15:00,79.4
2020-02-13,23:25:00,82.8
2020-02-13,23:35:00,82
2020-02-13,23:45:00,83.7
2020-02-13,23:55:00,81.2
2020-02-14,00:05:00,81.1
2020-02-14,00:15:00,83
2020-02-14,00:25:00,82.1
2020-02-14,00:35:00,79.4
2020-02-14,00:45:00,81.8
2020-02-14,00:55:00,81.4
2020-02-14,01:05:00,86.6
2020-02-14,01:15:00,90
2020-02-14,01:25:00,88.7
2020-02-14,01:35:00,83.8
2020-02-14,01:45:00,86.3
2020-02-14,01:55:00,86.3
2020-02-14,02:05:00,84
2020-02-14,02:15:00,83.2
2020-02-14,02:25:00,82.7
2020-02-14,02:35:00,80.2
2020-02-14,02:45:00,80.7
2020-02-14,02:55:00,78.9
2020-02-14,03:05:00,79.1
2020-02-14,03:15:00,80
2020-02-14,03:25:00,80.3
2020-02-14,03:35:00,80.4
2020-02-14,03:45:00,75.6
2020-02-14,03:55:00,79.1
2020-02-14,04:05:00,81.6
2020-02-14,04:15:00,80.1
2020-02-14,04:25:00,80.5
2020-02-14,04:35:00,80.6
2020-02-14,04:45:00,79.4
2020-02-14,04:55:00,80.3
2020-02-14,05:05:00,80.4
2020-02-14,05:15:00,82.3
2020-02-14,05:25:00,77.4
2020-02-14,05:35:00,80.9
2020-02-14,05:45:00,79.8
2020-02-14,05:55:00,78
2020-02-14,06:05:00,80.3
2020-02-14,06:15:00,86.4
2020-02-14,06:25:00,80.6
2020-02-14,06:35:00,79.1
2020-02-14,06:45:00,79.2
2020-02-14,06:55:00,79.4
2020-02-14,07:05:00,78.6
2020-02-14,07:15:00,78.3
2020-02-14,07:25:00,78.8
2020-02-14,07:35:00,77.5
2020-02-14,07:45:00,77.8
2020-02-14,07:55:00,81.7
2020-02-14,08:05:00,82.6
2020-02-14,08:15:00,79.9
2020-02-14,08:25:00,84.3
2020-02-14,08:35:00,81.9
2020-02-14,08:45:00,76.5
2020-02-14,08:55:00,80.1
2020-02-14,09:05:00,78.5
2020-02-14,09:15:00,81.1
2020-02-14,09:25:00,81.3
2020-02-14,09:35:00,80.2
2020-02-14,09:45:00,78.3
2020-02-14,09:55:00,78.2
2020-02-14,10:05:00,78.7
2020-02-14,10:15:00,75.2
2020-02-14,10:25:00,80.4
2020-02-14,10:35:00,78.5
2020-02-14,10:45:00,85.1
2020-02-14,10:55:00,80.3
2020-02-14,11:05:00,79.2
2020-02-14,11:15:00,75.1
2020-02-14,11:25:00,79.1
2020-02-14,11:35:00,79.6
2020-02-14,11:45:00,77.5
2020-02-14,11:55:00,78.2
2020-02-14,12:05:00,81.4
2020-02-14,12:15:00,78.1
2020-02-14,12:25:00,72.9
2020-02-14,12:35:00,78.5
2020-02-14,12:45:00,76.5
2020-02-14,12:55:00,78.8
2020-02-14,13:05:00,77.9
2020-02-14,13:15:00,80
2020-02-14,13:25:00,75.8
2020-02-14,13:35:00,76
2020-02-14,13:45:00,78.3
2020-02-14,13:55:00,79.4
2020-02-14,14:05:00,75
2020-02-14,14:15:00,75.2
2020-02-14,14:25:00,75.1
2020-02-14,14:35:00,77.2
2020-02-14,14:45:00,77.5
2020-02-14,14:55:00,80.7
2020-02-14,15:05:00,73.7
2020-02-14,15:15:00,74.4
2020-02-14,15:25:00,74
2020-02-14,15:35:00,76.5
2020-02-14,15:45:00,77.4
2020-02-14,15:55:00,74.2
2020-02-14,16:05:00,74.2
2020-02-14,16:15:00,81.2
2020-02-14,16:25:00,77
2020-02-14,16:35:00,77.6
2020-02-14,16:45:00,75.5
2020-02-14,16:55:00,80.1
2020-02-14,17:05:00,77
2020-02-14,17:15:00,76.3
2020-02-14,17:25:00,75.7
2020-02-14,17:35:00,81.3
2020-02-14,17:45:00,73.7
2020-02-14,17:55:00,76.3
2020-02-14,18:05:00,76.1
2020-02-14,18:15:00,75.4
2020-02-14,18:25:00,71.6
2020-02-14,18:35:00,77.5
2020-02-14,18:45:00,76.5
2020-02-14,18:55:00,77.3
2020-02-14,19:05:00,76.2
2020-02-14,19:15:00,73.5
2020-02-14,19:25:00,71.7
2020-02-14,19:35:00,76
2020-02-14,19:45:00,78.9
2020-02-14,19:55:00,74.2
2020-02-14,20:05:00,70.7
2020-02-14,20:15:00,74
2020-02-14,20:25:00,80.9
2020-02-14,20:35:00,75
2020-02-14,20:45:00,77.4
2020-02-14,20:55:00,77.4
2020-02-14,21:05:00,77.4
2020-02-14,21:15:00,76.1
2020-02-14,21:25:00,74.5
2020-02-14,21:35:00,77.5
2020-02-14,21:45:00,73.6
2020-02-14,21:55:00,77.8
2020-02-14,22:05:00,77.7
2020-02-14,22:15:00,76.4
2020-02-14,22:25:00,75.1
2020-02-14,22:35:00,73.8
2020-02-14,22:45:00,77.1
2020-02-14,22:55:00,74.6
2020-02-14,23:05:00,76.8
2020-02-14,23:15:00,81.3
2020-02-14,23:25:00,75.1
2020-02-14,23:35:00,76.8
2020-02-14,23:45:00,75.7
2020-02-14,23:55:00,77.4
2020-02-15,00:05:00,76.4
2020-02-15,00:15:00,75.3
2020-02-15,00:25:00,76.6
2020-02-15,00:35:00,76.8
2020-02-15,00:45:00,76.2
2020-02-15,00:55:00,79.6
2020-02-15,01:05:00,76.8
2020-02-15,01:15:00,78.1
2020-02-15,01:25:00,80.8
2020-02-15,01:35:00,81.9
2020-02-15,01:45:00,76.6
2020-02-15,01:55:00,78.4
2020-02-15,02:05:00,73.8
2020-02-15,02:15:00,73.5
2020-02-15,02:25:00,72.2
2020-02-15,02:35:00,73
2020-02-15,02:45:00,75
2020-02-15,02:55:00,73.7
2020-02-15,03:05:00,78.2
2020-02-15,03:15:00,75.8
2020-02-15,03:25:00,74.7
2020-02-15,03:35:00,74.2
2020-02-15,03:45:00,77.5
2020-02-15,03:55:00,75.7
2020-02-15,04:05:00,79.6
2020-02-15,04:15:00,77
2020-02-15,04:25:00,74.7
2020-02-15,04:35:00,74.6
2020-02-15,04:45:00,75
2020-02-15,04:55:00,75.7
2020-02-15,05:05:00,80.7
2020-02-15,05:15:00,72.7
2020-02-15,05:25:00,74.9
2020-02-15,05:35:00,75
2020-02-15,05:45:00,73.1
2020-02-15,05:55:00,75.7
2020-02-15,06:05:00,77
2020-02-15,06:15:00,74.5
2020-02-15,06:25:00,73.4
2020-02-15,06:35:00,75
2020-02-15,06:45:00,75
2020-02-15,06:55:00,73
2020-02-15,07:05:00,75.6
2020-02-15,07:15:00,73.6
2020-02-15,07:25:00,74.4
2020-02-15,07:35:00,75.3
2020-02-15,07:45:00,72.3
2020-02-15,07:55:00,74.7
2020-02-15,08:05:00,76.2
2020-02-15,08:15:00,75.6
2020-02-15,08:25:00,79
2020-02-15,08:35:00,76.3
2020-02-15,08:45:00,75.8
2020-02-15,08:55:00,75.5
2020-02-15,09:05:00,75.8
2020-02-15,09:15:00,74.7
2020-02-15,09:25:00,77
2020-02-15,09:35:00,74.8
2020-02-15,09:45:00,76.5
2020-02-15,09:55:00,75
2020-02-15,10:05:00,77.8
2020-02-15,10:15:00,77.3
2020-02-15,10:25:00,76
2020-02-15,10:35:00,77
2020-02-15,10:45:00,75
2020-02-15,10:55:00,73.7
2020-02-15,11:05:00,78.3
2020-02-15,11:15:00,76.8
2020-02-15,11:25:00,72.5
2020-02-15,11:35:00,72
2020-02-15,11:45:00,76
2020-02-15,11:55:00,73.8
2020-02-15,12:05:00,73.2
2020-02-15,12:15:00,77.4
2020-02-15,12:25:00,77.4
2020-02-15,12:35:00,75.4
2020-02-15,12:45:00,72.8
2020-02-15,12:55:00,74.1
2020-02-15,13:05:00,70.8
2020-02-15,13:15:00,73.9
2020-02-15,13:25:00,75
2020-02-15,13:35:00,73.3
2020-02-15,13:45:00,73.4
2020-02-15,13:55:00,75.3
2020-02-15,14:05:00,76.2
2020-02-15,14:15:00,75.5
2020-02-15,14:25:00,75.9
2020-02-15,14:35:00,72.8
2020-02-15,14:45:00,73.8
2020-02-15,14:55:00,75.4
2020-02-15,15:05:00,77
2020-02-15,15:15:00,76.8
2020-02-15,15:25:00,75.6
2020-02-15,15:35:00,72.9
2020-02-15,15:45:00,74.3
2020-02-15,15:55:00,78
2020-02-15,16:05:00,74.6
2020-02-15,16:15:00,77
2020-02-15,16:25:00,75.8
2020-02-15,16:35:00,74.3
2020-02-15,16:45:00,72.8
2020-02-15,16:55:00,73.2
2020-02-15,17:05:00,76.5
2020-02-15,17:15:00,76.6
2020-02-15,17:25:00,76.1
2020-02-15,17:35:00,74.6
2020-02-15,17:45:00,73.8
2020-02-15,17:55:00,74.4
2020-02-15,18:05:00,77.5
2020-02-15,18:15:00,77
2020-02-15,18:25:00,75
2020-02-15,18:35:00,75.7
2020-02-15,18:45:00,78.1
2020-02-15,18:55:00,73.2
2020-02-15,19:05:00,72
2020-02-15,19:15:00,76.2
2020-02-15,19:25:00,72.4
2020-02-15,19:35:00,71.2
2020-02-15,19:45:00,75.6
2020-02-15,19:55:00,77.2
2020-02-15,20:05:00,75
2020-02-15,20:15:00,69.4
2020-02-15,20:25:00,75.3
2020-02-15,20:35:00,75.6
2020-02-15,20:45:00,72.5
2020-02-15,20:55:00,75.1
2020-02-15,21:05:00,74.7
2020-02-15,21:15:00,82.3
2020-02-15,21:25:00,78.4
2020-02-15,21:35:00,75.1
2020-02-15,21:45:00,80.1
2020-02-15,21:55:00,77.4
2020-02-15,22:05:00,74.3
2020-02-15,22:15:00,77.4
2020-02-15,22:25:00,79.4
2020-02-15,22:35:00,71.5
2020-02-15,22:45:00,77.7
2020-02-15,22:55:00,77.1
2020-02-15,23:05:00,76.6
2020-02-15,23:15:00,74.7
2020-02-15,23:25:00,71.4
2020-02-15,23:35:00,74.6
2020-02-15,23:45:00,75
2020-02-15,23:55:00,77
2020-02-16,00:05:00,72.1
2020-02-16,00:15:00,73.4
2020-02-16,00:25:00,76.4
2020-02-16,00:35:00,73.7
2020-02-16,00:45:00,73.7
2020-02-16,00:55:00,72.5
2020-02-16,01:05:00,76.6
2020-02-16,01:15:00,75.2
2020-02-16,01:25:00,75.1
2020-02-16,01:35:00,74.9
2020-02-16,01:45:00,76.5
2020-02-16,01:55:00,74
2020-02-16,02:05:00,76.3
2020-02-16,02:15:00,77.6
2020-02-16,02:25:00,74.6
2020-02-16,02:35:00,75.2
2020-02-16,02:45:00,76.8
2020-02-16,02:55:00,77.9
2020-02-16,03:05:00,76
2020-02-16,03:15:00,76.5
2020-02-16,03:25:00,78.8
2020-02-16,03:35:00,77.3
2020-02-16,03:45:00,75.1
2020-02-16,03:55:00,76
2020-02-16,04:05:00,76.3
2020-02-16,04:15:00,77.4
2020-02-16,04:25:00,77.2
2020-02-16,04:35:00,78.3
2020-02-16,04:45:00,79.6
2020-02-16,04:55:00,76.2
2020-02-16,05:05:00,73.7
2020-02-16,05:15:00,75.5
2020-02-16,05:25:00,72.9
2020-02-16,05:35:00,73.8
2020-02-16,05:45:00,76.3
2020-02-16,05:55:00,75.8
2020-02-16,06:05:00,76.1
2020-02-16,06:15:00,74
2020-02-16,06:25:00,74.4
2020-02-16,06:35:00,75.2
2020-02-16,06:45:00,79.6
2020-02-16,06:55:00,75.3
2020-02-16,07:05:00,73.5
2020-02-16,07:15:00,76.6
2020-02-16,07:25:00,79.1
2020-02-16,07:35:00,78.4
2020-02-16,07:45:00,74.7
2020-02-16,07:55:00,77.3
2020-02-16,08:05:00,74.6
2020-02-16,08:15:00,74.9
2020-02-16,08:25:00,73.4
2020-02-16,08:35:00,76.5
2020-02-16,08:45:00,75.2
2020-02-16,08:55:00,73.2
2020-02-16,09:05:00,78.5
2020-02-16,09:15:00,74.4
2020-02-16,09:25:00,73.9
2020-02-16,09:35:00,73.2
2020-02-16,09:45:00,76
2020-02-16,09:55:00,76.7
2020-02-16,10:05:00,75.2
2020-02-16,10:15:00,76.4
2020-02-16,10:25:00,72.9
2020-02-16,10:35:00,75.1
2020-02-16,10:45:00,75.9
2020-02-16,10:55:00,75.4
2020-02-16,11:05:00,76.4
2020-02-16,11:15:00,74.6
2020-02-16,11:25:00,74.9
2020-02-16,11:35:00,74
2020-02-16,11:45:00,73.2
2020-02-16,11:55:00,75.6
2020-02-16,12:05:00,78.3
2020-02-16,12:15:00,75.1
2020-02-16,12:25:00,74.3
2020-02-16,12:35:00,79
2020-02-16,12:45:00,77.8
2020-02-16,12:55:00,73.8
2020-02-16,13:05:00,73
2020-02-16,13:15:00,74
2020-02-16,13:25:00,74.1
2020-02-16,13:35:00,73.8
2020-02-16,13:45:00,74.9
2020-02-16,13:55:00,74.4
2020-02-16,14:05:00,76.1
2020-02-16,14:15:00,80
2020-02-16,14:25:00,77.1
2020-02-16,14:35:00,75.1
2020-02-16,14:45:00,74.8
2020-02-16,14:55:00,75.3
2020-02-16,15:05:00,74.9
2020-02-16,15:15:00,78.1
2020-02-16,15:25:00,74.2
2020-02-16,15:35:00,74.1
2020-02-16,15:45:00,78
2020-02-16,15:55:00,84.1
2020-02-16,16:05:00,76.6
2020-02-16,16:15:00,75.7
2020-02-16,16:25:00,77.7
2020-02-16,16:35:00,77.3
2020-02-16,16:45:00,78.6
2020-02-16,16:55:00,78.7
2020-02-16,17:05:00,74.7
2020-02-16,17:15:00,75.8
2020-02-16,17:25:00,77.2
2020-02-16,17:35:00,76.4
2020-02-16,17:45:00,74.6
2020-02-16,17:55:00,74.7
2020-02-16,18:05:00,75.7
2020-02-16,18:15:00,73.4
2020-02-16,18:25:00,74.9
2020-02-16,18:35:00,77.9
2020-02-16,18:45:00,79.9
2020-02-16,18:55:00,79.7
2020-02-16,19:05:00,74.9
2020-02-16,19:15:00,76.6
2020-02-16,19:25:00,77.2
2020-02-16,19:35:00,76.8
2020-02-16,19:45:00,74.7
2020-02-16,19:55:00,78.4
2020-02-16,20:05:00,76.1
2020-02-16,20:15:00,76.4
2020-02-16,20:25:00,79
2020-02-16,20:35:00,77.7
2020-02-16,20:45:00,77.4
2020-02-16,20:55:00,78.7
2020-02-16,21:05:00,78
2020-02-16,21:15:00,77
2020-02-16,21:25:00,76.3
2020-02-16,21:35:00,78.8
2020-02-16,21:45:00,77
2020-02-16,21:55:00,77.3
2020-02-16,22:05:00,76.1
2020-02-16,22:15:00,77.8
2020-02-16,22:25:00,78.2
2020-02-16,22:35:00,78.7
2020-02-16,22:45:00,78.1
2020-02-16,22:55:00,78.5
2020-02-16,23:05:00,75.4
2020-02-16,23:15:00,79.6
2020-02-16,23:25:00,77.6
2020-02-16,23:35:00,75.2
2020-02-16,23:45:00,79.7
2020-02-16,23:55:00,76.7
2020-02-17,00:05:00,78.9
2020-02-17,00:15:00,74.8
2020-02-17,00:25:00,77.4
2020-02-17,00:35:00,77.7
2020-02-17,00:45:00,77.2
2020-02-17,00:55:00,72.3
2020-02-17,01:05:00,77.9
2020-02-17,01:15:00,73.1
2020-02-17,01:25:00,80.4
2020-02-17,01:35:00,76.5
2020-02-17,01:45:00,78.5
2020-02-17,01:55:00,78.5
2020-02-17,02:05:00,76.9
2020-02-17,02:15:00,80.6
2020-02-17,02:25:00,81.7
2020-02-17,02:35:00,78.1
2020-02-17,02:45:00,77.1
2020-02-17,02:55:00,77.8
2020-02-17,03:05:00,79.6
2020-02-17,03:15:00,78.3
2020-02-17,03:25:00,81
2020-02-17,03:35:00,77.6
2020-02-17,03:45:00,77.9
2020-02-17,03:55:00,78.6
2020-02-17,04:05:00,79.4
2020-02-17,04:15:00,79.3
2020-02-17,04:25:00,77.6
2020-02-17,04:35:00,82.3
2020-02-17,04:45:00,78.7
2020-02-17,04:55:00,77.9
2020-02-17,05:05:00,76.3
2020-02-17,05:15:00,78.5
2020-02-17,05:25:00,78.3
2020-02-17,05:35:00,74.6
2020-02-17,05:45:00,78.8
2020-02-17,05:55:00,80
2020-02-17,06:05:00,77.1
2020-02-17,06:15:00,83
2020-02-17,06:25:00,77.6
2020-02-17,06:35:00,82.4
2020-02-17,06:45:00,78.7
2020-02-17,06:55:00,82.8
2020-02-17,07:05:00,84.4
2020-02-17,07:15:00,81.1
2020-02-17,07:25:00,76.2
2020-02-17,07:35:00,80.2
2020-02-17,07:45:00,78.8
2020-02-17,07:55:00,77.4
2020-02-17,08:05:00,79.3
2020-02-17,08:15:00,82.6
2020-02-17,08:25:00,85.2
