2017-02-01,00:01:00,75.4
2017-02-01,00:11:00,78.6
2017-02-01,00:21:00,76.6
2017-02-01,00:31:00,76.9
2017-02-01,00:41:00,75.3
2017-02-01,00:51:00,74.4
2017-02-01,01:01:00,75.3
2017-02-01,01:11:00,76.9
2017-02-01,01:21:00,78.2
2017-02-01,01:31:00,77.8
2017-02-01,01:41:00,77.6
2017-02-01,01:51:00,74.5
2017-02-01,02:01:00,77.4
2017-02-01,02:11:00,73.5
2017-02-01,02:21:00,78.2
2017-02-01,02:31:00,80.5
2017-02-01,02:41:00,81.3
2017-02-01,02:51:00,80.9
2017-02-01,03:01:00,77
2017-02-01,03:11:00,79.2
2017-02-01,03:21:00,82.9
2017-02-01,03:31:00,78.6
2017-02-01,03:41:00,84.1
2017-02-01,03:51:00,85.8
2017-02-01,04:01:00,85
2017-02-01,04:11:00,84.5
2017-02-01,04:21:00,87.6
2017-02-01,04:31:00,89.3
2017-02-01,04:41:00,93.1
2017-02-01,04:51:00,93.3
2017-02-01,05:01:00,95
2017-02-01,05:11:00,100
2017-02-01,05:21:00,97.6
2017-02-01,05:31:00,98.7
2017-02-01,05:41:00,97.6
2017-02-01,05:51:00,97.5
2017-02-01,06:01:00,90.5
2017-02-01,06:11:00,94
2017-02-01,06:21:00,96.9
2017-02-01,06:31:00,92.9
2017-02-01,06:41:00,91.6
2017-02-01,06:51:00,89.6
2017-02-01,07:01:00,89.1
2017-02-01,07:11:00,86.8
2017-02-01,07:21:00,89.3
2017-02-01,07:31:00,88.7
2017-02-01,07:41:00,86.2
2017-02-01,07:51:00,87.7
2017-02-01,08:01:00,85.1
2017-02-01,08:11:00,87.2
2017-02-01,08:21:00,81.7
2017-02-01,08:31:00,81.1
2017-02-01,08:41:00,82.2
2017-02-01,08:51:00,85.2
2017-02-01,09:01:00,81.1
2017-02-01,09:11:00,86.8
2017-02-01,09:21:00,82.9
2017-02-01,09:31:00,82.3
2017-02-01,09:41:00,81.1
2017-02-01,09:51:00,82.6
2017-02-01,10:01:00,78.7
2017-02-01,10:11:00,79.3
2017-02-01,10:21:00,77.7
2017-02-01,10:31:00,79.2
2017-02-01,10:41:00,77.6
2017-02-01,10:51:00,75.6
2017-02-01,11:01:00,76.4
2017-02-01,11:11:00,77
2017-02-01,11:21:00,76.7
2017-02-01,11:31:00,76.6
2017-02-01,11:41:00,79.3
2017-02-01,11:51:00,75.8
2017-02-01,12:01:00,78.5
2017-02-01,12:11:00,74.5
2017-02-01,12:21:00,78.4
2017-02-01,12:31:00,75
2017-02-01,12:41:00,76.7
2017-02-01,12:51:00,78.4
2017-02-01,13:01:00,78.4
2017-02-01,13:11:00,79.5
2017-02-01,13:21:00,86.5
2017-02-01,13:31:00,82.9
2017-02-01,13:41:00,79.9
2017-02-01,13:51:00,81.4
2017-02-01,14:01:00,84.6
2017-02-01,14:11:00,81.2
2017-02-01,14:21:00,80.5
2017-02-01,14:31:00,80.5
2017-02-01,14:41:00,79.2
2017-02-01,14:51:00,80.1
2017-02-01,15:01:00,77.2
2017-02-01,15:11:00,78.4
2017-02-01,15:21:00,76.2
2017-02-01,15:31:00,76.2
2017-02-01,15:41:00,77.5
2017-02-01,15:51:00,78.2
2017-02-01,16:01:00,81
2017-02-01,16:11:00,78.8
2017-02-01,16:21:00,77
2017-02-01,16:31:00,77.5
2017-02-01,16:41:00,78
2017-02-01,16:51:00,79.2
2017-02-01,17:01:00,76
2017-02-01,17:11:00,75.3
2017-02-01,17:21:00,77.8
2017-02-01,17:31:00,77.9
2017-02-01,17:41:00,78.1
2017-02-01,17:51:00,81.9
2017-02-01,18:01:00,75.2
2017-02-01,18:11:00,76.5
2017-02-01,18:21:00,78.2
2017-02-01,18:31:00,78.2
2017-02-01,18:41:00,81.2
2017-02-01,18:51:00,80.9
2017-02-01,19:01:00,79.9
2017-02-01,19:11:00,86.4
2017-02-01,19:21:00,81.6
2017-02-01,19:31:00,86.2
2017-02-01,19:41:00,86.6
2017-02-01,19:51:00,83.9
2017-02-01,20:01:00,82.9
2017-02-01,20:11:00,84.9
2017-02-01,20:21:00,83.2
2017-02-01,20:31:00,82.8
2017-02-01,20:41:00,81.1
2017-02-01,20:51:00,81.6
2017-02-01,21:01:00,83
2017-02-01,21:11:00,82.7
2017-02-01,21:21:00,79.8
2017-02-01,21:31:00,80.1
2017-02-01,21:41:00,80.8
2017-02-01,21:51:00,77.5
2017-02-01,22:01:00,79
2017-02-01,22:11:00,79.1
2017-02-01,22:21:00,75.6
2017-02-01,22:31:00,78.5
2017-02-01,22:41:00,74.7
2017-02-01,22:51:00,75.9
2017-02-01,23:01:00,77.6
2017-02-01,23:11:00,75.2
2017-02-01,23:21:00,74.9
2017-02-01,23:31:00,75.4
2017-02-01,23:41:00,77.3
2017-02-01,23:51:00,73.5
2017-02-02,00:01:00,73.6
2017-02-02,00:11:00,75.8
2017-02-02,00:21:00,75.3
2017-02-02,00:31:00,72.9
2017-02-02,00:41:00,75.1
2017-02-02,00:51:00,74.7
2017-02-02,01:01:00,74.6
2017-02-02,01:11:00,73.1
2017-02-02,01:21:00,72.1
2017-02-02,01:31:00,73
2017-02-02,01:41:00,74.3
2017-02-02,01:51:00,72.1
2017-02-02,02:01:00,72.6
2017-02-02,02:11:00,74.1
2017-02-02,02:21:00,76.1
2017-02-02,02:31:00,76.8
2017-02-02,02:41:00,74
2017-02-02,02:51:00,77.1
2017-02-02,03:01:00,73
2017-02-02,03:11:00,73.2
2017-02-02,03:21:00,71.3
2017-02-02,03:31:00,74.9
2017-02-02,03:41:00,76.3
2017-02-02,03:51:00,76.6
2017-02-02,04:01:00,77.1
2017-02-02,04:11:00,75.3
2017-02-02,04:21:00,74.3
2017-02-02,04:31:00,73
2017-02-02,04:41:00,76.1
2017-02-02,04:51:00,76.1
2017-02-02,05:01:00,75.7
2017-02-02,05:11:00,74.1
2017-02-02,05:21:00,75.4
2017-02-02,05:31:00,77.9
2017-02-02,05:41:00,76.7
2017-02-02,05:51:00,73.9
2017-02-02,06:01:00,73.7
2017-02-02,06:11:00,76.3
2017-02-02,06:21:00,73.7
2017-02-02,06:31:00,72.5
2017-02-02,06:41:00,75.2
2017-02-02,06:51:00,75
2017-02-02,07:01:00,76.5
2017-02-02,07:11:00,74.9
2017-02-02,07:21:00,77.3
2017-02-02,07:31:00,73
2017-02-02,07:41:00,76.6
2017-02-02,07:51:00,73.9
2017-02-02,08:01:00,77
2017-02-02,08:11:00,74.4
2017-02-02,08:21:00,74.7
2017-02-02,08:31:00,76.6
2017-02-02,08:41:00,76
2017-02-02,08:51:00,74
2017-02-02,09:01:00,76.4
2017-02-02,09:11:00,78
2017-02-02,09:21:00,74.1
2017-02-02,09:31:00,73.7
2017-02-02,09:41:00,74.4
2017-02-02,09:51:00,75.9
2017-02-02,10:01:00,77
2017-02-02,10:11:00,77
2017-02-02,10:21:00,74.6
2017-02-02,10:31:00,73.8
2017-02-02,10:41:00,76.6
2017-02-02,10:51:00,75.1
2017-02-02,11:01:00,76.7
2017-02-02,11:11:00,75.5
2017-02-02,11:21:00,75.4
2017-02-02,11:31:00,75.2
2017-02-02,11:41:00,72.3
2017-02-02,11:51:00,73.8
2017-02-02,12:01:00,77.6
2017-02-02,12:11:00,74.4
2017-02-02,12:21:00,73.9
2017-02-02,12:31:00,76.2
2017-02-02,12:41:00,74.6
2017-02-02,12:51:00,74.2
2017-02-02,13:01:00,73.8
2017-02-02,13:11:00,74.1
2017-02-02,13:21:00,76
2017-02-02,13:31:00,75.8
2017-02-02,13:41:00,75.1
2017-02-02,13:51:00,76.1
2017-02-02,14:01:00,74.1
2017-02-02,14:11:00,78.8
2017-02-02,14:21:00,77.3
2017-02-02,14:31:00,77.5
2017-02-02,14:41:00,76.6
2017-02-02,14:51:00,74.7
2017-02-02,15:01:00,74.7
2017-02-02,15:11:00,75.2
2017-02-02,15:21:00,75.3
2017-02-02,15:31:00,75.1
2017-02-02,15:41:00,74.2
2017-02-02,15:51:00,76.6
2017-02-02,16:01:00,78.5
2017-02-02,16:11:00,74
2017-02-02,16:21:00,76.3
2017-02-02,16:31:00,74.1
2017-02-02,16:41:00,77
2017-02-02,16:51:00,76.8
2017-02-02,17:01:00,75.6
2017-02-02,17:11:00,75.9
2017-02-02,17:21:00,75.9
2017-02-02,17:31:00,75.2
2017-02-02,17:41:00,74.6
2017-02-02,17:51:00,74.4
2017-02-02,18:01:00,76.3
2017-02-02,18:11:00,76.1
2017-02-02,18:21:00,76.2
2017-02-02,18:31:00,75.3
2017-02-02,18:41:00,76.8
2017-02-02,18:51:00,76.5
2017-02-02,19:01:00,76.2
2017-02-02,19:11:00,74.6
2017-02-02,19:21:00,75.2
2017-02-02,19:31:00,74.5
2017-02-02,19:41:00,73.2
2017-02-02,19:51:00,76.4
2017-02-02,20:01:00,75.5
2017-02-02,20:11:00,72.2
2017-02-02,20:21:00,75.2
2017-02-02,20:31:00,76
2017-02-02,20:41:00,74.4
2017-02-02,20:51:00,74.6
2017-02-02,21:01:00,75.5
2017-02-02,21:11:00,74.9
2017-02-02,21:21:00,75.7
2017-02-02,21:31:00,74.1
2017-02-02,21:41:00,74.3
2017-02-02,21:51:00,76.6
2017-02-02,22:01:00,73.8
2017-02-02,22:11:00,76.2
2017-02-02,22:21:00,76.1
2017-02-02,22:31:00,75.9
2017-02-02,22:41:00,73.3
2017-02-02,22:51:00,73.9
2017-02-02,23:01:00,76.3
2017-02-02,23:11:00,76.3
2017-02-02,23:21:00,75.8
2017-02-02,23:31:00,77.6
2017-02-02,23:41:00,78.2
2017-02-02,23:51:00,73.7
2017-02-03,00:01:00,73.3
2017-02-03,00:11:00,74.3
2017-02-03,00:21:00,75
2017-02-03,00:31:00,74.5
2017-02-03,00:41:00,70.7
2017-02-03,00:51:00,74.7
2017-02-03,01:01:00,73.6
2017-02-03,01:11:00,72.9
2017-02-03,01:21:00,72.8
2017-02-03,01:31:00,74.7
2017-02-03,01:41:00,75.4
2017-02-03,01:51:00,73.5
2017-02-03,02:01:00,72.3
2017-02-03,02:11:00,74.3
2017-02-03,02:21:00,73.2
2017-02-03,02:31:00,74.2
2017-02-03,02:41:00,72.7
2017-02-03,02:51:00,77.2
2017-02-03,03:01:00,75.5
2017-02-03,03:11:00,72.8
2017-02-03,03:21:00,77.5
2017-02-03,03:31:00,72.2
2017-02-03,03:41:00,72.9
2017-02-03,03:51:00,73
2017-02-03,04:01:00,75.2
2017-02-03,04:11:00,76.1
2017-02-03,04:21:00,74.2
2017-02-03,04:31:00,75.2
2017-02-03,04:41:00,76
2017-02-03,04:51:00,75.9
2017-02-03,05:01:00,75.8
2017-02-03,05:11:00,75.1
2017-02-03,05:21:00,76
2017-02-03,05:31:00,75.6
2017-02-03,05:41:00,72.5
2017-02-03,05:51:00,76
2017-02-03,06:01:00,74.2
2017-02-03,06:11:00,75.5
2017-02-03,06:21:00,74
2017-02-03,06:31:00,75
2017-02-03,06:41:00,73.7
2017-02-03,06:51:00,75.9
2017-02-03,07:01:00,75.5
2017-02-03,07:11:00,73.1
2017-02-03,07:21:00,77.5
2017-02-03,07:31:00,75.6
2017-02-03,07:41:00,74.1
2017-02-03,07:51:00,76.6
2017-02-03,08:01:00,76.8
2017-02-03,08:11:00,76
2017-02-03,08:21:00,72.7
2017-02-03,08:31:00,74.8
2017-02-03,08:41:00,77.9
2017-02-03,08:51:00,78.5
2017-02-03,09:01:00,75.9
2017-02-03,09:11:00,73.7
2017-02-03,09:21:00,73.3
2017-02-03,09:31:00,73.6
2017-02-03,09:41:00,74.8
2017-02-03,09:51:00,76.3
2017-02-03,10:01:00,74.5
2017-02-03,10:11:00,75.8
2017-02-03,10:21:00,73.3
2017-02-03,10:31:00,76.1
2017-02-03,10:41:00,76
2017-02-03,10:51:00,74
2017-02-03,11:01:00,74.8
2017-02-03,11:11:00,74.3
2017-02-03,11:21:00,75.8
2017-02-03,11:31:00,74.8
2017-02-03,11:41:00,74.6
2017-02-03,11:51:00,73.7
2017-02-03,12:01:00,73.3
2017-02-03,12:11:00,76
2017-02-03,12:21:00,75.9
2017-02-03,12:31:00,76.1
2017-02-03,12:41:00,76.1
2017-02-03,12:51:00,78.2
2017-02-03,13:01:00,73.9
2017-02-03,13:11:00,74.8
2017-02-03,13:21:00,74.7
2017-02-03,13:31:00,75.7
2017-02-03,13:41:00,76.2
2017-02-03,13:51:00,72.8
2017-02-03,14:01:00,72.4
2017-02-03,14:11:00,76
2017-02-03,14:21:00,74.2
2017-02-03,14:31:00,75.4
2017-02-03,14:41:00,74.2
2017-02-03,14:51:00,74.9
2017-02-03,15:01:00,76.7
2017-02-03,15:11:00,77
2017-02-03,15:21:00,76.1
2017-02-03,15:31:00,73.9
2017-02-03,15:41:00,76.9
2017-02-03,15:51:00,76.3
2017-02-03,16:01:00,76.7
2017-02-03,16:11:00,75
2017-02-03,16:21:00,75.7
2017-02-03,16:31:00,76.8
2017-02-03,16:41:00,76.4
2017-02-03,16:51:00,74.6
2017-02-03,17:01:00,75
2017-02-03,17:11:00,73.2
2017-02-03,17:21:00,75.9
2017-02-03,17:31:00,71.7
2017-02-03,17:41:00,73.1
2017-02-03,17:51:00,77.5
2017-02-03,18:01:00,74.4
2017-02-03,18:11:00,74.7
2017-02-03,18:21:00,77.2
2017-02-03,18:31:00,74.7
2017-02-03,18:41:00,74.7
2017-02-03,18:51:00,72.9
2017-02-03,19:01:00,72.9
2017-02-03,19:11:00,75.3
2017-02-03,19:21:00,76.8
2017-02-03,19:31:00,75.3
2017-02-03,19:41:00,74.5
2017-02-03,19:51:00,76.5
2017-02-03,20:01:00,75.7
2017-02-03,20:11:00,76.5
2017-02-03,20:21:00,77.1
2017-02-03,20:31:00,75.3
2017-02-03,20:41:00,76
2017-02-03,20:51:00,75.5
2017-02-03,21:01:00,76.8
2017-02-03,21:11:00,73.5
2017-02-03,21:21:00,74.5
2017-02-03,21:31:00,74.1
2017-02-03,21:41:00,75.9
2017-02-03,21:51:00,76.3
2017-02-03,22:01:00,75.6
2017-02-03,22:11:00,76.9
2017-02-03,22:21:00,75.4
2017-02-03,22:31:00,76
2017-02-03,22:41:00,75.4
2017-02-03,22:51:00,74.4
2017-02-03,23:01:00,75.2
2017-02-03,23:11:00,76.3
2017-02-03,23:21:00,74.7
2017-02-03,23:31:00,76.3
2017-02-03,23:41:00,72.7
2017-02-03,23:51:00,73.9
2017-02-04,00:01:00,75.4
2017-02-04,00:11:00,75.4
2017-02-04,00:21:00,76.7
2017-02-04,00:31:00,75.3
2017-02-04,00:41:00,74.5
2017-02-04,00:51:00,77.3
2017-02-04,01:01:00,76.9
2017-02-04,01:11:00,76
2017-02-04,01:21:00,76.9
2017-02-04,01:31:00,74.3
2017-02-04,01:41:00,76.7
2017-02-04,01:51:00,75.7
2017-02-04,02:01:00,76.3
2017-02-04,02:11:00,76.2
2017-02-04,02:21:00,77.7
2017-02-04,02:31:00,76.9
2017-02-04,02:41:00,76.6
2017-02-04,02:51:00,75.1
2017-02-04,03:01:00,73.5
2017-02-04,03:11:00,73.4
2017-02-04,03:21:00,73.7
2017-02-04,03:31:00,75
2017-02-04,03:41:00,75.3
2017-02-04,03:51:00,75.1
2017-02-04,04:01:00,76
2017-02-04,04:11:00,74.5
2017-02-04,04:21:00,75.9
2017-02-04,04:31:00,74.1
2017-02-04,04:41:00,79.3
2017-02-04,04:51:00,77.4
2017-02-04,05:01:00,76.2
2017-02-04,05:11:00,76.3
2017-02-04,05:21:00,74.5
2017-02-04,05:31:00,73.3
2017-02-04,05:41:00,74.8
2017-02-04,05:51:00,75.9
2017-02-04,06:01:00,80.6
2017-02-04,06:11:00,75.9
2017-02-04,06:21:00,75.4
2017-02-04,06:31:00,76.3
2017-02-04,06:41:00,75.3
2017-02-04,06:51:00,75.4
2017-02-04,07:01:00,74.7
2017-02-04,07:11:00,75
2017-02-04,07:21:00,75.6
2017-02-04,07:31:00,76.9
2017-02-04,07:41:00,76.7
2017-02-04,07:51:00,75.8
2017-02-04,08:01:00,77.6
2017-02-04,08:11:00,75
2017-02-04,08:21:00,72.7
2017-02-04,08:31:00,79.4
2017-02-04,08:41:00,77.8
2017-02-04,08:51:00,77.4
2017-02-04,09:01:00,76.8
2017-02-04,09:11:00,74.5
2017-02-04,09:21:00,78.3
2017-02-04,09:31:00,75.4
2017-02-04,09:41:00,78.7
2017-02-04,09:51:00,75.6
2017-02-04,10:01:00,75.6
2017-02-04,10:11:00,73.4
2017-02-04,10:21:00,74.7
2017-02-04,10:31:00,76.1
2017-02-04,10:41:00,76.4
2017-02-04,10:51:00,75
2017-02-04,11:01:00,76.6
2017-02-04,11:11:00,78.1
2017-02-04,11:21:00,76.9
2017-02-04,11:31:00,73.2
2017-02-04,11:41:00,77.2
2017-02-04,11:51:00,74.9
2017-02-04,12:01:00,78.9
2017-02-04,12:11:00,74
2017-02-04,12:21:00,75.6
2017-02-04,12:31:00,73.4
2017-02-04,12:41:00,73.3
2017-02-04,12:51:00,77.7
2017-02-04,13:01:00,75.3
2017-02-04,13:11:00,77
2017-02-04,13:21:00,75.7
2017-02-04,13:31:00,74.9
2017-02-04,13:41:00,75
2017-02-04,13:51:00,77.4
2017-02-04,14:01:00,76.5
2017-02-04,14:11:00,75.7
2017-02-04,14:21:00,78.2
2017-02-04,14:31:00,76.7
2017-02-04,14:41:00,76.6
2017-02-04,14:51:00,75.3
2017-02-04,15:01:00,74.8
2017-02-04,15:11:00,79.1
2017-02-04,15:21:00,79.1
2017-02-04,15:31:00,77.1
2017-02-04,15:41:00,75.7
2017-02-04,15:51:00,74.1
2017-02-04,16:01:00,79.2
2017-02-04,16:11:00,76.9
2017-02-04,16:21:00,77.2
2017-02-04,16:31:00,78.2
2017-02-04,16:41:00,75.8
2017-02-04,16:51:00,77
2017-02-04,17:01:00,74.3
2017-02-04,17:11:00,73.2
2017-02-04,17:21:00,77.4
2017-02-04,17:31:00,77.4
2017-02-04,17:41:00,77.5
2017-02-04,17:51:00,74.6
2017-02-04,18:01:00,76.4
2017-02-04,18:11:00,75.6
2017-02-04,18:21:00,75
2017-02-04,18:31:00,74.5
2017-02-04,18:41:00,75.4
2017-02-04,18:51:00,76
2017-02-04,19:01:00,78.5
2017-02-04,19:11:00,76.8
2017-02-04,19:21:00,76.3
2017-02-04,19:31:00,72.8
2017-02-04,19:41:00,77.6
2017-02-04,19:51:00,77.6
2017-02-04,20:01:00,75.8
2017-02-04,20:11:00,74.9
2017-02-04,20:21:00,73.9
2017-02-04,20:31:00,75.4
2017-02-04,20:41:00,76.6
2017-02-04,20:51:00,79.2
2017-02-04,21:01:00,78.4
2017-02-04,21:11:00,78.4
2017-02-04,21:21:00,80.7
2017-02-04,21:31:00,76.6
2017-02-04,21:41:00,80.6
2017-02-04,21:51:00,79.2
2017-02-04,22:01:00,82.7
2017-02-04,22:11:00,80.5
2017-02-04,22:21:00,78.9
2017-02-04,22:31:00,80.1
2017-02-04,22:41:00,82
2017-02-04,22:51:00,87.7
2017-02-04,23:01:00,79.7
2017-02-04,23:11:00,82.7
2017-02-04,23:21:00,81.3
2017-02-04,23:31:00,80
2017-02-04,23:41:00,81.2
2017-02-04,23:51:00,82.1
2017-02-05,00:01:00,81
2017-02-05,00:11:00,82.7
2017-02-05,00:21:00,85.1
2017-02-05,00:31:00,83.4
2017-02-05,00:41:00,82.9
2017-02-05,00:51:00,83.2
2017-02-05,01:01:00,84.4
2017-02-05,01:11:00,86.9
2017-02-05,01:21:00,82.6
2017-02-05,01:31:00,84.3
2017-02-05,01:41:00,84.5
2017-02-05,01:51:00,84.6
2017-02-05,02:01:00,84.8
2017-02-05,02:11:00,86.4
2017-02-05,02:21:00,82.8
2017-02-05,02:31:00,83.7
2017-02-05,02:41:00,83.2
2017-02-05,02:51:00,84.9
2017-02-05,03:01:00,84.2
2017-02-05,03:11:00,82.3
2017-02-05,03:21:00,85
2017-02-05,03:31:00,78
2017-02-05,03:41:00,81.5
2017-02-05,03:51:00,77.9
2017-02-05,04:01:00,81.4
2017-02-05,04:11:00,76.7
2017-02-05,04:21:00,78.9
2017-02-05,04:31:00,78.9
2017-02-05,04:41:00,77.1
2017-02-05,04:51:00,77.9
2017-02-05,05:01:00,76.7
2017-02-05,05:11:00,77
2017-02-05,05:21:00,74.3
2017-02-05,05:31:00,77
2017-02-05,05:41:00,73.4
2017-02-05,05:51:00,74.2
2017-02-05,06:01:00,75.6
2017-02-05,06:11:00,75
2017-02-05,06:21:00,76.5
2017-02-05,06:31:00,76
2017-02-05,06:41:00,72.4
2017-02-05,06:51:00,75
2017-02-05,07:01:00,73.4
2017-02-05,07:11:00,75.6
2017-02-05,07:21:00,72.7
2017-02-05,07:31:00,77.6
2017-02-05,07:41:00,74.6
2017-02-05,07:51:00,75.2
2017-02-05,08:01:00,77
2017-02-05,08:11:00,78.2
2017-02-05,08:21:00,75.1
2017-02-05,08:31:00,76.5
2017-02-05,08:41:00,74.5
2017-02-05,08:51:00,75.7
2017-02-05,09:01:00,77.1
2017-02-05,09:11:00,75.9
2017-02-05,09:21:00,74.3
2017-02-05,09:31:00,75.8
2017-02-05,09:41:00,75.1
2017-02-05,09:51:00,78.4
2017-02-05,10:01:00,72.7
2017-02-05,10:11:00,77.1
2017-02-05,10:21:00,76.2
2017-02-05,10:31:00,74.2
2017-02-05,10:41:00,74.9
2017-02-05,10:51:00,73.6
2017-02-05,11:01:00,75.3
2017-02-05,11:11:00,72.3
2017-02-05,11:21:00,73.8
2017-02-05,11:31:00,75.7
2017-02-05,11:41:00,74.8
2017-02-05,11:51:00,73.2
2017-02-05,12:01:00,78.4
2017-02-05,12:11:00,76.6
2017-02-05,12:21:00,74.6
2017-02-05,12:31:00,76.9
2017-02-05,12:41:00,72.4
2017-02-05,12:51:00,74.8
2017-02-05,13:01:00,74.3
2017-02-05,13:11:00,76.4
2017-02-05,13:21:00,74.7
2017-02-05,13:31:00,74.8
2017-02-05,13:41:00,75.5
2017-02-05,13:51:00,76.5
2017-02-05,14:01:00,77.4
2017-02-05,14:11:00,76
2017-02-05,14:21:00,75.3
2017-02-05,14:31:00,78.9
2017-02-05,14:41:00,74.8
2017-02-05,14:51:00,76.3
2017-02-05,15:01:00,74.9
2017-02-05,15:11:00,75.2
2017-02-05,15:21:00,75.6
2017-02-05,15:31:00,75.1
2017-02-05,15:41:00,75.5
2017-02-05,15:51:00,76.9
2017-02-05,16:01:00,76.5
2017-02-05,16:11:00,72.5
2017-02-05,16:21:00,75.8
2017-02-05,16:31:00,74.4
2017-02-05,16:41:00,77
2017-02-05,16:51:00,72
2017-02-05,17:01:00,73.1
2017-02-05,17:11:00,73.2
2017-02-05,17:21:00,74.4
2017-02-05,17:31:00,73.9
2017-02-05,17:41:00,74.4
2017-02-05,17:51:00,77.8
2017-02-05,18:01:00,76.1
2017-02-05,18:11:00,76.4
2017-02-05,18:21:00,73.6
2017-02-05,18:31:00,76.4
2017-02-05,18:41:00,76.2
2017-02-05,18:51:00,77.7
2017-02-05,19:01:00,76.3
2017-02-05,19:11:00,73.7
2017-02-05,19:21:00,75.5
2017-02-05,19:31:00,77.7
2017-02-05,19:41:00,75.9
2017-02-05,19:51:00,77.3
2017-02-05,20:01:00,76.9
2017-02-05,20:11:00,77.5
2017-02-05,20:21:00,76.9
2017-02-05,20:31:00,75
2017-02-05,20:41:00,75.9
2017-02-05,20:51:00,77.8
2017-02-05,21:01:00,76.7
2017-02-05,21:11:00,73.8
2017-02-05,21:21:00,73.5
2017-02-05,21:31:00,80.1
2017-02-05,21:41:00,77.4
2017-02-05,21:51:00,77.5
2017-02-05,22:01:00,78.6
2017-02-05,22:11:00,78.5
2017-02-05,22:21:00,77.1
2017-02-05,22:31:00,77.3
2017-02-05,22:41:00,78.4
2017-02-05,22:51:00,75.3
2017-02-05,23:01:00,82
2017-02-05,23:11:00,78.9
2017-02-05,23:21:00,78.6
2017-02-05,23:31:00,81.4
2017-02-05,23:41:00,78.3
2017-02-05,23:51:00,81.6
2017-02-06,00:01:00,81.4
2017-02-06,00:11:00,79.6
2017-02-06,00:21:00,77.3
2017-02-06,00:31:00,80
2017-02-06,00:41:00,81.1
2017-02-06,00:51:00,80.3
2017-02-06,01:01:00,81.6
2017-02-06,01:11:00,78.6
2017-02-06,01:21:00,80.6
2017-02-06,01:31:00,83.5
2017-02-06,01:41:00,80.2
2017-02-06,01:51:00,80.9
2017-02-06,02:01:00,80.5
2017-02-06,02:11:00,82.2
2017-02-06,02:21:00,81.7
2017-02-06,02:31:00,81.4
2017-02-06,02:41:00,82.4
2017-02-06,02:51:00,81.3
2017-02-06,03:01:00,78.7
2017-02-06,03:11:00,78.8
2017-02-06,03:21:00,82.3
2017-02-06,03:31:00,82.8
2017-02-06,03:41:00,82.8
2017-02-06,03:51:00,84.3
2017-02-06,04:01:00,81.4
2017-02-06,04:11:00,85
2017-02-06,04:21:00,87.2
2017-02-06,04:31:00,82.4
2017-02-06,04:41:00,84.5
2017-02-06,04:51:00,80.6
2017-02-06,05:01:00,81.4
2017-02-06,05:11:00,82.3
2017-02-06,05:21:00,85.9
2017-02-06,05:31:00,81
2017-02-06,05:41:00,80
2017-02-06,05:51:00,80.5
2017-02-06,06:01:00,80.2
2017-02-06,06:11:00,81
2017-02-06,06:21:00,78.8
2017-02-06,06:31:00,81.8
2017-02-06,06:41:00,81
2017-02-06,06:51:00,81
2017-02-06,07:01:00,83.1
2017-02-06,07:11:00,79.2
2017-02-06,07:21:00,79.5
2017-02-06,07:31:00,76.6
2017-02-06,07:41:00,80
2017-02-06,07:51:00,78.2
2017-02-06,08:01:00,76.8
2017-02-06,08:11:00,78.8
2017-02-06,08:21:00,79.8
2017-02-06,08:31:00,76.8
2017-02-06,08:41:00,77.7
2017-02-06,08:51:00,77.5
2017-02-06,09:01:00,77.9
2017-02-06,09:11:00,78
2017-02-06,09:21:00,76.7
2017-02-06,09:31:00,78.3
2017-02-06,09:41:00,77.7
2017-02-06,09:51:00,76.8
2017-02-06,10:01:00,79.9
2017-02-06,10:11:00,78.3
2017-02-06,10:21:00,78.6
2017-02-06,10:31:00,75.2
2017-02-06,10:41:00,77.1
2017-02-06,10:51:00,75.9
2017-02-06,11:01:00,75.6
2017-02-06,11:11:00,75
2017-02-06,11:21:00,78.9
2017-02-06,11:31:00,76.9
2017-02-06,11:41:00,79
2017-02-06,11:51:00,78.4
2017-02-06,12:01:00,78
2017-02-06,12:11:00,77.3
2017-02-06,12:21:00,81.1
2017-02-06,12:31:00,79.5
2017-02-06,12:41:00,80.6
2017-02-06,12:51:00,80.1
2017-02-06,13:01:00,77.8
2017-02-06,13:11:00,80.8
2017-02-06,13:21:00,78.1
2017-02-06,13:31:00,79
2017-02-06,13:41:00,78.3
2017-02-06,13:51:00,76.6
2017-02-06,14:01:00,79.6
2017-02-06,14:11:00,77.5
2017-02-06,14:21:00,74.3
2017-02-06,14:31:00,78.2
2017-02-06,14:41:00,78.8
2017-02-06,14:51:00,79
2017-02-06,15:01:00,79.6
2017-02-06,15:11:00,80.1
2017-02-06,15:21:00,77.5
2017-02-06,15:31:00,80.4
2017-02-06,15:41:00,80.6
2017-02-06,15:51:00,82.1
2017-02-06,16:01:00,79.5
2017-02-06,16:11:00,81.2
2017-02-06,16:21:00,77.7
2017-02-06,16:31:00,79.2
2017-02-06,16:41:00,78.9
2017-02-06,16:51:00,81.7
2017-02-06,17:01:00,80.6
2017-02-06,17:11:00,79.6
2017-02-06,17:21:00,81.7
2017-02-06,17:31:00,86
2017-02-06,17:41:00,81
2017-02-06,17:51:00,79.6
2017-02-06,18:01:00,81.3
2017-02-06,18:11:00,79.4
2017-02-06,18:21:00,79.3
2017-02-06,18:31:00,75.4
2017-02-06,18:41:00,77.7
2017-02-06,18:51:00,79
2017-02-06,19:01:00,76.1
2017-02-06,19:11:00,76.5
2017-02-06,19:21:00,76.9
2017-02-06,19:31:00,77.4
2017-02-06,19:41:00,75.7
2017-02-06,19:51:00,72.9
2017-02-06,20:01:00,76
2017-02-06,20:11:00,76.7
2017-02-06,20:21:00,77.3
2017-02-06,20:31:00,74.9
2017-02-06,20:41:00,76.6
2017-02-06,20:51:00,76.1
2017-02-06,21:01:00,78.1
2017-02-06,21:11:00,74.8
2017-02-06,21:21:00,76.9
2017-02-06,21:31:00,78
2017-02-06,21:41:00,76.1
2017-02-06,21:51:00,77.1
2017-02-06,22:01:00,72.9
2017-02-06,22:11:00,81.2
2017-02-06,22:21:00,78.3
2017-02-06,22:31:00,76
2017-02-06,22:41:00,75.1
2017-02-06,22:51:00,77.6
2017-02-06,23:01:00,79.3
2017-02-06,23:11:00,76.9
2017-02-06,23:21:00,77
2017-02-06,23:31:00,77.6
2017-02-06,23:41:00,78.8
2017-02-06,23:51:00,77.8
2017-02-07,00:01:00,77.1
2017-02-07,00:11:00,75.2
2017-02-07,00:21:00,75.8
2017-02-07,00:31:00,75.4
2017-02-07,00:41:00,75
2017-02-07,00:51:00,75.1
2017-02-07,01:01:00,76.3
2017-02-07,01:11:00,74.3
2017-02-07,01:21:00,75.1
2017-02-07,01:31:00,76.1
2017-02-07,01:41:00,74.5
2017-02-07,01:51:00,74.1
2017-02-07,02:01:00,75.1
2017-02-07,02:11:00,77.8
2017-02-07,02:21:00,75.6
2017-02-07,02:31:00,77
2017-02-07,02:41:00,72.7
2017-02-07,02:51:00,76
2017-02-07,03:01:00,74.3
2017-02-07,03:11:00,74.6
2017-02-07,03:21:00,73.5
2017-02-07,03:31:00,74.5
2017-02-07,03:41:00,76.5
2017-02-07,03:51:00,73.2
2017-02-07,04:01:00,73.8
2017-02-07,04:11:00,76.2
2017-02-07,04:21:00,76.2
2017-02-07,04:31:00,74.6
2017-02-07,04:41:00,72.8
2017-02-07,04:51:00,74.5
2017-02-07,05:01:00,76.2
2017-02-07,05:11:00,75.1
2017-02-07,05:21:00,77.9
2017-02-07,05:31:00,75.4
2017-02-07,05:41:00,75.1
2017-02-07,05:51:00,77.1
2017-02-07,06:01:00,74.6
2017-02-07,06:11:00,72.1
2017-02-07,06:21:00,73.7
2017-02-07,06:31:00,73.3
2017-02-07,06:41:00,73.1
2017-02-07,06:51:00,75.6
2017-02-07,07:01:00,75.3
2017-02-07,07:11:00,73.6
2017-02-07,07:21:00,74.1
2017-02-07,07:31:00,75.8
2017-02-07,07:41:00,74
2017-02-07,07:51:00,78.9
2017-02-07,08:01:00,74.8
2017-02-07,08:11:00,75.8
2017-02-07,08:21:00,75.8
2017-02-07,08:31:00,73.1
2017-02-07,08:41:00,72.6
2017-02-07,08:51:00,75
2017-02-07,09:01:00,73.6
2017-02-07,09:11:00,74.9
2017-02-07,09:21:00,74.7
2017-02-07,09:31:00,75.6
2017-02-07,09:41:00,74.5
2017-02-07,09:51:00,75.6
2017-02-07,10:01:00,76.4
2017-02-07,10:11:00,73.3
2017-02-07,10:21:00,75.8
2017-02-07,10:31:00,75.1
2017-02-07,10:41:00,77.9
2017-02-07,10:51:00,76.3
2017-02-07,11:01:00,75.7
2017-02-07,11:11:00,73.2
2017-02-07,11:21:00,73.5
2017-02-07,11:31:00,75.9
2017-02-07,11:41:00,75.3
2017-02-07,11:51:00,73.7
2017-02-07,12:01:00,77
2017-02-07,12:11:00,75.3
2017-02-07,12:21:00,74.7
2017-02-07,12:31:00,73.8
2017-02-07,12:41:00,75.4
2017-02-07,12:51:00,75.5
2017-02-07,13:01:00,74
2017-02-07,13:11:00,74.1
2017-02-07,13:21:00,76.2
2017-02-07,13:31:00,73.4
2017-02-07,13:41:00,75.8
2017-02-07,13:51:00,76.7
2017-02-07,14:01:00,73.8
2017-02-07,14:11:00,73.9
2017-02-07,14:21:00,77.2
2017-02-07,14:31:00,77.7
2017-02-07,14:41:00,75.3
2017-02-07,14:51:00,73.1
2017-02-07,15:01:00,74.6
2017-02-07,15:11:00,74.4
2017-02-07,15:21:00,74.5
2017-02-07,15:31:00,74.9
2017-02-07,15:41:00,77
2017-02-07,15:51:00,75.5
2017-02-07,16:01:00,73.5
2017-02-07,16:11:00,73.9
2017-02-07,16:21:00,72.5
2017-02-07,16:31:00,76.1
2017-02-07,16:41:00,76.1
2017-02-07,16:51:00,77.5
2017-02-07,17:01:00,75.1
2017-02-07,17:11:00,74.5
2017-02-07,17:21:00,75.7
2017-02-07,17:31:00,75.4
2017-02-07,17:41:00,76.3
2017-02-07,17:51:00,76.9
2017-02-07,18:01:00,74.8
2017-02-07,18:11:00,75.2
2017-02-07,18:21:00,73.5
2017-02-07,18:31:00,75.7
2017-02-07,18:41:00,74.2
2017-02-07,18:51:00,74
2017-02-07,19:01:00,74.5
2017-02-07,19:11:00,75.5
2017-02-07,19:21:00,74.9
2017-02-07,19:31:00,74.6
2017-02-07,19:41:00,73.2
2017-02-07,19:51:00,76.8
2017-02-07,20:01:00,75.6
2017-02-07,20:11:00,75.1
2017-02-07,20:21:00,74.3
2017-02-07,20:31:00,75.8
2017-02-07,20:41:00,72
2017-02-07,20:51:00,76.2
2017-02-07,21:01:00,73.8
2017-02-07,21:11:00,77.1
2017-02-07,21:21:00,76.2
2017-02-07,21:31:00,75.5
2017-02-07,21:41:00,73.9
2017-02-07,21:51:00,74.5
2017-02-07,22:01:00,77.2
2017-02-07,22:11:00,75.8
2017-02-07,22:21:00,74.9
2017-02-07,22:31:00,75.3
2017-02-07,22:41:00,75.3
2017-02-07,22:51:00,72
2017-02-07,23:01:00,75
2017-02-07,23:11:00,75.4
2017-02-07,23:21:00,75.4
2017-02-07,23:31:00,75.8
2017-02-07,23:41:00,77
2017-02-07,23:51:00,76.3
2017-02-08,00:01:00,74.7
2017-02-08,00:11:00,75.2
2017-02-08,00:21:00,75.4
2017-02-08,00:31:00,75.1
2017-02-08,00:41:00,75.8
2017-02-08,00:51:00,75.5
2017-02-08,01:01:00,72.5
2017-02-08,01:11:00,73.6
2017-02-08,01:21:00,78.7
2017-02-08,01:31:00,76.8
2017-02-08,01:41:00,77.1
2017-02-08,01:51:00,74.5
2017-02-08,02:01:00,77.4
2017-02-08,02:11:00,76.7
2017-02-08,02:21:00,75.3
2017-02-08,02:31:00,73.9
2017-02-08,02:41:00,73.8
2017-02-08,02:51:00,75
2017-02-08,03:01:00,74.2
2017-02-08,03:11:00,76
2017-02-08,03:21:00,73.1
2017-02-08,03:31:00,75.5
2017-02-08,03:41:00,77
2017-02-08,03:51:00,73.7
2017-02-08,04:01:00,73.5
2017-02-08,04:11:00,72.9
2017-02-08,04:21:00,73.7
2017-02-08,04:31:00,74
2017-02-08,04:41:00,75.1
2017-02-08,04:51:00,76
2017-02-08,05:01:00,73.9
2017-02-08,05:11:00,75
2017-02-08,05:21:00,74.1
2017-02-08,05:31:00,75.5
2017-02-08,05:41:00,72.6
2017-02-08,05:51:00,74.2
2017-02-08,06:01:00,78.8
2017-02-08,06:11:00,76
2017-02-08,06:21:00,76.6
2017-02-08,06:31:00,75.2
2017-02-08,06:41:00,74.9
2017-02-08,06:51:00,76
2017-02-08,07:01:00,74.6
2017-02-08,07:11:00,73.5
2017-02-08,07:21:00,74.2
2017-02-08,07:31:00,74.6
2017-02-08,07:41:00,78.4
2017-02-08,07:51:00,75.8
2017-02-08,08:01:00,73.8
2017-02-08,08:11:00,74.7
2017-02-08,08:21:00,73.7
2017-02-08,08:31:00,74.2
2017-02-08,08:41:00,74.8
2017-02-08,08:51:00,77
2017-02-08,09:01:00,74
2017-02-08,09:11:00,72.6
2017-02-08,09:21:00,73.5
2017-02-08,09:31:00,73.1
2017-02-08,09:41:00,75.4
2017-02-08,09:51:00,78.1
2017-02-08,10:01:00,74.3
2017-02-08,10:11:00,72.8
2017-02-08,10:21:00,71.8
2017-02-08,10:31:00,72.8
2017-02-08,10:41:00,76.2
2017-02-08,10:51:00,77
2017-02-08,11:01:00,76
2017-02-08,11:11:00,75.2
2017-02-08,11:21:00,74.9
2017-02-08,11:31:00,77.8
2017-02-08,11:41:00,73.7
2017-02-08,11:51:00,76.5
2017-02-08,12:01:00,71.6
2017-02-08,12:11:00,75.5
2017-02-08,12:21:00,75.7
2017-02-08,12:31:00,76.3
2017-02-08,12:41:00,75.5
2017-02-08,12:51:00,75.1
2017-02-08,13:01:00,75.8
2017-02-08,13:11:00,73.6
2017-02-08,13:21:00,73.3
2017-02-08,13:31:00,73.7
2017-02-08,13:41:00,72.8
2017-02-08,13:51:00,74.5
2017-02-08,14:01:00,74.1
2017-02-08,14:11:00,75.4
2017-02-08,14:21:00,73.9
2017-02-08,14:31:00,76
2017-02-08,14:41:00,75.6
2017-02-08,14:51:00,73.6
2017-02-08,15:01:00,74.7
2017-02-08,15:11:00,76.9
2017-02-08,15:21:00,73.9
2017-02-08,15:31:00,76.4
2017-02-08,15:41:00,72.3
2017-02-08,15:51:00,76.2
2017-02-08,16:01:00,73.6
2017-02-08,16:11:00,76.7
2017-02-08,16:21:00,77
2017-02-08,16:31:00,75.9
2017-02-08,16:41:00,73.9
2017-02-08,16:51:00,77.9
2017-02-08,17:01:00,72.7
2017-02-08,17:11:00,71.6
2017-02-08,17:21:00,73.6
2017-02-08,17:31:00,75
2017-02-08,17:41:00,75.4
2017-02-08,17:51:00,74.4
2017-02-08,18:01:00,75.6
2017-02-08,18:11:00,75.6
2017-02-08,18:21:00,74.9
2017-02-08,18:31:00,74.9
2017-02-08,18:41:00,74.9
2017-02-08,18:51:00,72
2017-02-08,19:01:00,76.1
2017-02-08,19:11:00,75.8
2017-02-08,19:21:00,73
2017-02-08,19:31:00,73.1
2017-02-08,19:41:00,74.6
2017-02-08,19:51:00,74.6
2017-02-08,20:01:00,76.7
2017-02-08,20:11:00,74.4
2017-02-08,20:21:00,73.9
2017-02-08,20:31:00,79.4
2017-02-08,20:41:00,74.7
2017-02-08,20:51:00,77.6
2017-02-08,21:01:00,75.9
2017-02-08,21:11:00,76.7
2017-02-08,21:21:00,77.2
2017-02-08,21:31:00,74.8
2017-02-08,21:41:00,75
2017-02-08,21:51:00,75.4
2017-02-08,22:01:00,76.5
2017-02-08,22:11:00,73
2017-02-08,22:21:00,76.3
2017-02-08,22:31:00,73
2017-02-08,22:41:00,75.5
2017-02-08,22:51:00,74.3
2017-02-08,23:01:00,75.5
2017-02-08,23:11:00,72.1
2017-02-08,23:21:00,77.9
2017-02-08,23:31:00,77.1
2017-02-08,23:41:00,76.7
2017-02-08,23:51:00,76.1
2017-02-09,00:01:00,75.3
2017-02-09,00:11:00,73
2017-02-09,00:21:00,74.6
2017-02-09,00:31:00,75.5
2017-02-09,00:41:00,75.6
2017-02-09,00:51:00,74.3
2017-02-09,01:01:00,75.4
2017-02-09,01:11:00,76
2017-02-09,01:21:00,74.4
2017-02-09,01:31:00,76
2017-02-09,01:41:00,74.4
2017-02-09,01:51:00,76.2
2017-02-09,02:01:00,76
2017-02-09,02:11:00,76.4
2017-02-09,02:21:00,73.3
2017-02-09,02:31:00,76.5
2017-02-09,02:41:00,74.8
2017-02-09,02:51:00,74.3
2017-02-09,03:01:00,75.9
2017-02-09,03:11:00,75.6
2017-02-09,03:21:00,75.8
2017-02-09,03:31:00,75.7
2017-02-09,03:41:00,74.5
2017-02-09,03:51:00,76.9
2017-02-09,04:01:00,75.4
2017-02-09,04:11:00,76.9
2017-02-09,04:21:00,75.7
2017-02-09,04:31:00,73.7
2017-02-09,04:41:00,75
2017-02-09,04:51:00,75.8
2017-02-09,05:01:00,76.1
2017-02-09,05:11:00,75.2
2017-02-09,05:21:00,72.2
2017-02-09,05:31:00,72.1
2017-02-09,05:41:00,74.9
2017-02-09,05:51:00,74.8
2017-02-09,06:01:00,73.7
2017-02-09,06:11:00,74.5
2017-02-09,06:21:00,72.9
2017-02-09,06:31:00,76.6
2017-02-09,06:41:00,73.6
2017-02-09,06:51:00,74.5
2017-02-09,07:01:00,72
2017-02-09,07:11:00,71.6
2017-02-09,07:21:00,74.9
2017-02-09,07:31:00,74.5
2017-02-09,07:41:00,71.1
2017-02-09,07:51:00,77.6
2017-02-09,08:01:00,73.6
2017-02-09,08:11:00,76.4
2017-02-09,08:21:00,74.9
2017-02-09,08:31:00,75.1
2017-02-09,08:41:00,76.1
2017-02-09,08:51:00,73.5
2017-02-09,09:01:00,74
2017-02-09,09:11:00,76.8
2017-02-09,09:21:00,76.7
2017-02-09,09:31:00,73.7
2017-02-09,09:41:00,75
2017-02-09,09:51:00,74.5
2017-02-09,10:01:00,74.8
2017-02-09,10:11:00,74.1
2017-02-09,10:21:00,74.9
2017-02-09,10:31:00,74.2
2017-02-09,10:41:00,73.1
2017-02-09,10:51:00,72
2017-02-09,11:01:00,76
2017-02-09,11:11:00,75.3
2017-02-09,11:21:00,73.5
2017-02-09,11:31:00,72.5
2017-02-09,11:41:00,73.7
2017-02-09,11:51:00,75.4
2017-02-09,12:01:00,74.9
2017-02-09,12:11:00,72.9
2017-02-09,12:21:00,73.8
2017-02-09,12:31:00,74.2
2017-02-09,12:41:00,77.5
2017-02-09,12:51:00,75.4
2017-02-09,13:01:00,74.7
2017-02-09,13:11:00,75
2017-02-09,13:21:00,74.4
2017-02-09,13:31:00,76.4
2017-02-09,13:41:00,74.5
2017-02-09,13:51:00,76.2
2017-02-09,14:01:00,74.1
2017-02-09,14:11:00,75.6
2017-02-09,14:21:00,73.1
2017-02-09,14:31:00,72.6
2017-02-09,14:41:00,74.5
2017-02-09,14:51:00,72.1
2017-02-09,15:01:00,73.3
2017-02-09,15:11:00,74.2
2017-02-09,15:21:00,76.1
2017-02-09,15:31:00,74.1
2017-02-09,15:41:00,74.3
2017-02-09,15:51:00,74.4
2017-02-09,16:01:00,74.7
2017-02-09,16:11:00,75.5
2017-02-09,16:21:00,76.5
2017-02-09,16:31:00,74.9
2017-02-09,16:41:00,72.3
2017-02-09,16:51:00,73
2017-02-09,17:01:00,73.7
2017-02-09,17:11:00,76.3
2017-02-09,17:21:00,75.6
2017-02-09,17:31:00,73.8
2017-02-09,17:41:00,74.9
2017-02-09,17:51:00,73.6
2017-02-09,18:01:00,74.7
2017-02-09,18:11:00,75.9
2017-02-09,18:21:00,69.9
2017-02-09,18:31:00,73.5
2017-02-09,18:41:00,75.3
2017-02-09,18:51:00,75.5
2017-02-09,19:01:00,75.4
2017-02-09,19:11:00,77.1
2017-02-09,19:21:00,78.8
2017-02-09,19:31:00,74.8
2017-02-09,19:41:00,73.3
2017-02-09,19:51:00,75
2017-02-09,20:01:00,72.4
2017-02-09,20:11:00,73.5
2017-02-09,20:21:00,77.7
2017-02-09,20:31:00,73.9
2017-02-09,20:41:00,75.1
2017-02-09,20:51:00,72.5
2017-02-09,21:01:00,72.8
2017-02-09,21:11:00,73.6
2017-02-09,21:21:00,73.2
2017-02-09,21:31:00,77.6
2017-02-09,21:41:00,78.4
2017-02-09,21:51:00,75
2017-02-09,22:01:00,74.9
2017-02-09,22:11:00,73.1
2017-02-09,22:21:00,73.8
2017-02-09,22:31:00,71.4
2017-02-09,22:41:00,71.1
2017-02-09,22:51:00,74.6
2017-02-09,23:01:00,76.7
2017-02-09,23:11:00,74.4
2017-02-09,23:21:00,75.5
2017-02-09,23:31:00,74.8
2017-02-09,23:41:00,75.4
2017-02-09,23:51:00,72.5
2017-02-10,00:01:00,74.6
2017-02-10,00:11:00,72.2
2017-02-10,00:21:00,75.4
2017-02-10,00:31:00,76.6
2017-02-10,00:41:00,73.7
2017-02-10,00:51:00,73.6
2017-02-10,01:01:00,74.2
2017-02-10,01:11:00,75.4
2017-02-10,01:21:00,73.3
2017-02-10,01:31:00,75.4
2017-02-10,01:41:00,76.1
2017-02-10,01:51:00,73.2
2017-02-10,02:01:00,76.9
2017-02-10,02:11:00,76
2017-02-10,02:21:00,75.6
2017-02-10,02:31:00,74.5
2017-02-10,02:41:00,74.4
2017-02-10,02:51:00,76.5
2017-02-10,03:01:00,75.5
2017-02-10,03:11:00,75.5
2017-02-10,03:21:00,75.6
2017-02-10,03:31:00,74.7
2017-02-10,03:41:00,72.2
2017-02-10,03:51:00,77.2
2017-02-10,04:01:00,75.8
2017-02-10,04:11:00,75.2
2017-02-10,04:21:00,74.2
2017-02-10,04:31:00,73.1
2017-02-10,04:41:00,72.3
2017-02-10,04:51:00,73.3
2017-02-10,05:01:00,76.6
2017-02-10,05:11:00,73.7
2017-02-10,05:21:00,75.8
2017-02-10,05:31:00,73.2
2017-02-10,05:41:00,73.9
2017-02-10,05:51:00,73.5
2017-02-10,06:01:00,73.4
2017-02-10,06:11:00,74.3
2017-02-10,06:21:00,75.8
2017-02-10,06:31:00,75.5
2017-02-10,06:41:00,73.9
2017-02-10,06:51:00,76.6
2017-02-10,07:01:00,76.1
2017-02-10,07:11:00,77.1
2017-02-10,07:21:00,73.1
2017-02-10,07:31:00,74.8
2017-02-10,07:41:00,75.8
2017-02-10,07:51:00,73.4
2017-02-10,08:01:00,75.8
2017-02-10,08:39:00,77.3
2017-02-10,08:49:00,75.9
2017-02-10,08:59:00,75.5
2017-02-10,09:09:00,71.5
2017-02-10,09:19:00,74.2
2017-02-10,09:29:00,74.4
2017-02-10,09:39:00,72.1
2017-02-10,09:49:00,75.4
2017-02-10,09:59:00,74.9
2017-02-10,10:09:00,73.6
2017-02-10,10:19:00,74.7
2017-02-10,10:29:00,72.9
2017-02-10,10:39:00,75.3
2017-02-10,10:49:00,72.9
2017-02-10,10:59:00,74.3
2017-02-10,11:09:00,73.6
2017-02-10,11:19:00,75.2
2017-02-10,11:29:00,75.7
2017-02-10,11:39:00,74.4
2017-02-10,11:49:00,75
2017-02-10,11:59:00,75
2017-02-10,12:09:00,75.2
2017-02-10,12:19:00,77.1
2017-02-10,12:29:00,74.1
2017-02-10,12:39:00,74.9
2017-02-10,12:49:00,75.4
2017-02-10,12:59:00,74.3
2017-02-10,13:09:00,73.5
2017-02-10,13:19:00,75.9
2017-02-10,13:29:00,73.2
2017-02-10,13:39:00,73.6
2017-02-10,13:49:00,74.2
2017-02-10,13:59:00,77.7
2017-02-10,14:09:00,73.9
2017-02-10,14:19:00,74.7
2017-02-10,14:29:00,75.3
2017-02-10,14:39:00,74.4
2017-02-10,14:49:00,75.5
2017-02-10,14:59:00,71.3
2017-02-10,15:09:00,74.2
2017-02-10,15:19:00,72.1
2017-02-10,15:29:00,74.9
2017-02-10,15:39:00,74.7
2017-02-10,15:49:00,71.2
2017-02-10,15:59:00,74.5
2017-02-10,16:09:00,73.3
2017-02-10,16:19:00,73.3
2017-02-10,16:29:00,76.9
2017-02-10,16:39:00,77.3
2017-02-10,16:49:00,74.3
2017-02-10,16:59:00,74
2017-02-10,17:09:00,77.8
2017-02-10,17:19:00,77
2017-02-10,17:29:00,75.1
2017-02-10,17:39:00,74.3
2017-02-10,17:49:00,74.6
2017-02-10,17:59:00,73.9
2017-02-10,18:09:00,75.3
2017-02-10,18:19:00,74.5
2017-02-10,18:29:00,72.9
2017-02-10,18:39:00,72.6
2017-02-10,18:49:00,75.9
2017-02-10,18:59:00,75.7
2017-02-10,19:09:00,74.8
2017-02-10,19:19:00,74.9
2017-02-10,19:29:00,76.6
2017-02-10,19:39:00,77.5
2017-02-10,19:49:00,74.1
2017-02-10,19:59:00,74.2
2017-02-10,20:09:00,72.3
2017-02-10,20:19:00,73.3
2017-02-10,20:29:00,75.1
2017-02-10,20:39:00,73
2017-02-10,20:49:00,73.8
2017-02-10,20:59:00,73.7
2017-02-10,21:09:00,74.4
2017-02-10,21:19:00,75.1
2017-02-10,21:29:00,73.5
2017-02-10,21:39:00,75.4
2017-02-10,21:49:00,71.7
2017-02-10,21:59:00,74.6
2017-02-10,22:09:00,74.7
2017-02-10,22:19:00,74.8
2017-02-10,22:29:00,71.7
2017-02-10,22:39:00,74.2
2017-02-10,22:49:00,73.8
2017-02-10,22:59:00,73.9
2017-02-10,23:09:00,72.4
2017-02-10,23:19:00,72.3
2017-02-10,23:29:00,74.2
2017-02-10,23:39:00,73.8
2017-02-10,23:49:00,74
2017-02-10,23:59:00,74.3
2017-02-11,00:09:00,72
2017-02-11,00:19:00,75.5
2017-02-11,00:29:00,73.8
2017-02-11,00:39:00,72.9
2017-02-11,00:49:00,75
2017-02-11,00:59:00,72.5
2017-02-11,01:09:00,73.7
2017-02-11,01:19:00,75.1
2017-02-11,01:29:00,76.6
2017-02-11,01:39:00,73.3
2017-02-11,01:49:00,75.5
2017-02-11,01:59:00,74.1
2017-02-11,02:09:00,74
2017-02-11,02:19:00,71.7
2017-02-11,02:29:00,74
2017-02-11,02:39:00,75.6
2017-02-11,02:49:00,73.4
2017-02-11,02:59:00,75.9
2017-02-11,03:09:00,74.1
2017-02-11,03:19:00,74.5
2017-02-11,03:29:00,73.2
2017-02-11,03:39:00,70.8
2017-02-11,03:49:00,72.7
2017-02-11,03:59:00,74.9
2017-02-11,04:09:00,76.1
2017-02-11,04:19:00,75.9
2017-02-11,04:29:00,70.8
2017-02-11,04:39:00,72.6
2017-02-11,04:49:00,74.2
2017-02-11,04:59:00,71.8
2017-02-11,05:09:00,74.9
2017-02-11,05:19:00,73.1
2017-02-11,05:29:00,75.3
2017-02-11,05:39:00,72.4
2017-02-11,05:49:00,74.8
2017-02-11,05:59:00,77.4
2017-02-11,06:09:00,73.9
2017-02-11,06:19:00,73.4
2017-02-11,06:29:00,73.2
2017-02-11,06:39:00,75.9
2017-02-11,06:49:00,74.9
2017-02-11,06:59:00,70.8
2017-02-11,07:09:00,74.7
2017-02-11,07:19:00,74.2
2017-02-11,07:29:00,74.7
2017-02-11,07:39:00,75.9
2017-02-11,07:49:00,76.5
2017-02-11,07:59:00,74.7
2017-02-11,08:09:00,73.2
2017-02-11,08:19:00,74.7
2017-02-11,08:29:00,75.1
2017-02-11,08:39:00,72.9
2017-02-11,08:49:00,73.7
2017-02-11,08:59:00,73.2
2017-02-11,09:09:00,73.3
2017-02-11,09:19:00,72.5
2017-02-11,09:29:00,75.3
2017-02-11,09:39:00,74.6
2017-02-11,09:49:00,74.1
2017-02-11,09:59:00,75.8
2017-02-11,10:09:00,75.1
2017-02-11,10:19:00,73.3
2017-02-11,10:29:00,76
2017-02-11,10:39:00,74.3
2017-02-11,10:49:00,74.2
2017-02-11,10:59:00,72.9
2017-02-11,11:09:00,75
2017-02-11,11:19:00,75.9
2017-02-11,11:29:00,73.3
2017-02-11,11:39:00,73.2
2017-02-11,11:49:00,72.2
2017-02-11,11:59:00,74.7
2017-02-11,12:09:00,73.6
2017-02-11,12:19:00,74.5
2017-02-11,12:29:00,72.3
2017-02-11,12:39:00,74
2017-02-11,12:49:00,72.1
2017-02-11,12:59:00,74.6
2017-02-11,13:09:00,72.6
2017-02-11,13:19:00,73
2017-02-11,13:29:00,75.3
2017-02-11,13:39:00,72.1
2017-02-11,13:49:00,73.9
2017-02-11,13:59:00,71.1
2017-02-11,14:09:00,71.8
2017-02-11,14:19:00,74.5
2017-02-11,14:29:00,74.9
2017-02-11,14:39:00,73.2
2017-02-11,14:49:00,72.9
2017-02-11,14:59:00,75
2017-02-11,15:09:00,74
2017-02-11,15:19:00,78
2017-02-11,15:29:00,72.8
2017-02-11,15:39:00,77
2017-02-11,15:49:00,75.2
2017-02-11,15:59:00,74.3
2017-02-11,16:09:00,74.4
2017-02-11,16:19:00,74
2017-02-11,16:29:00,74.7
2017-02-11,16:39:00,73.5
2017-02-11,16:49:00,75.7
2017-02-11,16:59:00,75
2017-02-11,17:09:00,74.9
2017-02-11,17:19:00,77.1
2017-02-11,17:29:00,73.9
2017-02-11,17:39:00,76.4
2017-02-11,17:49:00,72.9
2017-02-11,17:59:00,74.4
2017-02-11,18:09:00,74.9
2017-02-11,18:19:00,75.5
2017-02-11,18:29:00,75
2017-02-11,18:39:00,73.9
2017-02-11,18:49:00,74.5
2017-02-11,18:59:00,74.7
2017-02-11,19:09:00,73.2
2017-02-11,19:19:00,75.6
2017-02-11,19:29:00,74.7
2017-02-11,19:39:00,74.1
2017-02-11,19:49:00,74
2017-02-11,19:59:00,76.8
2017-02-11,20:09:00,74.4
2017-02-11,20:19:00,72.3
2017-02-11,20:29:00,73.1
2017-02-11,20:39:00,76.9
2017-02-11,20:49:00,73.9
2017-02-11,20:59:00,73.8
2017-02-11,21:09:00,72
2017-02-11,21:19:00,75.7
2017-02-11,21:29:00,75.1
2017-02-11,21:39:00,75.3
2017-02-11,21:49:00,75.2
2017-02-11,21:59:00,74.1
2017-02-11,22:09:00,73.2
2017-02-11,22:19:00,75.3
2017-02-11,22:29:00,76.7
2017-02-11,22:39:00,72.8
2017-02-11,22:49:00,73
2017-02-11,22:59:00,75.2
2017-02-11,23:09:00,73.5
2017-02-11,23:19:00,74.7
2017-02-11,23:29:00,75.5
2017-02-11,23:39:00,74.5
2017-02-11,23:49:00,74
2017-02-11,23:59:00,73.8
2017-02-12,00:09:00,73.9
2017-02-12,00:19:00,77.4
2017-02-12,00:29:00,73.7
2017-02-12,00:39:00,74
2017-02-12,00:49:00,72.8
2017-02-12,00:59:00,75.8
2017-02-12,01:09:00,74.6
2017-02-12,01:19:00,73.7
2017-02-12,01:29:00,74.5
2017-02-12,01:39:00,75.4
2017-02-12,01:49:00,74.9
2017-02-12,01:59:00,76.1
2017-02-12,02:09:00,72.7
2017-02-12,02:19:00,73.4
2017-02-12,02:29:00,76.7
2017-02-12,02:39:00,74
2017-02-12,02:49:00,74.9
2017-02-12,02:59:00,74.5
2017-02-12,03:09:00,75.8
2017-02-12,03:19:00,75.7
2017-02-12,03:29:00,74
2017-02-12,03:39:00,76
2017-02-12,03:49:00,75.6
2017-02-12,03:59:00,75.5
2017-02-12,04:09:00,74.8
2017-02-12,04:19:00,73.3
2017-02-12,04:29:00,72.9
2017-02-12,04:39:00,73.8
2017-02-12,04:49:00,73.5
2017-02-12,04:59:00,74.1
2017-02-12,05:09:00,76.2
2017-02-12,05:19:00,75.7
2017-02-12,05:29:00,70.7
2017-02-12,05:39:00,74.5
2017-02-12,05:49:00,73.6
2017-02-12,05:59:00,73.8
2017-02-12,06:09:00,75.7
2017-02-12,06:19:00,75.1
2017-02-12,06:29:00,73.6
2017-02-12,06:39:00,73.6
2017-02-12,06:49:00,76.1
2017-02-12,06:59:00,72.9
2017-02-12,07:09:00,74
2017-02-12,07:19:00,75.9
2017-02-12,07:29:00,72.8
2017-02-12,07:39:00,72.9
2017-02-12,07:49:00,75.9
2017-02-12,07:59:00,77.6
2017-02-12,08:09:00,74.9
2017-02-12,08:19:00,75.2
2017-02-12,08:29:00,73.5
2017-02-12,08:39:00,72.7
2017-02-12,08:49:00,71.8
2017-02-12,08:59:00,73.3
2017-02-12,09:09:00,74.1
2017-02-12,09:19:00,73.9
2017-02-12,09:29:00,72.4
2017-02-12,09:39:00,74.3
2017-02-12,09:49:00,75.1
2017-02-12,09:59:00,73.1
2017-02-12,10:09:00,73.7
2017-02-12,10:19:00,74.1
2017-02-12,10:29:00,74.4
2017-02-12,10:39:00,74.8
2017-02-12,10:49:00,71.2
2017-02-12,10:59:00,73.9
2017-02-12,11:09:00,75.1
2017-02-12,11:19:00,76.2
2017-02-12,11:29:00,74.2
2017-02-12,11:39:00,76.1
2017-02-12,11:49:00,74.9
2017-02-12,11:59:00,75
2017-02-12,12:09:00,75.3
2017-02-12,12:19:00,71.3
2017-02-12,12:29:00,75.3
2017-02-12,12:39:00,74.3
2017-02-12,12:49:00,72.2
2017-02-12,12:59:00,72.4
2017-02-12,13:09:00,76.8
2017-02-12,13:19:00,75.9
2017-02-12,13:29:00,76.5
2017-02-12,13:39:00,74.2
2017-02-12,13:49:00,74.4
2017-02-12,13:59:00,74.1
2017-02-12,14:09:00,75.5
2017-02-12,14:19:00,73.8
2017-02-12,14:29:00,74.7
2017-02-12,14:39:00,74.9
2017-02-12,14:49:00,72.7
2017-02-12,14:59:00,76.3
2017-02-12,15:09:00,73
2017-02-12,15:19:00,77.3
2017-02-12,15:29:00,77.3
2017-02-12,15:39:00,74.2
2017-02-12,15:49:00,74.3
2017-02-12,15:59:00,73.4
2017-02-12,16:09:00,74.7
2017-02-12,16:19:00,76.9
2017-02-12,16:29:00,75.3
2017-02-12,16:39:00,75.6
2017-02-12,16:49:00,72.3
2017-02-12,16:59:00,74.6
2017-02-12,17:09:00,71.6
2017-02-12,17:19:00,76
2017-02-12,17:29:00,72.9
2017-02-12,17:39:00,75.4
2017-02-12,17:49:00,76.1
2017-02-12,17:59:00,74.1
2017-02-12,18:09:00,75.7
2017-02-12,18:19:00,73.4
2017-02-12,18:29:00,74.5
2017-02-12,18:39:00,78.1
2017-02-12,18:49:00,72.1
2017-02-12,18:59:00,74.6
2017-02-12,19:09:00,74.2
2017-02-12,19:19:00,76.2
2017-02-12,19:29:00,76
2017-02-12,19:39:00,76
2017-02-12,19:49:00,73.8
2017-02-12,19:59:00,75.4
2017-02-12,20:09:00,74.6
2017-02-12,20:19:00,73.9
2017-02-12,20:29:00,74.7
2017-02-12,20:39:00,74.7
2017-02-12,20:49:00,74.4
2017-02-12,20:59:00,74
2017-02-12,21:09:00,75.2
2017-02-12,21:19:00,74.5
2017-02-12,21:29:00,75
2017-02-12,21:39:00,72.6
2017-02-12,21:49:00,75.7
2017-02-12,21:59:00,74
2017-02-12,22:09:00,74
2017-02-12,22:19:00,75.6
2017-02-12,22:29:00,76.1
2017-02-12,22:39:00,75.8
2017-02-12,22:49:00,74.1
2017-02-12,22:59:00,75.5
2017-02-12,23:09:00,76.6
2017-02-12,23:19:00,73.7
2017-02-12,23:29:00,73.7
2017-02-12,23:39:00,78.3
2017-02-12,23:49:00,72.6
2017-02-12,23:59:00,73.4
2017-02-13,00:09:00,72.9
2017-02-13,00:19:00,73.1
2017-02-13,00:29:00,76.8
2017-02-13,00:39:00,75.4
2017-02-13,00:49:00,74.4
2017-02-13,00:59:00,74.6
2017-02-13,01:09:00,74.1
2017-02-13,01:19:00,74.7
2017-02-13,01:29:00,76.6
2017-02-13,01:39:00,76.2
2017-02-13,01:49:00,75.5
2017-02-13,01:59:00,74.9
2017-02-13,02:09:00,75.4
2017-02-13,02:19:00,72.4
2017-02-13,02:29:00,73.6
2017-02-13,02:39:00,78
2017-02-13,02:49:00,74.9
2017-02-13,02:59:00,76.8
2017-02-13,03:09:00,75.2
2017-02-13,03:19:00,76.4
2017-02-13,03:29:00,76.8
2017-02-13,03:39:00,76
2017-02-13,03:49:00,74.7
2017-02-13,03:59:00,72.3
2017-02-13,04:09:00,74
2017-02-13,04:19:00,76.7
2017-02-13,04:29:00,73.4
2017-02-13,04:39:00,73.9
2017-02-13,04:49:00,71.8
2017-02-13,04:59:00,75.5
2017-02-13,05:09:00,73.8
2017-02-13,05:19:00,74
2017-02-13,05:29:00,73.9
2017-02-13,05:39:00,73.6
2017-02-13,05:49:00,72.8
2017-02-13,05:59:00,74.6
2017-02-13,06:09:00,74
2017-02-13,06:19:00,74.4
2017-02-13,06:29:00,75.7
2017-02-13,06:39:00,77
2017-02-13,06:49:00,74.5
2017-02-13,06:59:00,73.9
2017-02-13,07:09:00,74.5
2017-02-13,07:19:00,76.7
2017-02-13,07:29:00,74.1
2017-02-13,07:39:00,74.2
2017-02-13,07:49:00,76.2
2017-02-13,07:59:00,76.7
2017-02-13,08:09:00,75.8
2017-02-13,08:19:00,73
2017-02-13,08:29:00,73.7
2017-02-13,08:39:00,76.4
2017-02-13,08:49:00,74.5
2017-02-13,08:59:00,74.4
2017-02-13,09:09:00,77.6
2017-02-13,09:19:00,74.6
2017-02-13,09:29:00,74.6
2017-02-13,09:39:00,74.7
2017-02-13,09:49:00,73.1
2017-02-13,09:59:00,75.6
2017-02-13,10:09:00,76.5
2017-02-13,10:19:00,75.3
2017-02-13,10:29:00,72.5
2017-02-13,10:39:00,71.9
2017-02-13,10:49:00,76.6
2017-02-13,10:59:00,73.6
2017-02-13,11:09:00,74.3
2017-02-13,11:19:00,73.5
2017-02-13,11:29:00,73.4
2017-02-13,11:39:00,73.5
2017-02-13,11:49:00,74.5
2017-02-13,11:59:00,74.5
2017-02-13,12:09:00,74.3
2017-02-13,12:19:00,74
2017-02-13,12:29:00,76
2017-02-13,12:39:00,72.7
2017-02-13,12:49:00,73.7
2017-02-13,12:59:00,74.4
2017-02-13,13:09:00,74.2
2017-02-13,13:19:00,78.2
2017-02-13,13:29:00,72.2
2017-02-13,13:39:00,74.6
2017-02-13,13:49:00,74.8
2017-02-13,13:59:00,78.5
2017-02-13,14:09:00,72.8
2017-02-13,14:19:00,73.1
2017-02-13,14:29:00,73.5
2017-02-13,14:39:00,75.7
2017-02-13,14:49:00,75
2017-02-13,14:59:00,74.5
2017-02-13,15:09:00,75.3
2017-02-13,15:19:00,74.1
2017-02-13,15:29:00,75
2017-02-13,15:39:00,71.8
2017-02-13,15:49:00,74
2017-02-13,15:59:00,73.2
2017-02-13,16:09:00,73.9
2017-02-13,16:19:00,76
2017-02-13,16:29:00,73.7
2017-02-13,16:39:00,76.4
2017-02-13,16:49:00,75.6
2017-02-13,16:59:00,74.5
2017-02-13,17:09:00,74.2
2017-02-13,17:19:00,75.5
2017-02-13,17:29:00,73.4
2017-02-13,17:39:00,73.1
2017-02-13,17:49:00,71
2017-02-13,17:59:00,72.5
2017-02-13,18:09:00,72.6
2017-02-13,18:19:00,76.3
2017-02-13,18:29:00,71.9
2017-02-13,18:39:00,74
2017-02-13,18:49:00,73.4
2017-02-13,18:59:00,75.7
2017-02-13,19:09:00,75.7
2017-02-13,19:19:00,72.4
2017-02-13,19:29:00,73.5
2017-02-13,19:39:00,74.8
2017-02-13,19:49:00,75.3
2017-02-13,19:59:00,74.3
2017-02-13,20:09:00,72.9
2017-02-13,20:19:00,73.1
2017-02-13,20:29:00,72.5
2017-02-13,20:39:00,74.2
2017-02-13,20:49:00,74.9
2017-02-13,20:59:00,75
2017-02-13,21:09:00,72.1
2017-02-13,21:19:00,75.1
2017-02-13,21:29:00,72.8
2017-02-13,21:39:00,74.7
2017-02-13,21:49:00,74.5
2017-02-13,21:59:00,75.7
2017-02-13,22:09:00,73.4
2017-02-13,22:19:00,72.7
2017-02-13,22:29:00,74.1
2017-02-13,22:39:00,74.6
2017-02-13,22:49:00,76.4
2017-02-13,22:59:00,73.9
2017-02-13,23:09:00,75.6
2017-02-13,23:19:00,74.6
2017-02-13,23:29:00,73.2
2017-02-13,23:39:00,74.2
2017-02-13,23:49:00,75.1
2017-02-13,23:59:00,76.9
2017-02-14,00:09:00,74.8
2017-02-14,00:19:00,74.8
2017-02-14,00:29:00,73.9
2017-02-14,00:39:00,73.1
2017-02-14,00:49:00,73.9
2017-02-14,00:59:00,74.3
2017-02-14,01:09:00,75.6
2017-02-14,01:19:00,76.8
2017-02-14,01:29:00,73.7
2017-02-14,01:39:00,73.4
2017-02-14,01:49:00,71.4
2017-02-14,01:59:00,74.3
2017-02-14,02:09:00,72
2017-02-14,02:19:00,71.7
2017-02-14,02:29:00,73.9
2017-02-14,02:39:00,73.2
2017-02-14,02:49:00,72.5
2017-02-14,02:59:00,72
2017-02-14,03:09:00,73.4
2017-02-14,03:19:00,75.3
2017-02-14,03:29:00,74.1
2017-02-14,03:39:00,76.9
2017-02-14,03:49:00,71.5
2017-02-14,03:59:00,75.4
2017-02-14,04:09:00,74.3
2017-02-14,04:19:00,76.2
2017-02-14,04:29:00,71.9
2017-02-14,04:39:00,71.7
2017-02-14,04:49:00,73.9
2017-02-14,04:59:00,74.1
2017-02-14,05:09:00,73.8
2017-02-14,05:19:00,73.6
2017-02-14,05:29:00,74.3
2017-02-14,05:39:00,72.2
2017-02-14,05:49:00,72.7
2017-02-14,05:59:00,73.3
2017-02-14,06:09:00,76.3
2017-02-14,06:19:00,70.8
2017-02-14,06:29:00,76.3
2017-02-14,06:39:00,76.2
2017-02-14,06:49:00,75.4
2017-02-14,06:59:00,74.4
2017-02-14,07:09:00,75.8
2017-02-14,07:19:00,73.8
2017-02-14,07:29:00,74.9
2017-02-14,07:39:00,74
2017-02-14,07:49:00,73.8
2017-02-14,07:59:00,73.4
2017-02-14,08:09:00,76.1
2017-02-14,08:19:00,74.2
2017-02-14,08:29:00,73.1
2017-02-14,08:39:00,74.9
2017-02-14,08:49:00,74.5
2017-02-14,08:59:00,73.3
2017-02-14,09:09:00,73
2017-02-14,09:19:00,74.1
2017-02-14,09:29:00,74.2
2017-02-14,09:39:00,72.5
2017-02-14,09:49:00,75
2017-02-14,09:59:00,72.9
2017-02-14,10:09:00,75.2
2017-02-14,10:19:00,72.8
2017-02-14,10:29:00,72.7
2017-02-14,10:39:00,75.5
2017-02-14,10:49:00,72.9
2017-02-14,10:59:00,73.4
2017-02-14,11:09:00,73.5
2017-02-14,11:19:00,77.3
2017-02-14,11:29:00,74.7
2017-02-14,11:39:00,72.6
2017-02-14,11:49:00,73
2017-02-14,11:59:00,75.6
2017-02-14,12:09:00,72.3
2017-02-14,12:19:00,72.8
2017-02-14,12:29:00,72.8
2017-02-14,12:39:00,74.6
2017-02-14,12:49:00,74.9
2017-02-14,12:59:00,74.7
2017-02-14,13:09:00,75.7
2017-02-14,13:19:00,76.2
2017-02-14,13:29:00,75.8
2017-02-14,13:39:00,76.8
2017-02-14,13:49:00,75.7
2017-02-14,13:59:00,73.6
2017-02-14,14:09:00,74.2
2017-02-14,14:19:00,76.2
2017-02-14,14:29:00,74.1
2017-02-14,14:39:00,72.9
2017-02-14,14:49:00,76.7
2017-02-14,14:59:00,73.8
2017-02-14,15:09:00,73
2017-02-14,15:19:00,73.4
2017-02-14,15:29:00,73.6
2017-02-14,15:39:00,74.2
2017-02-14,15:49:00,75.5
2017-02-14,15:59:00,75.8
2017-02-14,16:09:00,73.5
2017-02-14,16:19:00,77.9
2017-02-14,16:29:00,76.3
2017-02-14,16:39:00,72.5
2017-02-14,16:49:00,78
2017-02-14,16:59:00,74.3
2017-02-14,17:09:00,76.2
2017-02-14,17:19:00,73.5
2017-02-14,17:29:00,74
2017-02-14,17:39:00,75.1
2017-02-14,17:49:00,73.9
2017-02-14,17:59:00,71.1
2017-02-14,18:09:00,73.9
2017-02-14,18:19:00,72.5
2017-02-14,18:29:00,74.1
2017-02-14,18:39:00,74.9
2017-02-14,18:49:00,73.3
2017-02-14,18:59:00,76.8
2017-02-14,19:09:00,75.1
2017-02-14,19:19:00,73.3
2017-02-14,19:29:00,73.5
2017-02-14,19:39:00,77.4
2017-02-14,19:49:00,74.5
2017-02-14,19:59:00,74.9
2017-02-14,20:09:00,75.1
2017-02-14,20:19:00,74.7
2017-02-14,20:29:00,77.1
2017-02-14,20:39:00,75.2
2017-02-14,20:49:00,74.3
2017-02-14,20:59:00,73.1
2017-02-14,21:09:00,77.4
2017-02-14,21:19:00,74.1
2017-02-14,21:29:00,74.3
2017-02-14,21:39:00,77.4
2017-02-14,21:49:00,74.1
2017-02-14,21:59:00,74.2
2017-02-14,22:09:00,74.3
2017-02-14,22:19:00,75.5
2017-02-14,22:29:00,74.5
2017-02-14,22:39:00,73
2017-02-14,22:49:00,72.1
2017-02-14,22:59:00,76.4
2017-02-14,23:09:00,75.9
2017-02-14,23:19:00,74.6
2017-02-14,23:29:00,77.1
2017-02-14,23:39:00,74.7
2017-02-14,23:49:00,73.7
2017-02-14,23:59:00,76.4
2017-02-15,00:09:00,72.6
2017-02-15,00:19:00,73
2017-02-15,00:29:00,79.6
2017-02-15,00:39:00,73.5
2017-02-15,00:49:00,71.5
2017-02-15,00:59:00,75.4
2017-02-15,01:09:00,74.3
2017-02-15,01:19:00,73.6
2017-02-15,01:29:00,73.8
2017-02-15,01:39:00,73.2
2017-02-15,01:49:00,75.1
2017-02-15,01:59:00,75.4
2017-02-15,02:09:00,76
2017-02-15,02:19:00,73.7
2017-02-15,02:29:00,73.1
2017-02-15,02:39:00,72.1
2017-02-15,02:49:00,75.8
2017-02-15,02:59:00,72
2017-02-15,03:09:00,74.8
2017-02-15,03:19:00,75.6
2017-02-15,03:29:00,74.3
2017-02-15,03:39:00,71.2
2017-02-15,03:49:00,73.5
2017-02-15,03:59:00,78
2017-02-15,04:09:00,73.9
2017-02-15,04:19:00,74.1
2017-02-15,04:29:00,74.1
2017-02-15,04:39:00,75.7
2017-02-15,04:49:00,76.5
2017-02-15,04:59:00,74.6
2017-02-15,05:09:00,73.2
2017-02-15,05:19:00,74.1
2017-02-15,05:29:00,74.4
2017-02-15,05:39:00,74.2
2017-02-15,05:49:00,71.7
2017-02-15,05:59:00,72.7
2017-02-15,06:09:00,73.7
2017-02-15,06:19:00,71
2017-02-15,06:29:00,71.2
2017-02-15,06:39:00,72.1
2017-02-15,06:49:00,72.9
2017-02-15,06:59:00,76.7
2017-02-15,07:09:00,75.6
2017-02-15,07:19:00,74.8
2017-02-15,07:29:00,75.6
2017-02-15,07:39:00,73.3
2017-02-15,07:49:00,73.3
2017-02-15,07:59:00,73.7
2017-02-15,08:09:00,73.1
2017-02-15,08:19:00,75
2017-02-15,08:29:00,73.9
2017-02-15,08:39:00,72.4
2017-02-15,08:49:00,72.5
2017-02-15,08:59:00,74.4
2017-02-15,09:09:00,75.5
2017-02-15,09:19:00,72.5
2017-02-15,09:29:00,76
2017-02-15,09:39:00,75.1
2017-02-15,09:49:00,74.6
2017-02-15,09:59:00,74.4
2017-02-15,10:09:00,74.5
2017-02-15,10:19:00,74.9
2017-02-15,10:29:00,73.8
2017-02-15,10:39:00,74.3
2017-02-15,10:49:00,74.1
2017-02-15,10:59:00,75.7
2017-02-15,11:09:00,74.4
2017-02-15,11:19:00,74.7
2017-02-15,11:29:00,74.6
2017-02-15,11:39:00,74.9
2017-02-15,11:49:00,76.2
2017-02-15,11:59:00,73.9
2017-02-15,12:09:00,74.5
2017-02-15,12:19:00,77.3
2017-02-15,12:29:00,72.9
2017-02-15,12:39:00,75.7
2017-02-15,12:49:00,73.5
2017-02-15,12:59:00,75.9
2017-02-15,13:09:00,75.3
2017-02-15,13:19:00,74.6
2017-02-15,13:29:00,72.6
2017-02-15,13:39:00,74.4
2017-02-15,13:49:00,74
2017-02-15,13:59:00,74.3
2017-02-15,14:09:00,74.2
2017-02-15,14:19:00,76.7
2017-02-15,14:29:00,74.2
2017-02-15,14:39:00,73.8
2017-02-15,14:49:00,75
2017-02-15,14:59:00,74.9
2017-02-15,15:09:00,75.5
2017-02-15,15:19:00,73.9
2017-02-15,15:29:00,73.4
2017-02-15,15:39:00,73.2
2017-02-15,15:49:00,73.7
2017-02-15,15:59:00,71.7
2017-02-15,16:09:00,75.7
2017-02-15,16:19:00,74.7
2017-02-15,16:29:00,71.9
2017-02-15,16:39:00,77.6
2017-02-15,16:49:00,74
2017-02-15,16:59:00,77.1
2017-02-15,17:09:00,77.5
2017-02-15,17:19:00,76.4
2017-02-15,17:29:00,75.6
2017-02-15,17:39:00,75.6
2017-02-15,17:49:00,75.9
2017-02-15,17:59:00,75.1
2017-02-15,18:09:00,74.7
2017-02-15,18:19:00,73.3
2017-02-15,18:29:00,73.9
2017-02-15,18:39:00,74.6
2017-02-15,18:49:00,77.5
2017-02-15,18:59:00,76.3
2017-02-15,19:09:00,73.8
2017-02-15,19:19:00,75
2017-02-15,19:29:00,75.4
2017-02-15,19:39:00,75.1
2017-02-15,19:49:00,74.8
2017-02-15,19:59:00,73.1
2017-02-15,20:09:00,75
2017-02-15,20:19:00,75.7
2017-02-15,20:29:00,74.1
2017-02-15,20:39:00,75
2017-02-15,20:49:00,73.4
2017-02-15,20:59:00,77.2
2017-02-15,21:09:00,72.1
2017-02-15,21:19:00,74.6
2017-02-15,21:29:00,74.1
2017-02-15,21:39:00,73.9
2017-02-15,21:49:00,74.7
2017-02-15,21:59:00,76
2017-02-15,22:09:00,75.8
2017-02-15,22:19:00,75.8
2017-02-15,22:29:00,76.2
2017-02-15,22:39:00,77.8
2017-02-15,22:49:00,77
2017-02-15,22:59:00,76.4
2017-02-15,23:09:00,75.8
2017-02-15,23:19:00,76.2
2017-02-15,23:29:00,74.3
2017-02-15,23:39:00,76.4
2017-02-15,23:49:00,75.2
2017-02-15,23:59:00,73.5
2017-02-16,00:09:00,76.5
2017-02-16,00:19:00,76.3
2017-02-16,00:29:00,77.3
2017-02-16,00:39:00,72.8
2017-02-16,00:49:00,76.9
2017-02-16,00:59:00,75.6
2017-02-16,01:09:00,73.4
2017-02-16,01:19:00,80.5
2017-02-16,01:29:00,77.8
2017-02-16,01:39:00,74.3
2017-02-16,01:49:00,74.6
2017-02-16,01:59:00,74.7
2017-02-16,02:09:00,77
2017-02-16,02:19:00,73.2
2017-02-16,02:29:00,73.4
2017-02-16,02:39:00,73.7
2017-02-16,02:49:00,77.1
2017-02-16,02:59:00,73.5
2017-02-16,03:09:00,74.2
2017-02-16,03:19:00,75.5
2017-02-16,03:29:00,76.3
2017-02-16,03:39:00,74.7
2017-02-16,03:49:00,73.9
2017-02-16,03:59:00,75.5
2017-02-16,04:09:00,74.2
2017-02-16,04:19:00,74.9
2017-02-16,04:29:00,73.2
2017-02-16,04:39:00,74.7
2017-02-16,04:49:00,73.5
2017-02-16,04:59:00,73.4
2017-02-16,05:09:00,72.7
2017-02-16,05:19:00,73.9
2017-02-16,05:29:00,76.6
2017-02-16,05:39:00,75.7
2017-02-16,05:49:00,75.2
2017-02-16,05:59:00,73.5
2017-02-16,06:09:00,76.9
2017-02-16,06:19:00,72.9
2017-02-16,06:29:00,76
2017-02-16,06:39:00,78.3
2017-02-16,06:49:00,75.9
2017-02-16,06:59:00,76.6
2017-02-16,07:09:00,74.8
2017-02-16,07:19:00,76.3
2017-02-16,07:29:00,76.3
2017-02-16,07:39:00,75.3
2017-02-16,07:49:00,73.8
2017-02-16,07:59:00,74.7
2017-02-16,08:09:00,74.6
2017-02-16,08:19:00,75.3
2017-02-16,08:29:00,76.4
2017-02-16,08:39:00,74.4
2017-02-16,08:49:00,74.2
2017-02-16,08:59:00,74.4
2017-02-16,09:09:00,74.8
2017-02-16,09:19:00,75.3
2017-02-16,09:29:00,72.3
2017-02-16,09:39:00,73.7
2017-02-16,09:49:00,75.4
2017-02-16,09:59:00,73.4
2017-02-16,10:09:00,74.6
2017-02-16,10:19:00,74.8
2017-02-16,10:29:00,73.3
2017-02-16,10:39:00,73.9
2017-02-16,10:49:00,73.8
2017-02-16,10:59:00,76.1
2017-02-16,11:09:00,73.3
2017-02-16,11:19:00,77.1
2017-02-16,11:29:00,74.3
2017-02-16,11:39:00,75.7
2017-02-16,11:49:00,74.8
2017-02-16,11:59:00,75.6
2017-02-16,12:09:00,76.5
2017-02-16,12:19:00,74.3
2017-02-16,12:29:00,75.3
2017-02-16,12:39:00,75.6
2017-02-16,12:49:00,76.5
2017-02-16,12:59:00,74.9
2017-02-16,13:09:00,74.1
2017-02-16,13:19:00,75.2
2017-02-16,13:29:00,77.6
2017-02-16,13:39:00,77.7
2017-02-16,13:49:00,76.9
2017-02-16,13:59:00,74.2
2017-02-16,14:09:00,76.2
2017-02-16,14:19:00,72.9
2017-02-16,14:29:00,72.3
2017-02-16,14:39:00,75.4
2017-02-16,14:49:00,77.1
2017-02-16,14:59:00,77.3
2017-02-16,15:09:00,75.7
2017-02-16,15:19:00,73.8
2017-02-16,15:29:00,75.9
2017-02-16,15:39:00,74
2017-02-16,15:49:00,75.4
2017-02-16,15:59:00,75
2017-02-16,16:09:00,75.2
2017-02-16,16:19:00,74.2
2017-02-16,16:29:00,75.6
2017-02-16,16:39:00,74.7
2017-02-16,16:49:00,72.5
2017-02-16,16:59:00,76.2
2017-02-16,17:09:00,76.8
2017-02-16,17:19:00,75.5
2017-02-16,17:29:00,75.7
2017-02-16,17:39:00,80.6
2017-02-16,17:49:00,75.2
2017-02-16,17:59:00,75.1
2017-02-16,18:09:00,73.7
2017-02-16,18:19:00,76
2017-02-16,18:29:00,74.3
2017-02-16,18:39:00,73.5
2017-02-16,18:49:00,75.3
2017-02-16,18:59:00,76.2
2017-02-16,19:09:00,73.6
2017-02-16,19:19:00,75.9
2017-02-16,19:29:00,73.9
2017-02-16,19:39:00,76.1
2017-02-16,19:49:00,76.9
2017-02-16,19:59:00,76.4
2017-02-16,20:09:00,74.7
2017-02-16,20:19:00,73.6
2017-02-16,20:29:00,72.8
2017-02-16,20:39:00,72.4
2017-02-16,20:49:00,73.2
2017-02-16,20:59:00,74.8
2017-02-16,21:09:00,73.8
2017-02-16,21:19:00,75.5
2017-02-16,21:29:00,77.3
2017-02-16,21:39:00,76.3
2017-02-16,21:49:00,75.4
2017-02-16,21:59:00,77.3
2017-02-16,22:09:00,75
2017-02-16,22:19:00,72.3
2017-02-16,22:29:00,77.2
2017-02-16,22:39:00,74.7
2017-02-16,22:49:00,74.2
2017-02-16,22:59:00,74.5
2017-02-16,23:09:00,78.2
2017-02-16,23:19:00,77.8
2017-02-16,23:29:00,78.3
2017-02-16,23:39:00,76.4
2017-02-16,23:49:00,77.1
2017-02-16,23:59:00,75.8
2017-02-17,00:09:00,74.6
2017-02-17,00:19:00,75.9
2017-02-17,00:29:00,75.7
2017-02-17,00:39:00,79
2017-02-17,00:49:00,76.3
2017-02-17,00:59:00,75.8
2017-02-17,01:09:00,73.3
2017-02-17,01:19:00,77.5
2017-02-17,01:29:00,76.4
2017-02-17,01:39:00,73.6
2017-02-17,01:49:00,76.1
2017-02-17,01:59:00,71.8
2017-02-17,02:09:00,76.8
2017-02-17,02:19:00,77.6
2017-02-17,02:29:00,76.2
2017-02-17,02:39:00,75.6
2017-02-17,02:49:00,75.5
2017-02-17,02:59:00,75.1
2017-02-17,03:09:00,76.8
2017-02-17,03:19:00,78.5
2017-02-17,03:29:00,76.2
2017-02-17,03:39:00,74.4
2017-02-17,03:49:00,73.8
2017-02-17,03:59:00,77
2017-02-17,04:09:00,76
2017-02-17,04:19:00,77.9
2017-02-17,04:29:00,80.2
2017-02-17,04:39:00,77.8
2017-02-17,04:49:00,73.9
2017-02-17,04:59:00,76.7
2017-02-17,05:09:00,74.7
2017-02-17,05:19:00,73.3
2017-02-17,05:29:00,76.4
2017-02-17,05:39:00,75.8
2017-02-17,05:49:00,75.9
2017-02-17,05:59:00,76.7
2017-02-17,06:09:00,76.4
2017-02-17,06:19:00,75.5
2017-02-17,06:29:00,75.7
2017-02-17,06:39:00,79.1
2017-02-17,06:49:00,77.7
2017-02-17,06:59:00,76.3
2017-02-17,07:09:00,74.4
2017-02-17,07:19:00,74.9
2017-02-17,07:29:00,77.3
2017-02-17,07:39:00,74.9
2017-02-17,07:49:00,76.6
2017-02-17,07:59:00,75.2
2017-02-17,08:09:00,75.9
2017-02-17,08:19:00,76.3
2017-02-17,08:29:00,75.6
2017-02-17,08:39:00,75.9
2017-02-17,08:49:00,76.9
2017-02-17,08:59:00,73.8
2017-02-17,09:09:00,79
2017-02-17,09:19:00,78.5
2017-02-17,09:29:00,73.7
2017-02-17,09:39:00,78.3
2017-02-17,09:49:00,76.7
2017-02-17,09:59:00,75.8
2017-02-17,10:09:00,76
2017-02-17,10:19:00,76
2017-02-17,10:29:00,77.4
2017-02-17,10:39:00,76.6
2017-02-17,10:49:00,76.1
2017-02-17,10:59:00,75.6
2017-02-17,11:09:00,78.3
2017-02-17,11:19:00,78.2
2017-02-17,11:29:00,78.1
2017-02-17,11:39:00,75.9
2017-02-17,11:49:00,76.5
2017-02-17,11:59:00,76
2017-02-17,12:09:00,77.9
2017-02-17,12:19:00,77.6
2017-02-17,12:29:00,78.1
2017-02-17,12:39:00,73.2
2017-02-17,12:49:00,78.9
2017-02-17,12:59:00,76.3
2017-02-17,13:09:00,78.6
2017-02-17,13:19:00,78.3
2017-02-17,13:29:00,76.5
2017-02-17,13:39:00,74.9
2017-02-17,13:49:00,76.6
2017-02-17,13:59:00,76.7
2017-02-17,14:09:00,73.5
2017-02-17,14:19:00,77.5
2017-02-17,14:29:00,79.2
2017-02-17,14:39:00,73.2
2017-02-17,14:49:00,79.5
2017-02-17,14:59:00,77.4
2017-02-17,15:09:00,77.7
2017-02-17,15:19:00,74.3
2017-02-17,15:29:00,75.7
2017-02-17,15:39:00,74.9
2017-02-17,15:49:00,75.6
2017-02-17,15:59:00,76.2
2017-02-17,16:09:00,75
2017-02-17,16:19:00,77.2
2017-02-17,16:29:00,77.1
2017-02-17,16:39:00,73.8
2017-02-17,16:49:00,76.6
2017-02-17,16:59:00,75.5
2017-02-17,17:09:00,75.2
2017-02-17,17:19:00,79.6
2017-02-17,17:29:00,76.2
2017-02-17,17:39:00,75
2017-02-17,17:49:00,74.9
2017-02-17,17:59:00,75
2017-02-17,18:09:00,75
2017-02-17,18:19:00,76.9
2017-02-17,18:29:00,76.4
2017-02-17,18:39:00,77.1
2017-02-17,18:49:00,73.4
2017-02-17,18:59:00,74
2017-02-17,19:09:00,73.9
2017-02-17,19:19:00,76.2
2017-02-17,19:29:00,76.6
2017-02-17,19:39:00,72.8
2017-02-17,19:49:00,75.8
2017-02-17,19:59:00,78.8
2017-02-17,20:09:00,75.2
2017-02-17,20:19:00,78.2
2017-02-17,20:29:00,76
2017-02-17,20:39:00,74.5
2017-02-17,20:49:00,78.5
2017-02-17,20:59:00,75.1
2017-02-17,21:09:00,77.8
2017-02-17,21:19:00,76.8
2017-02-17,21:29:00,78.9
2017-02-17,21:39:00,76.9
2017-02-17,21:49:00,80.7
2017-02-17,21:59:00,74.1
2017-02-17,22:09:00,74.6
2017-02-17,22:19:00,78.1
2017-02-17,22:29:00,74.9
2017-02-17,22:39:00,75.4
2017-02-17,22:49:00,75
2017-02-17,22:59:00,77.2
2017-02-17,23:09:00,73.9
2017-02-17,23:19:00,76.6
2017-02-17,23:29:00,76.5
2017-02-17,23:39:00,77.5
2017-02-17,23:49:00,73.7
2017-02-17,23:59:00,74.8
2017-02-18,00:09:00,73.9
2017-02-18,00:19:00,75.7
2017-02-18,00:29:00,74.2
2017-02-18,00:39:00,76.4
2017-02-18,00:49:00,75.9
2017-02-18,00:59:00,74.2
2017-02-18,01:09:00,72.8
2017-02-18,01:19:00,77.5
2017-02-18,01:29:00,75.2
2017-02-18,01:39:00,76
2017-02-18,01:49:00,77.5
2017-02-18,01:59:00,77.7
2017-02-18,02:09:00,73.7
2017-02-18,02:19:00,74.4
2017-02-18,02:29:00,76.1
2017-02-18,02:39:00,74.3
2017-02-18,02:49:00,75.2
2017-02-18,02:59:00,72.6
2017-02-18,03:09:00,75.5
2017-02-18,03:19:00,73.7
2017-02-18,03:29:00,77
2017-02-18,03:39:00,77.7
2017-02-18,03:49:00,78
2017-02-18,03:59:00,76.3
2017-02-18,04:09:00,76.8
2017-02-18,04:19:00,72
2017-02-18,04:29:00,76.3
2017-02-18,04:39:00,74.7
2017-02-18,04:49:00,75.6
2017-02-18,04:59:00,74.5
2017-02-18,05:09:00,75.4
2017-02-18,05:19:00,75.1
2017-02-18,05:29:00,77.1
2017-02-18,05:39:00,73.3
2017-02-18,05:49:00,77.2
2017-02-18,05:59:00,74.9
2017-02-18,06:09:00,76.9
2017-02-18,06:19:00,77.3
2017-02-18,06:29:00,75.4
2017-02-18,06:39:00,73.1
2017-02-18,06:49:00,75.3
2017-02-18,06:59:00,75.8
2017-02-18,07:09:00,74.7
2017-02-18,07:19:00,77.8
2017-02-18,07:29:00,74
2017-02-18,07:39:00,74.3
2017-02-18,07:49:00,75.7
2017-02-18,07:59:00,77.4
2017-02-18,08:09:00,74.9
2017-02-18,08:19:00,74.3
2017-02-18,08:29:00,78.6
2017-02-18,08:39:00,77.1
2017-02-18,08:49:00,77.3
2017-02-18,08:59:00,77.2
2017-02-18,09:09:00,75.1
2017-02-18,09:19:00,74.9
2017-02-18,09:29:00,78.8
2017-02-18,09:39:00,77.1
2017-02-18,09:49:00,77.3
2017-02-18,09:59:00,77
2017-02-18,10:09:00,77.4
2017-02-18,10:19:00,75.8
2017-02-18,10:29:00,75.1
2017-02-18,10:39:00,75.8
2017-02-18,10:49:00,75.2
2017-02-18,10:59:00,73.7
2017-02-18,11:09:00,74.2
2017-02-18,11:19:00,73.1
2017-02-18,11:29:00,74.5
2017-02-18,11:39:00,74.4
2017-02-18,11:49:00,76.3
2017-02-18,11:59:00,75.4
2017-02-18,12:09:00,77
2017-02-18,12:19:00,75.4
2017-02-18,12:29:00,78.9
2017-02-18,12:39:00,75.7
2017-02-18,12:49:00,74
2017-02-18,12:59:00,76
2017-02-18,13:09:00,76.5
2017-02-18,13:19:00,74.6
2017-02-18,13:29:00,75.7
2017-02-18,13:39:00,75.6
2017-02-18,13:49:00,78.3
2017-02-18,13:59:00,75
2017-02-18,14:09:00,76.3
2017-02-18,14:19:00,76.8
2017-02-18,14:29:00,75.7
2017-02-18,14:39:00,78.2
2017-02-18,14:49:00,74.4
2017-02-18,14:59:00,76.8
2017-02-18,15:09:00,73.4
2017-02-18,15:19:00,75.5
2017-02-18,15:29:00,75.7
2017-02-18,15:39:00,79
2017-02-18,15:49:00,74.1
2017-02-18,15:59:00,75.6
2017-02-18,16:09:00,76.3
2017-02-18,16:19:00,75.5
2017-02-18,16:29:00,75.1
2017-02-18,16:39:00,75.4
2017-02-18,16:49:00,73.6
2017-02-18,16:59:00,74.2
2017-02-18,17:09:00,73.9
2017-02-18,17:19:00,77.8
2017-02-18,17:29:00,75.9
2017-02-18,17:39:00,74.4
2017-02-18,17:49:00,75
2017-02-18,17:59:00,73.6
2017-02-18,18:09:00,75.8
2017-02-18,18:19:00,75
2017-02-18,18:29:00,74
2017-02-18,18:39:00,76
2017-02-18,18:49:00,72
2017-02-18,18:59:00,72.9
2017-02-18,19:09:00,74.8
2017-02-18,19:19:00,74.5
2017-02-18,19:29:00,74.2
2017-02-18,19:39:00,77.5
2017-02-18,19:49:00,75.7
2017-02-18,19:59:00,75.4
2017-02-18,20:09:00,75.4
2017-02-18,20:19:00,77.6
2017-02-18,20:29:00,73.5
2017-02-18,20:39:00,75.2
2017-02-18,20:49:00,75.7
2017-02-18,20:59:00,73.9
2017-02-18,21:09:00,74.1
2017-02-18,21:19:00,73.9
2017-02-18,21:29:00,72.3
2017-02-18,21:39:00,74.9
2017-02-18,21:49:00,76.5
2017-02-18,21:59:00,76.6
2017-02-18,22:09:00,74.1
2017-02-18,22:19:00,76.8
2017-02-18,22:29:00,74.6
2017-02-18,22:39:00,74
2017-02-18,22:49:00,73.3
2017-02-18,22:59:00,72.8
2017-02-18,23:09:00,74.4
2017-02-18,23:19:00,76
2017-02-18,23:29:00,76.4
2017-02-18,23:39:00,72.8
2017-02-18,23:49:00,74.3
2017-02-18,23:59:00,75
2017-02-19,00:09:00,74.2
2017-02-19,00:19:00,73.8
2017-02-19,00:29:00,74.8
2017-02-19,00:39:00,75.9
2017-02-19,00:49:00,78.7
2017-02-19,00:59:00,75.5
2017-02-19,01:09:00,75.4
2017-02-19,01:19:00,77.3
2017-02-19,01:29:00,75.3
2017-02-19,01:39:00,75.3
2017-02-19,01:49:00,72.6
2017-02-19,01:59:00,76.4
2017-02-19,02:09:00,73.2
2017-02-19,02:19:00,76
2017-02-19,02:29:00,76.4
2017-02-19,02:39:00,76.9
2017-02-19,02:49:00,75.7
2017-02-19,02:59:00,75.7
2017-02-19,03:09:00,74.5
2017-02-19,03:19:00,74.9
2017-02-19,03:29:00,74.1
2017-02-19,03:39:00,73.5
2017-02-19,03:49:00,76.2
2017-02-19,03:59:00,76.2
2017-02-19,04:09:00,73.4
2017-02-19,04:19:00,76
2017-02-19,04:29:00,75.9
2017-02-19,04:39:00,73.3
2017-02-19,04:49:00,75.1
2017-02-19,04:59:00,74.7
2017-02-19,05:09:00,78.3
2017-02-19,05:19:00,75.2
2017-02-19,05:29:00,77.9
2017-02-19,05:39:00,76.9
2017-02-19,05:49:00,72.9
2017-02-19,05:59:00,76.1
2017-02-19,06:09:00,74.9
2017-02-19,06:19:00,77.4
2017-02-19,06:29:00,76.5
2017-02-19,06:39:00,76.2
2017-02-19,06:49:00,75.5
2017-02-19,06:59:00,75.7
2017-02-19,07:09:00,77.7
2017-02-19,07:19:00,77.8
2017-02-19,07:29:00,78.7
2017-02-19,07:39:00,74.6
2017-02-19,07:49:00,75.6
2017-02-19,07:59:00,76.9
2017-02-19,08:09:00,76.1
2017-02-19,08:19:00,73.5
2017-02-19,08:29:00,72.1
2017-02-19,08:39:00,75.9
2017-02-19,08:49:00,74.7
2017-02-19,08:59:00,76.5
2017-02-19,09:09:00,75.3
2017-02-19,09:19:00,74.8
2017-02-19,09:29:00,75.9
2017-02-19,09:39:00,78.6
2017-02-19,09:49:00,75.7
2017-02-19,09:59:00,74.3
2017-02-19,10:09:00,75.7
2017-02-19,10:19:00,77.1
2017-02-19,10:29:00,76.4
2017-02-19,10:39:00,75.2
2017-02-19,10:49:00,72.8
2017-02-19,10:59:00,76.6
2017-02-19,11:09:00,75.1
2017-02-19,11:19:00,77.1
2017-02-19,11:29:00,79.3
2017-02-19,11:39:00,76.6
2017-02-19,11:49:00,75.6
2017-02-19,11:59:00,75.5
2017-02-19,12:09:00,76.5
2017-02-19,12:19:00,76.2
2017-02-19,12:29:00,74.2
2017-02-19,12:39:00,76.6
2017-02-19,12:49:00,76.8
2017-02-19,12:59:00,79.6
2017-02-19,13:09:00,74.2
2017-02-19,13:19:00,79
2017-02-19,13:29:00,76.6
2017-02-19,13:39:00,77.3
2017-02-19,13:49:00,77
2017-02-19,13:59:00,75.8
2017-02-19,14:09:00,75.7
2017-02-19,14:19:00,77.6
2017-02-19,14:29:00,73.6
2017-02-19,14:39:00,74.8
2017-02-19,14:49:00,75.5
2017-02-19,14:59:00,77.3
2017-02-19,15:09:00,74.2
2017-02-19,15:19:00,75.1
2017-02-19,15:29:00,76.8
2017-02-19,15:39:00,75.8
2017-02-19,15:49:00,75.4
2017-02-19,15:59:00,75.3
2017-02-19,16:09:00,75.5
2017-02-19,16:19:00,77
2017-02-19,16:29:00,76
2017-02-19,16:39:00,73.6
2017-02-19,16:49:00,76.6
2017-02-19,16:59:00,75.3
2017-02-19,17:09:00,78.2
2017-02-19,17:19:00,73.8
2017-02-19,17:29:00,75.5
2017-02-19,17:39:00,74.4
2017-02-19,17:49:00,76.5
2017-02-19,17:59:00,77.4
2017-02-19,18:09:00,74.5
2017-02-19,18:19:00,75.8
2017-02-19,18:29:00,77.1
2017-02-19,18:39:00,78
2017-02-19,18:49:00,78.3
2017-02-19,18:59:00,75.7
2017-02-19,19:09:00,76
2017-02-19,19:19:00,75.5
2017-02-19,19:29:00,77
2017-02-19,19:39:00,74.6
2017-02-19,19:49:00,75.7
2017-02-19,19:59:00,74.2
2017-02-19,20:09:00,79.4
2017-02-19,20:19:00,77.6
2017-02-19,20:29:00,78.6
2017-02-19,20:39:00,76.5
2017-02-19,20:49:00,75.1
2017-02-19,20:59:00,75.6
2017-02-19,21:09:00,74.3
2017-02-19,21:19:00,78
2017-02-19,21:29:00,79.5
2017-02-19,21:39:00,75
2017-02-19,21:49:00,75.7
2017-02-19,21:59:00,78.3
2017-02-19,22:09:00,76.5
2017-02-19,22:19:00,77
2017-02-19,22:29:00,77.8
2017-02-19,22:39:00,75.1
2017-02-19,22:49:00,72.4
2017-02-19,22:59:00,75.3
2017-02-19,23:09:00,75
2017-02-19,23:19:00,76.6
2017-02-19,23:29:00,77.4
2017-02-19,23:39:00,77.7
2017-02-19,23:49:00,75.5
2017-02-19,23:59:00,75.8
2017-02-20,00:09:00,78.9
2017-02-20,00:19:00,76.9
2017-02-20,00:29:00,76.5
2017-02-20,00:39:00,75.4
2017-02-20,00:49:00,77.2
2017-02-20,00:59:00,75.8
2017-02-20,01:09:00,77.7
2017-02-20,01:19:00,74.8
2017-02-20,01:29:00,75.1
2017-02-20,01:39:00,75.2
2017-02-20,01:49:00,77.3
2017-02-20,01:59:00,75.9
2017-02-20,02:09:00,77
2017-02-20,02:19:00,75.8
2017-02-20,02:29:00,75.5
2017-02-20,02:39:00,77.7
2017-02-20,02:49:00,77.4
2017-02-20,02:59:00,77.3
2017-02-20,03:09:00,76.2
2017-02-20,03:19:00,78.4
2017-02-20,03:29:00,75.5
2017-02-20,03:39:00,75.9
2017-02-20,03:49:00,73.3
2017-02-20,03:59:00,72.9
2017-02-20,04:09:00,74.8
2017-02-20,04:19:00,73.8
2017-02-20,04:29:00,77
2017-02-20,04:39:00,75.4
2017-02-20,04:49:00,74.9
2017-02-20,04:59:00,74.7
2017-02-20,05:09:00,78.8
2017-02-20,05:19:00,76.8
2017-02-20,05:29:00,76.4
2017-02-20,05:39:00,76.6
2017-02-20,05:49:00,77.9
2017-02-20,05:59:00,76.6
2017-02-20,06:09:00,77.7
2017-02-20,06:19:00,76.6
2017-02-20,06:29:00,75.8
2017-02-20,06:39:00,73.9
2017-02-20,06:49:00,73.7
2017-02-20,06:59:00,74.6
2017-02-20,07:09:00,75.6
2017-02-20,07:19:00,73.5
2017-02-20,07:29:00,77.7
2017-02-20,07:39:00,76
2017-02-20,07:49:00,78.7
2017-02-20,07:59:00,75.9
2017-02-20,08:09:00,75.6
2017-02-20,08:19:00,75.6
2017-02-20,08:29:00,75.6
2017-02-20,08:39:00,76.6
2017-02-20,08:49:00,77.1
2017-02-20,08:59:00,77.1
2017-02-20,09:09:00,77.5
2017-02-20,09:19:00,75.1
2017-02-20,09:29:00,76.7
2017-02-20,09:39:00,75.6
2017-02-20,09:49:00,75.4
2017-02-20,09:59:00,75.6
2017-02-20,10:09:00,72.8
2017-02-20,10:19:00,75.4
2017-02-20,10:29:00,76.3
2017-02-20,10:39:00,78.7
2017-02-20,10:49:00,74.1
2017-02-20,10:59:00,74.7
2017-02-20,11:09:00,74.5
2017-02-20,11:19:00,73.8
2017-02-20,11:29:00,75
2017-02-20,11:39:00,74.4
2017-02-20,11:49:00,75.6
2017-02-20,11:59:00,75.5
2017-02-20,12:09:00,76.8
2017-02-20,12:19:00,78
2017-02-20,12:29:00,76.9
2017-02-20,12:39:00,77.8
2017-02-20,12:49:00,74.9
2017-02-20,12:59:00,74.6
2017-02-20,13:09:00,77.1
2017-02-20,13:19:00,74
2017-02-20,13:29:00,75.8
2017-02-20,13:39:00,77.3
2017-02-20,13:49:00,76.2
2017-02-20,13:59:00,76.8
2017-02-20,14:09:00,75.7
2017-02-20,14:19:00,74.9
2017-02-20,14:29:00,77.1
2017-02-20,14:39:00,73.2
2017-02-20,14:49:00,75.1
2017-02-20,14:59:00,76.6
2017-02-20,15:09:00,76.8
2017-02-20,15:19:00,80.1
2017-02-20,15:29:00,79.4
2017-02-20,15:39:00,74.8
2017-02-20,15:49:00,76.3
2017-02-20,15:59:00,75.1
2017-02-20,16:09:00,73.9
2017-02-20,16:19:00,78.8
2017-02-20,16:29:00,76.7
2017-02-20,16:39:00,75.7
2017-02-20,16:49:00,78.8
2017-02-20,16:59:00,75
2017-02-20,17:09:00,75.3
2017-02-20,17:19:00,77.3
2017-02-20,17:29:00,72.6
2017-02-20,17:39:00,74.3
2017-02-20,17:49:00,78.9
2017-02-20,17:59:00,76.1
2017-02-20,18:09:00,73.8
2017-02-20,18:19:00,73.8
2017-02-20,18:29:00,75.6
2017-02-20,18:39:00,75.9
2017-02-20,18:49:00,74.2
2017-02-20,18:59:00,77.3
2017-02-20,19:09:00,76.1
2017-02-20,19:19:00,74.5
2017-02-20,19:29:00,74.1
2017-02-20,19:39:00,77.2
2017-02-20,19:49:00,78
2017-02-20,19:59:00,76.1
2017-02-20,20:09:00,76.3
2017-02-20,20:19:00,76.9
2017-02-20,20:29:00,76.7
2017-02-20,20:39:00,76.1
2017-02-20,20:49:00,77
2017-02-20,20:59:00,76.3
2017-02-20,21:09:00,75.5
2017-02-20,21:19:00,77
2017-02-20,21:29:00,77.2
2017-02-20,21:39:00,75.8
2017-02-20,21:49:00,75.5
2017-02-20,21:59:00,77
2017-02-20,22:09:00,77.6
2017-02-20,22:19:00,74.4
2017-02-20,22:29:00,73.6
2017-02-20,22:39:00,75.5
2017-02-20,22:49:00,79.7
2017-02-20,22:59:00,78.3
2017-02-20,23:09:00,74.8
2017-02-20,23:19:00,74.2
2017-02-20,23:29:00,76.5
2017-02-20,23:39:00,78.6
2017-02-20,23:49:00,75.3
2017-02-20,23:59:00,79
2017-02-21,00:09:00,76.7
2017-02-21,00:19:00,79
2017-02-21,00:29:00,78.1
2017-02-21,00:39:00,74.7
2017-02-21,00:49:00,75.9
2017-02-21,00:59:00,78.7
2017-02-21,01:09:00,75.4
2017-02-21,01:19:00,77.5
2017-02-21,01:29:00,75.9
2017-02-21,01:39:00,75
2017-02-21,01:49:00,77.6
2017-02-21,01:59:00,77.5
2017-02-21,02:09:00,78.1
2017-02-21,02:19:00,78.5
2017-02-21,02:29:00,74.7
2017-02-21,02:39:00,78.6
2017-02-21,02:49:00,77.8
2017-02-21,02:59:00,79.9
2017-02-21,03:09:00,75.5
2017-02-21,03:19:00,76.1
2017-02-21,03:29:00,76.6
2017-02-21,03:39:00,73.7
2017-02-21,03:49:00,80.5
2017-02-21,03:59:00,75.7
2017-02-21,04:09:00,79.6
2017-02-21,04:19:00,78.3
2017-02-21,04:29:00,75.1
2017-02-21,04:39:00,74.7
2017-02-21,04:49:00,76.8
2017-02-21,04:59:00,77.7
2017-02-21,05:09:00,78.2
2017-02-21,05:19:00,78.5
2017-02-21,05:29:00,76.8
2017-02-21,05:39:00,76.3
2017-02-21,05:49:00,76.6
2017-02-21,05:59:00,78.9
2017-02-21,06:09:00,77.8
2017-02-21,06:19:00,76.3
2017-02-21,06:29:00,78.5
2017-02-21,06:39:00,79
2017-02-21,06:49:00,79.1
2017-02-21,06:59:00,75.6
2017-02-21,07:09:00,76.4
2017-02-21,07:19:00,77.3
2017-02-21,07:29:00,77.1
2017-02-21,07:39:00,76
2017-02-21,07:49:00,77.9
2017-02-21,07:59:00,76
2017-02-21,08:09:00,77.6
2017-02-21,08:19:00,78.9
2017-02-21,08:29:00,75.1
2017-02-21,08:39:00,78.8
2017-02-21,08:49:00,77.2
2017-02-21,08:59:00,75.7
2017-02-21,09:09:00,79.9
2017-02-21,09:19:00,76.6
2017-02-21,09:29:00,75.5
2017-02-21,09:39:00,75.3
2017-02-21,09:49:00,77.2
2017-02-21,09:59:00,76.3
2017-02-21,10:09:00,76.7
2017-02-21,10:19:00,76.8
2017-02-21,10:29:00,78.5
2017-02-21,10:39:00,76
2017-02-21,10:49:00,79.3
2017-02-21,10:59:00,76
2017-02-21,11:09:00,75.9
2017-02-21,11:19:00,78.6
2017-02-21,11:29:00,81.6
2017-02-21,11:39:00,77.6
2017-02-21,11:49:00,76.4
2017-02-21,11:59:00,75.6
2017-02-21,12:09:00,77.1
2017-02-21,12:19:00,76.9
2017-02-21,12:29:00,77.7
2017-02-21,12:39:00,79.2
2017-02-21,12:49:00,76.8
2017-02-21,12:59:00,76.8
2017-02-21,13:09:00,79
2017-02-21,13:19:00,76.7
2017-02-21,13:29:00,76.6
2017-02-21,13:39:00,78.8
2017-02-21,13:49:00,78.1
2017-02-21,13:59:00,77.3
2017-02-21,14:09:00,79.4
2017-02-21,14:19:00,79.2
2017-02-21,14:29:00,76.9
2017-02-21,14:39:00,81.2
2017-02-21,14:49:00,79.7
2017-02-21,14:59:00,78.7
2017-02-21,15:09:00,79.3
2017-02-21,15:19:00,77.4
2017-02-21,15:29:00,76.8
2017-02-21,15:39:00,77.9
2017-02-21,15:49:00,77.5
2017-02-21,15:59:00,75.5
2017-02-21,16:09:00,78.7
2017-02-21,16:19:00,78.4
2017-02-21,16:29:00,79.2
2017-02-21,16:39:00,78.8
2017-02-21,16:49:00,76.8
2017-02-21,16:59:00,76.5
2017-02-21,17:09:00,76.3
2017-02-21,17:19:00,73.1
2017-02-21,17:29:00,75.3
2017-02-21,17:39:00,78.5
2017-02-21,17:49:00,77.1
2017-02-21,17:59:00,75.2
2017-02-21,18:09:00,77.4
2017-02-21,18:19:00,78.3
2017-02-21,18:29:00,74.8
2017-02-21,18:39:00,77.6
2017-02-21,18:49:00,76.1
2017-02-21,18:59:00,75.4
2017-02-21,19:09:00,76.4
2017-02-21,19:19:00,78.3
2017-02-21,19:29:00,76.8
2017-02-21,19:39:00,74.9
2017-02-21,19:49:00,76.5
2017-02-21,19:59:00,76.5
2017-02-21,20:09:00,79
2017-02-21,20:19:00,75.9
2017-02-21,20:29:00,76.8
2017-02-21,20:39:00,78.6
2017-02-21,20:49:00,76.6
2017-02-21,20:59:00,76.6
2017-02-21,21:09:00,79
2017-02-21,21:19:00,75.3
2017-02-21,21:29:00,75.6
2017-02-21,21:39:00,75.1
2017-02-21,21:49:00,75.5
2017-02-21,21:59:00,77.8
2017-02-21,22:09:00,76.3
2017-02-21,22:19:00,76.6
2017-02-21,22:29:00,80
2017-02-21,22:39:00,76
2017-02-21,22:49:00,78
2017-02-21,22:59:00,75.5
2017-02-21,23:09:00,74.8
2017-02-21,23:19:00,75.4
2017-02-21,23:29:00,75.3
2017-02-21,23:39:00,76.5
2017-02-21,23:49:00,75.8
2017-02-21,23:59:00,74.7
2017-02-22,00:09:00,75.9
2017-02-22,00:19:00,78.5
2017-02-22,00:29:00,74.6
2017-02-22,00:39:00,74.8
2017-02-22,00:49:00,78.8
2017-02-22,00:59:00,76.8
2017-02-22,01:09:00,76.7
2017-02-22,01:19:00,76.5
2017-02-22,01:29:00,75.2
2017-02-22,01:39:00,76.4
2017-02-22,01:49:00,73.3
2017-02-22,01:59:00,74.9
2017-02-22,02:09:00,75.8
2017-02-22,02:19:00,76.5
2017-02-22,02:29:00,73.9
2017-02-22,02:39:00,74.3
2017-02-22,02:49:00,77.2
2017-02-22,02:59:00,74.4
2017-02-22,03:09:00,77.9
2017-02-22,03:19:00,78.6
2017-02-22,03:29:00,75.9
2017-02-22,03:39:00,76.7
2017-02-22,03:49:00,76.4
2017-02-22,03:59:00,76.2
2017-02-22,04:09:00,78.3
2017-02-22,04:19:00,76.4
2017-02-22,04:29:00,75.7
2017-02-22,04:39:00,77.8
2017-02-22,04:49:00,73.1
2017-02-22,04:59:00,76.1
2017-02-22,05:09:00,74.1
2017-02-22,05:19:00,75.5
2017-02-22,05:29:00,79.7
2017-02-22,05:39:00,77.2
2017-02-22,05:49:00,74.5
2017-02-22,05:59:00,75.8
2017-02-22,06:09:00,74.5
2017-02-22,06:19:00,76.9
2017-02-22,06:29:00,76.7
2017-02-22,06:39:00,77.2
2017-02-22,06:49:00,75.4
2017-02-22,06:59:00,75.7
2017-02-22,07:09:00,76.1
2017-02-22,07:19:00,77.7
2017-02-22,07:29:00,73.6
2017-02-22,07:39:00,74.3
2017-02-22,07:49:00,76.3
2017-02-22,07:59:00,76.9
2017-02-22,08:09:00,74.7
2017-02-22,08:19:00,75.8
2017-02-22,08:29:00,77.4
2017-02-22,08:39:00,73.1
2017-02-22,08:49:00,76
2017-02-22,08:59:00,75.5
2017-02-22,09:09:00,77.3
2017-02-22,09:19:00,76.1
2017-02-22,09:29:00,76.2
2017-02-22,09:39:00,74.9
2017-02-22,09:49:00,74.6
2017-02-22,09:59:00,76.9
2017-02-22,10:09:00,77.3
2017-02-22,10:19:00,76
2017-02-22,10:29:00,72
2017-02-22,10:39:00,75
2017-02-22,10:49:00,80.1
2017-02-22,10:59:00,76.6
2017-02-22,11:09:00,76.9
2017-02-22,11:19:00,77
2017-02-22,11:29:00,76.6
2017-02-22,11:39:00,74.6
2017-02-22,11:49:00,77.7
2017-02-22,11:59:00,76.4
2017-02-22,12:09:00,76.9
2017-02-22,12:19:00,76.5
2017-02-22,12:29:00,76.1
2017-02-22,12:39:00,75.4
2017-02-22,12:49:00,72.7
2017-02-22,12:59:00,77.1
2017-02-22,13:09:00,76.3
2017-02-22,13:19:00,79.2
2017-02-22,13:29:00,75.8
2017-02-22,13:39:00,76.6
2017-02-22,13:49:00,78.6
2017-02-22,13:59:00,75.9
2017-02-22,14:09:00,74.9
2017-02-22,14:19:00,77.6
2017-02-22,14:29:00,76.6
2017-02-22,14:39:00,75.1
2017-02-22,14:49:00,75.6
2017-02-22,14:59:00,77.5
2017-02-22,15:09:00,76
2017-02-22,15:19:00,76.7
2017-02-22,15:29:00,79.2
2017-02-22,15:39:00,78
2017-02-22,15:49:00,78
2017-02-22,15:59:00,74.4
2017-02-22,16:09:00,76.6
2017-02-22,16:19:00,76.7
2017-02-22,16:29:00,74.4
2017-02-22,16:39:00,77.6
2017-02-22,16:49:00,77.8
2017-02-22,16:59:00,77.7
2017-02-22,17:09:00,75.2
2017-02-22,17:19:00,78.4
2017-02-22,17:29:00,80.8
2017-02-22,17:39:00,79.3
2017-02-22,17:49:00,76.9
2017-02-22,17:59:00,76
2017-02-22,18:09:00,81.5
2017-02-22,18:19:00,76.8
2017-02-22,18:29:00,80.5
2017-02-22,18:39:00,77.7
2017-02-22,18:49:00,78.1
2017-02-22,18:59:00,79.3
2017-02-22,19:09:00,81.5
2017-02-22,19:19:00,78.2
2017-02-22,19:29:00,74.4
2017-02-22,19:39:00,76.3
2017-02-22,19:49:00,77.1
2017-02-22,19:59:00,77.9
2017-02-22,20:09:00,79.1
2017-02-22,20:19:00,76.9
2017-02-22,20:29:00,75.8
2017-02-22,20:39:00,77.8
2017-02-22,20:49:00,74.3
2017-02-22,20:59:00,77.9
2017-02-22,21:09:00,77.1
2017-02-22,21:19:00,75.7
2017-02-22,21:29:00,75.3
2017-02-22,21:39:00,74.4
2017-02-22,21:49:00,73.2
2017-02-22,21:59:00,81.1
2017-02-22,22:09:00,75.5
2017-02-22,22:19:00,74.3
2017-02-22,22:29:00,73.8
2017-02-22,22:39:00,76.9
2017-02-22,22:49:00,75.5
2017-02-22,22:59:00,77.2
2017-02-22,23:09:00,78.5
2017-02-22,23:19:00,76.7
2017-02-22,23:29:00,78.2
2017-02-22,23:39:00,73.6
2017-02-22,23:49:00,78
2017-02-22,23:59:00,76.4
2017-02-23,00:09:00,76.8
2017-02-23,00:19:00,77.5
2017-02-23,00:29:00,77.7
2017-02-23,00:39:00,76.9
2017-02-23,00:49:00,77.2
2017-02-23,00:59:00,75
2017-02-23,01:09:00,82
2017-02-23,01:19:00,77.3
2017-02-23,01:29:00,77.4
2017-02-23,01:39:00,77.4
2017-02-23,01:49:00,78.4
2017-02-23,01:59:00,77.1
2017-02-23,02:09:00,80.2
2017-02-23,02:19:00,79.7
2017-02-23,02:29:00,76.8
2017-02-23,02:39:00,77.1
2017-02-23,02:49:00,77.3
2017-02-23,02:59:00,78.2
2017-02-23,03:09:00,78.8
2017-02-23,03:19:00,78.2
2017-02-23,03:29:00,76
2017-02-23,03:39:00,74.5
2017-02-23,03:49:00,76.8
2017-02-23,03:59:00,76.9
2017-02-23,04:09:00,75.8
2017-02-23,04:19:00,76.9
2017-02-23,04:29:00,79.6
2017-02-23,04:39:00,74.9
2017-02-23,04:49:00,77.5
2017-02-23,04:59:00,75.8
2017-02-23,05:09:00,77.4
2017-02-23,05:19:00,77.4
2017-02-23,05:29:00,78.5
2017-02-23,05:39:00,77
2017-02-23,05:49:00,77.7
2017-02-23,05:59:00,78.6
2017-02-23,06:09:00,77.8
2017-02-23,06:19:00,77
2017-02-23,06:29:00,76.9
2017-02-23,06:39:00,78.3
2017-02-23,06:49:00,75.2
2017-02-23,06:59:00,76.6
2017-02-23,07:09:00,79
2017-02-23,07:19:00,75.7
2017-02-23,07:29:00,78.7
2017-02-23,07:39:00,76.6
2017-02-23,07:49:00,78.5
2017-02-23,07:59:00,78.1
2017-02-23,08:09:00,75.7
2017-02-23,08:19:00,78.6
2017-02-23,08:29:00,77.5
2017-02-23,08:39:00,76.3
2017-02-23,08:49:00,75.7
2017-02-23,08:59:00,75.4
2017-02-23,09:09:00,78
2017-02-23,09:19:00,76.3
2017-02-23,09:29:00,77.9
2017-02-23,09:39:00,79.4
2017-02-23,09:49:00,74.8
2017-02-23,09:59:00,77.1
2017-02-23,10:09:00,77.1
2017-02-23,10:19:00,79.2
2017-02-23,10:29:00,76.5
2017-02-23,10:39:00,76.6
2017-02-23,10:49:00,77.2
2017-02-23,10:59:00,75.6
2017-02-23,11:09:00,79.7
2017-02-23,11:19:00,80.5
2017-02-23,11:29:00,80.6
2017-02-23,11:39:00,75
2017-02-23,11:49:00,75.3
2017-02-23,11:59:00,74.8
2017-02-23,12:09:00,76.5
2017-02-23,12:19:00,77.4
2017-02-23,12:29:00,76.8
2017-02-23,12:39:00,76.7
2017-02-23,12:49:00,78.4
2017-02-23,12:59:00,77.6
2017-02-23,13:09:00,77.1
2017-02-23,13:19:00,74.3
2017-02-23,13:29:00,75.7
2017-02-23,13:39:00,76.6
2017-02-23,13:49:00,75.9
2017-02-23,13:59:00,76.8
2017-02-23,14:09:00,76.6
2017-02-23,14:19:00,77.7
2017-02-23,14:29:00,78.7
2017-02-23,14:39:00,80.2
2017-02-23,14:49:00,78.4
2017-02-23,14:59:00,81
2017-02-23,15:09:00,76.5
2017-02-23,15:19:00,75.5
2017-02-23,15:29:00,76.1
2017-02-23,15:39:00,74.9
2017-02-23,15:49:00,76.7
2017-02-23,15:59:00,77.4
2017-02-23,16:09:00,76.1
2017-02-23,16:19:00,75.6
2017-02-23,16:29:00,76.6
2017-02-23,16:39:00,77.7
2017-02-23,16:49:00,77.1
2017-02-23,16:59:00,76.5
2017-02-23,17:09:00,72.7
2017-02-23,17:19:00,75.6
2017-02-23,17:29:00,76.2
2017-02-23,17:39:00,82.2
2017-02-23,17:49:00,76.1
2017-02-23,17:59:00,76.7
2017-02-23,18:09:00,76.7
2017-02-23,18:19:00,76.1
2017-02-23,18:29:00,79.1
2017-02-23,18:39:00,76.9
2017-02-23,18:49:00,78.1
2017-02-23,18:59:00,79.7
2017-02-23,19:09:00,76.3
2017-02-23,19:19:00,74
2017-02-23,19:29:00,77.2
2017-02-23,19:39:00,75.4
2017-02-23,19:49:00,76
2017-02-23,19:59:00,75.3
2017-02-23,20:09:00,76.4
2017-02-23,20:19:00,76.8
2017-02-23,20:29:00,74.6
2017-02-23,20:39:00,79
2017-02-23,20:49:00,77.3
2017-02-23,20:59:00,77.1
2017-02-23,21:09:00,75.1
2017-02-23,21:19:00,78.7
2017-02-23,21:29:00,78.3
2017-02-23,21:39:00,75.9
2017-02-23,21:49:00,75.5
2017-02-23,21:59:00,77
2017-02-23,22:09:00,78.3
2017-02-23,22:19:00,77.2
2017-02-23,22:29:00,74.9
2017-02-23,22:39:00,77.8
2017-02-23,22:49:00,78.7
2017-02-23,22:59:00,76.4
2017-02-23,23:09:00,77.3
2017-02-23,23:19:00,76.9
2017-02-23,23:29:00,75.9
2017-02-23,23:39:00,76.6
2017-02-23,23:49:00,75.9
2017-02-23,23:59:00,76.9
2017-02-24,00:09:00,78.8
2017-02-24,00:19:00,75.8
2017-02-24,00:29:00,80
2017-02-24,00:39:00,75.3
2017-02-24,00:49:00,78.4
2017-02-24,00:59:00,81.1
2017-02-24,01:09:00,75.5
2017-02-24,01:19:00,75.1
2017-02-24,01:29:00,76.4
2017-02-24,01:39:00,74.9
2017-02-24,01:49:00,78.1
2017-02-24,01:59:00,77.8
2017-02-24,02:09:00,74.7
2017-02-24,02:19:00,75.1
2017-02-24,02:29:00,77.5
2017-02-24,02:39:00,76.4
2017-02-24,02:49:00,77.8
2017-02-24,02:59:00,76.6
2017-02-24,03:09:00,76.4
2017-02-24,03:19:00,77.3
2017-02-24,03:29:00,76.6
2017-02-24,03:39:00,77.8
2017-02-24,03:49:00,78.1
2017-02-24,03:59:00,76.1
2017-02-24,04:09:00,76.7
2017-02-24,04:19:00,76.5
2017-02-24,04:29:00,75.9
2017-02-24,04:39:00,79.7
2017-02-24,04:49:00,76.5
2017-02-24,04:59:00,76.8
2017-02-24,05:09:00,78.2
2017-02-24,05:19:00,78.6
2017-02-24,05:29:00,76.7
2017-02-24,05:39:00,76.4
2017-02-24,05:49:00,79.5
2017-02-24,05:59:00,77.3
2017-02-24,06:09:00,76.5
2017-02-24,06:19:00,76
2017-02-24,06:29:00,76.1
2017-02-24,06:39:00,78.4
2017-02-24,06:49:00,76.7
2017-02-24,06:59:00,75.4
2017-02-24,07:09:00,76
2017-02-24,07:19:00,76.5
2017-02-24,07:29:00,76.4
2017-02-24,07:39:00,76.6
2017-02-24,07:49:00,80.3
2017-02-24,07:59:00,77.4
2017-02-24,08:09:00,76.2
2017-02-24,08:19:00,75.8
2017-02-24,08:29:00,76.7
2017-02-24,08:39:00,76.8
2017-02-24,08:49:00,75.4
2017-02-24,08:59:00,74.1
2017-02-24,09:09:00,76.9
2017-02-24,09:19:00,73.8
2017-02-24,09:29:00,78
2017-02-24,09:39:00,76.2
2017-02-24,09:49:00,76.3
2017-02-24,09:59:00,75.7
2017-02-24,10:09:00,76.7
2017-02-24,10:19:00,77.1
2017-02-24,10:29:00,76.6
2017-02-24,10:39:00,74.9
2017-02-24,10:49:00,76.7
2017-02-24,10:59:00,75.8
2017-02-24,11:09:00,79
2017-02-24,11:19:00,75.5
2017-02-24,11:29:00,78.4
2017-02-24,11:39:00,76.7
2017-02-24,11:49:00,78.9
2017-02-24,11:59:00,80.2
2017-02-24,12:09:00,75.3
2017-02-24,12:19:00,77.2
2017-02-24,12:29:00,79.8
2017-02-24,12:39:00,77.2
2017-02-24,12:49:00,75.2
2017-02-24,12:59:00,74.1
2017-02-24,13:09:00,78.2
2017-02-24,13:19:00,74.4
2017-02-24,13:29:00,76.3
2017-02-24,13:39:00,76.1
2017-02-24,13:49:00,75.9
2017-02-24,13:59:00,74.6
2017-02-24,14:09:00,75.4
2017-02-24,14:19:00,79.2
2017-02-24,14:29:00,77.7
2017-02-24,14:39:00,74
2017-02-24,14:49:00,76.1
2017-02-24,14:59:00,78.5
2017-02-24,15:09:00,75.8
2017-02-24,15:19:00,77
2017-02-24,15:29:00,76.1
2017-02-24,15:39:00,79.5
2017-02-24,15:49:00,76.1
2017-02-24,15:59:00,76.8
2017-02-24,16:09:00,77.3
2017-02-24,16:19:00,76.4
2017-02-24,16:29:00,76.3
2017-02-24,16:39:00,76.3
2017-02-24,16:49:00,77.9
2017-02-24,16:59:00,79.5
2017-02-24,17:09:00,76.8
2017-02-24,17:19:00,77.6
2017-02-24,17:29:00,75.9
2017-02-24,17:39:00,77.8
2017-02-24,17:49:00,75.4
2017-02-24,17:59:00,75.7
2017-02-24,18:09:00,75.5
2017-02-24,18:19:00,77.2
2017-02-24,18:29:00,74.2
2017-02-24,18:39:00,77.8
2017-02-24,18:49:00,75.8
2017-02-24,18:59:00,73.9
2017-02-24,19:09:00,76.7
2017-02-24,19:19:00,75.8
2017-02-24,19:29:00,75.6
2017-02-24,19:39:00,72.5
2017-02-24,19:49:00,76.7
2017-02-24,19:59:00,74.7
2017-02-24,20:09:00,77.4
2017-02-24,20:19:00,77.3
2017-02-24,20:29:00,74.8
2017-02-24,20:39:00,76.4
2017-02-24,20:49:00,73.8
2017-02-24,20:59:00,75.4
2017-02-24,21:09:00,75.9
2017-02-24,21:19:00,76.5
2017-02-24,21:29:00,74.6
2017-02-24,21:39:00,75.5
2017-02-24,21:49:00,73.9
2017-02-24,21:59:00,74.8
2017-02-24,22:09:00,76.7
2017-02-24,22:19:00,77.9
2017-02-24,22:29:00,75.2
2017-02-24,22:39:00,74.6
2017-02-24,22:49:00,73.6
2017-02-24,22:59:00,77.2
2017-02-24,23:09:00,74.2
2017-02-24,23:19:00,72.6
2017-02-24,23:29:00,73.7
2017-02-24,23:39:00,77.3
2017-02-24,23:49:00,75.8
2017-02-24,23:59:00,74.1
2017-02-25,00:09:00,77.5
2017-02-25,00:19:00,76.3
2017-02-25,00:29:00,77.7
2017-02-25,00:39:00,76.6
2017-02-25,00:49:00,77.9
2017-02-25,00:59:00,75.4
2017-02-25,01:09:00,77.3
2017-02-25,01:19:00,75.2
2017-02-25,01:29:00,75.2
2017-02-25,01:39:00,72.3
2017-02-25,01:49:00,75.7
2017-02-25,01:59:00,74.3
2017-02-25,02:09:00,76.4
2017-02-25,02:19:00,74.8
2017-02-25,02:29:00,77.8
2017-02-25,02:39:00,72.8
2017-02-25,02:49:00,74.9
2017-02-25,02:59:00,75.1
2017-02-25,03:09:00,71.2
2017-02-25,03:19:00,73.9
2017-02-25,03:29:00,74.5
2017-02-25,03:39:00,76.3
2017-02-25,03:49:00,75.5
2017-02-25,03:59:00,76.7
2017-02-25,04:09:00,75.6
2017-02-25,04:19:00,74.4
2017-02-25,04:29:00,78.2
2017-02-25,04:39:00,75.6
2017-02-25,04:49:00,73.3
2017-02-25,04:59:00,72.1
2017-02-25,05:09:00,78.1
2017-02-25,05:19:00,74.8
2017-02-25,05:29:00,74.8
2017-02-25,05:39:00,76.2
2017-02-25,05:49:00,75.8
2017-02-25,05:59:00,74.5
2017-02-25,06:09:00,77.4
2017-02-25,06:19:00,76.4
2017-02-25,06:29:00,76.2
2017-02-25,06:39:00,75.2
2017-02-25,06:49:00,74.6
2017-02-25,06:59:00,74
2017-02-25,07:09:00,72.2
2017-02-25,07:19:00,75.2
2017-02-25,07:29:00,76.1
2017-02-25,07:39:00,73.2
2017-02-25,07:49:00,74.5
2017-02-25,07:59:00,77.5
2017-02-25,08:09:00,76.5
2017-02-25,08:19:00,76.7
2017-02-25,08:29:00,76.4
2017-02-25,08:39:00,74.2
2017-02-25,08:49:00,73.6
2017-02-25,08:59:00,71.9
2017-02-25,09:09:00,74.7
2017-02-25,09:19:00,73.9
2017-02-25,09:29:00,76.6
2017-02-25,09:39:00,75.3
2017-02-25,09:49:00,74.8
2017-02-25,09:59:00,73
2017-02-25,10:09:00,72.2
2017-02-25,10:19:00,75.3
2017-02-25,10:29:00,76
2017-02-25,10:39:00,74.3
2017-02-25,10:49:00,72.5
2017-02-25,10:59:00,76.7
2017-02-25,11:09:00,72.9
2017-02-25,11:19:00,74.2
2017-02-25,11:29:00,76.1
2017-02-25,11:39:00,75.7
2017-02-25,11:49:00,74.7
2017-02-25,11:59:00,74.5
2017-02-25,12:09:00,73.8
2017-02-25,12:19:00,72.2
2017-02-25,12:29:00,74.5
2017-02-25,12:39:00,74.8
2017-02-25,12:49:00,76.8
2017-02-25,12:59:00,77.4
2017-02-25,13:09:00,73.8
2017-02-25,13:19:00,75.4
2017-02-25,13:29:00,74.9
2017-02-25,13:39:00,77.2
2017-02-25,13:49:00,72.3
2017-02-25,13:59:00,76.8
2017-02-25,14:09:00,76.5
2017-02-25,14:19:00,76.8
2017-02-25,14:29:00,74.2
2017-02-25,14:39:00,75.9
2017-02-25,14:49:00,73.5
2017-02-25,14:59:00,76
2017-02-25,15:09:00,75.1
2017-02-25,15:19:00,75.6
2017-02-25,15:29:00,72.6
2017-02-25,15:39:00,74.6
2017-02-25,15:49:00,73.6
2017-02-25,15:59:00,75.1
2017-02-25,16:09:00,76.9
2017-02-25,16:19:00,78.3
2017-02-25,16:29:00,78.5
2017-02-25,16:39:00,74.3
2017-02-25,16:49:00,76
2017-02-25,16:59:00,73
2017-02-25,17:09:00,75
2017-02-25,17:19:00,74.3
2017-02-25,17:29:00,74
2017-02-25,17:39:00,75.6
2017-02-25,17:49:00,74.3
2017-02-25,17:59:00,73.1
2017-02-25,18:09:00,74.9
2017-02-25,18:19:00,73.8
2017-02-25,18:29:00,74
2017-02-25,18:39:00,74.7
2017-02-25,18:49:00,74.3
2017-02-25,18:59:00,76.5
2017-02-25,19:09:00,74.2
2017-02-25,19:19:00,73.5
2017-02-25,19:29:00,75.6
2017-02-25,19:39:00,77
2017-02-25,19:49:00,77.7
2017-02-25,19:59:00,77.5
2017-02-25,20:09:00,79.4
2017-02-25,20:19:00,76.4
2017-02-25,20:29:00,73
2017-02-25,20:39:00,75.5
2017-02-25,20:49:00,74.4
2017-02-25,20:59:00,75.5
2017-02-25,21:09:00,75
2017-02-25,21:19:00,75.9
2017-02-25,21:29:00,74.4
2017-02-25,21:39:00,78.8
2017-02-25,21:49:00,72.7
2017-02-25,21:59:00,72.6
2017-02-25,22:09:00,73.4
2017-02-25,22:19:00,74.8
2017-02-25,22:29:00,72.7
2017-02-25,22:39:00,75.3
2017-02-25,22:49:00,75.6
2017-02-25,22:59:00,76.8
2017-02-25,23:09:00,76.1
2017-02-25,23:19:00,73.6
2017-02-25,23:29:00,79.5
2017-02-25,23:39:00,76.7
2017-02-25,23:49:00,74
2017-02-25,23:59:00,73.7
2017-02-26,00:09:00,78.2
2017-02-26,00:19:00,75.7
2017-02-26,00:29:00,74.4
2017-02-26,00:39:00,74.1
2017-02-26,00:49:00,74.8
2017-02-26,00:59:00,74.2
2017-02-26,01:09:00,75.3
2017-02-26,01:19:00,75.1
2017-02-26,01:29:00,74.2
2017-02-26,01:39:00,75
2017-02-26,01:49:00,74.6
2017-02-26,01:59:00,75.4
2017-02-26,02:09:00,76
2017-02-26,02:19:00,76.3
2017-02-26,02:29:00,75
2017-02-26,02:39:00,73
2017-02-26,02:49:00,75.9
2017-02-26,02:59:00,76.2
2017-02-26,03:09:00,73.9
2017-02-26,03:19:00,75.9
2017-02-26,03:29:00,75.4
2017-02-26,03:39:00,72.1
2017-02-26,03:49:00,76
2017-02-26,03:59:00,75.4
2017-02-26,04:09:00,75.9
2017-02-26,04:19:00,76.9
2017-02-26,04:29:00,76.4
2017-02-26,04:39:00,73.4
2017-02-26,04:49:00,73.7
2017-02-26,04:59:00,75.7
2017-02-26,05:09:00,77.2
2017-02-26,05:19:00,77.6
2017-02-26,05:29:00,75.1
2017-02-26,05:39:00,74.8
2017-02-26,05:49:00,77.4
2017-02-26,05:59:00,76.4
2017-02-26,06:09:00,76.2
2017-02-26,06:19:00,75.3
2017-02-26,06:29:00,75.1
2017-02-26,06:39:00,75.7
2017-02-26,06:49:00,74.1
2017-02-26,06:59:00,75.7
2017-02-26,07:09:00,76.2
2017-02-26,07:19:00,76.2
2017-02-26,07:29:00,75.8
2017-02-26,07:39:00,76.6
2017-02-26,07:49:00,76.6
2017-02-26,07:59:00,74.1
2017-02-26,08:09:00,75.6
2017-02-26,08:19:00,77.7
2017-02-26,08:29:00,74.8
2017-02-26,08:39:00,75.2
2017-02-26,08:49:00,75.6
2017-02-26,08:59:00,76.1
2017-02-26,09:09:00,77.3
2017-02-26,09:19:00,75.7
2017-02-26,09:29:00,75.2
2017-02-26,09:39:00,75.1
2017-02-26,09:49:00,77.1
2017-02-26,09:59:00,77.3
2017-02-26,10:09:00,76.1
2017-02-26,10:19:00,76
2017-02-26,10:29:00,75.4
2017-02-26,10:39:00,75.4
2017-02-26,10:49:00,75.6
2017-02-26,10:59:00,74.5
2017-02-26,11:09:00,73.6
2017-02-26,11:19:00,73.8
2017-02-26,11:29:00,75.5
2017-02-26,11:39:00,74.4
2017-02-26,11:49:00,73.9
2017-02-26,11:59:00,74.1
2017-02-26,12:09:00,77.2
2017-02-26,12:19:00,74
2017-02-26,12:29:00,75.1
2017-02-26,12:39:00,77.3
2017-02-26,12:49:00,75.6
2017-02-26,12:59:00,75.4
2017-02-26,13:09:00,75.5
2017-02-26,13:19:00,76.6
2017-02-26,13:29:00,74.3
2017-02-26,13:39:00,74.5
2017-02-26,13:49:00,79
2017-02-26,13:59:00,76
2017-02-26,14:09:00,74.5
2017-02-26,14:19:00,74.4
2017-02-26,14:29:00,73.7
2017-02-26,14:39:00,76.6
2017-02-26,14:49:00,73.7
2017-02-26,14:59:00,76.1
2017-02-26,15:09:00,77.8
2017-02-26,15:19:00,76.3
2017-02-26,15:29:00,75.6
2017-02-26,15:39:00,78.4
2017-02-26,15:49:00,75.3
2017-02-26,15:59:00,78.1
2017-02-26,16:09:00,76.6
2017-02-26,16:19:00,75.6
2017-02-26,16:29:00,74.5
2017-02-26,16:39:00,73.4
2017-02-26,16:49:00,76.4
2017-02-26,16:59:00,76.9
2017-02-26,17:09:00,77.1
2017-02-26,17:19:00,76.3
2017-02-26,17:29:00,77.2
2017-02-26,17:39:00,78.4
2017-02-26,17:49:00,76.8
2017-02-26,17:59:00,76.6
2017-02-26,18:09:00,73.1
2017-02-26,18:19:00,74.8
2017-02-26,18:29:00,73.5
2017-02-26,18:39:00,75.3
2017-02-26,18:49:00,76.9
2017-02-26,18:59:00,75.1
2017-02-26,19:09:00,75.8
2017-02-26,19:19:00,77.1
2017-02-26,19:29:00,74
2017-02-26,19:39:00,74
2017-02-26,19:49:00,72.3
2017-02-26,19:59:00,74.7
2017-02-26,20:09:00,74.2
2017-02-26,20:19:00,75.5
2017-02-26,20:29:00,75.6
2017-02-26,20:39:00,74.6
2017-02-26,20:49:00,76.8
2017-02-26,20:59:00,76.2
2017-02-26,21:09:00,77.7
2017-02-26,21:19:00,77.2
2017-02-26,21:29:00,74.6
2017-02-26,21:39:00,77.3
2017-02-26,21:49:00,76.6
2017-02-26,21:59:00,73.3
2017-02-26,22:09:00,78.6
2017-02-26,22:19:00,75.7
2017-02-26,22:29:00,77.1
2017-02-26,22:39:00,73.8
2017-02-26,22:49:00,76.1
2017-02-26,22:59:00,76.9
2017-02-26,23:09:00,77.4
2017-02-26,23:19:00,75.4
2017-02-26,23:29:00,73.5
2017-02-26,23:39:00,73.7
2017-02-26,23:49:00,76.6
2017-02-26,23:59:00,75.7
2017-02-27,00:09:00,76.2
2017-02-27,00:19:00,74.6
2017-02-27,00:29:00,73.8
2017-02-27,00:39:00,74.5
2017-02-27,00:49:00,75.6
2017-02-27,00:59:00,74.3
2017-02-27,01:09:00,76.7
2017-02-27,01:19:00,74.3
2017-02-27,01:29:00,76.7
2017-02-27,01:39:00,75.1
2017-02-27,01:49:00,73.4
2017-02-27,01:59:00,76.7
2017-02-27,02:09:00,76.1
2017-02-27,02:19:00,75
2017-02-27,02:29:00,79.9
2017-02-27,02:39:00,75.4
2017-02-27,02:49:00,73.6
2017-02-27,02:59:00,76.1
2017-02-27,03:09:00,74.9
2017-02-27,03:19:00,78.2
2017-02-27,03:29:00,74.9
2017-02-27,03:39:00,75.3
2017-02-27,03:49:00,77.5
2017-02-27,03:59:00,74.7
2017-02-27,04:09:00,73.1
2017-02-27,04:19:00,73.7
2017-02-27,04:29:00,75.4
2017-02-27,04:39:00,76.4
2017-02-27,04:49:00,74.6
2017-02-27,04:59:00,77.5
2017-02-27,05:09:00,79.1
2017-02-27,05:19:00,76.5
2017-02-27,05:29:00,75.1
2017-02-27,05:39:00,78.3
2017-02-27,05:49:00,77.6
2017-02-27,05:59:00,73.1
2017-02-27,06:09:00,77.4
2017-02-27,06:19:00,75.1
2017-02-27,06:29:00,73.7
2017-02-27,06:39:00,77.2
2017-02-27,06:49:00,79.8
2017-02-27,06:59:00,74.8
2017-02-27,07:09:00,77.6
2017-02-27,07:19:00,76.9
2017-02-27,07:29:00,77.2
2017-02-27,07:39:00,74.3
2017-02-27,07:49:00,75.2
2017-02-27,07:59:00,78.5
2017-02-27,08:09:00,77.2
2017-02-27,08:19:00,75.3
2017-02-27,08:29:00,75.6
2017-02-27,08:39:00,79.4
2017-02-27,08:49:00,77.4
2017-02-27,08:59:00,74.2
2017-02-27,09:09:00,78.6
2017-02-27,09:19:00,76.6
2017-02-27,09:29:00,75.3
2017-02-27,09:39:00,77.2
2017-02-27,09:49:00,73.1
2017-02-27,09:59:00,76.2
2017-02-27,10:09:00,77.5
2017-02-27,10:19:00,76.1
2017-02-27,10:29:00,76.3
2017-02-27,10:39:00,76.8
2017-02-27,10:49:00,78.4
2017-02-27,10:59:00,77.7
2017-02-27,11:09:00,76.6
2017-02-27,11:19:00,77.9
2017-02-27,11:29:00,75.8
2017-02-27,11:39:00,75.8
2017-02-27,11:49:00,76.7
2017-02-27,11:59:00,75.9
2017-02-27,12:09:00,77.1
2017-02-27,12:19:00,74.1
2017-02-27,12:29:00,77.7
2017-02-27,12:39:00,77.4
2017-02-27,12:49:00,77.1
2017-02-27,12:59:00,78.2
2017-02-27,13:09:00,76.2
2017-02-27,13:19:00,78.3
2017-02-27,13:29:00,76
2017-02-27,13:39:00,75.4
2017-02-27,13:49:00,76
2017-02-27,13:59:00,78.9
2017-02-27,14:09:00,78
2017-02-27,14:19:00,76.5
2017-02-27,14:29:00,79.1
2017-02-27,14:39:00,76.8
2017-02-27,14:49:00,79.2
2017-02-27,14:59:00,77.5
2017-02-27,15:09:00,78.4
2017-02-27,15:19:00,77.9
2017-02-27,15:29:00,77.4
2017-02-27,15:39:00,76.1
2017-02-27,15:49:00,75.8
2017-02-27,15:59:00,76.2
2017-02-27,16:09:00,76.4
2017-02-27,16:19:00,75.8
2017-02-27,16:29:00,74.5
2017-02-27,16:39:00,74.8
2017-02-27,16:49:00,76.6
2017-02-27,16:59:00,76
2017-02-27,17:09:00,75.5
2017-02-27,17:19:00,73.5
2017-02-27,17:29:00,74.6
2017-02-27,17:39:00,76
2017-02-27,17:49:00,78.6
2017-02-27,17:59:00,79.5
2017-02-27,18:09:00,78.5
2017-02-27,18:19:00,77.4
2017-02-27,18:29:00,74.7
2017-02-27,18:39:00,74.6
2017-02-27,18:49:00,77.5
2017-02-27,18:59:00,75.7
2017-02-27,19:09:00,80
2017-02-27,19:19:00,77.7
2017-02-27,19:29:00,75
2017-02-27,19:39:00,75.8
2017-02-27,19:49:00,77.3
2017-02-27,19:59:00,78.1
2017-02-27,20:09:00,73.7
2017-02-27,20:19:00,75.1
2017-02-27,20:29:00,77.3
2017-02-27,20:39:00,76.3
2017-02-27,20:49:00,75.2
2017-02-27,20:59:00,76.8
2017-02-27,21:09:00,76
2017-02-27,21:19:00,77.1
2017-02-27,21:29:00,75.7
2017-02-27,21:39:00,78.8
2017-02-27,21:49:00,76.8
2017-02-27,21:59:00,76.8
2017-02-27,22:09:00,80.2
2017-02-27,22:19:00,74.9
2017-02-27,22:29:00,79.3
2017-02-27,22:39:00,77.3
2017-02-27,22:49:00,78.8
2017-02-27,22:59:00,79.2
2017-02-27,23:09:00,75.8
2017-02-27,23:19:00,75.7
2017-02-27,23:29:00,77
2017-02-27,23:39:00,74.3
2017-02-27,23:49:00,76.4
2017-02-27,23:59:00,77.3
